sim_clct0_pid,sim_clct0_nhit,sim_clct0_cc_code,sim_clct0_bend,sim_clct0_slope,sim_clct0_KeyHalfStrip,sim_clct0_KeyQuartStrip,sim_clct0_KeyEighthStrip,sim_clct1_pid,sim_clct1_nhit,sim_clct1_cc_code,sim_clct1_bend,sim_clct1_slope,sim_clct1_KeyHalfStrip,sim_clct1_KeyQuartStrip,sim_clct1_KeyEighthStrip
10,5,4047,0,0,138,276,553,0,0,0,0,0,0,0,0
10,5,2759,0,0,212,425,850,0,0,0,0,0,0,0,0
10,5,3327,1,0,220,440,881,0,0,0,0,0,0,0,0
10,5,4092,0,0,130,260,521,0,0,0,0,0,0,0,0
10,6,4095,1,0,132,264,529,0,0,0,0,0,0,0,0
10,6,4095,1,0,90,180,361,0,0,0,0,0,0,0,0
4,5,379,0,9,43,87,175,0,0,0,0,0,0,0,0
10,6,1958,1,0,102,204,408,0,0,0,0,0,0,0,0
10,4,1256,0,1,4,9,18,0,0,0,0,0,0,0,0
10,4,3315,0,0,27,54,109,0,0,0,0,0,0,0,0
10,6,4095,1,0,48,96,193,0,0,0,0,0,0,0,0
10,6,4095,1,0,81,162,325,0,0,0,0,0,0,0,0
10,6,4095,1,0,114,228,457,0,0,0,0,0,0,0,0
10,6,4095,1,0,12,24,49,0,0,0,0,0,0,0,0
9,5,3893,1,3,109,218,437,0,0,0,0,0,0,0,0
10,6,4095,1,0,73,146,293,0,0,0,0,0,0,0,0
10,6,4095,1,0,56,112,225,0,0,0,0,0,0,0,0
10,5,1023,1,0,138,276,553,0,0,0,0,0,0,0,0
0,0,0,0,0,0,0,0,0,0,0,0,0,0,0,0
10,6,3837,1,1,214,429,859,8,5,923,0,5,205,410,820
10,6,4095,1,0,152,304,609,0,0,0,0,0,0,0,0
10,6,4095,1,0,198,396,793,0,0,0,0,0,0,0,0
10,5,3903,0,0,57,114,229,0,0,0,0,0,0,0,0
10,6,4095,1,0,68,136,273,0,0,0,0,0,0,0,0
10,5,2702,0,0,9,19,38,0,0,0,0,0,0,0,0
10,6,4095,1,0,119,238,477,0,0,0,0,0,0,0,0
10,6,4095,1,0,168,336,673,0,0,0,0,0,0,0,0
10,6,4095,1,0,184,368,737,10,4,2016,0,2,211,422,844
10,6,2795,0,0,22,45,91,0,0,0,0,0,0,0,0
10,5,2862,1,0,6,13,27,10,4,191,0,2,14,28,56
10,4,2016,0,2,113,226,452,0,0,0,0,0,0,0,0
0,0,0,0,0,0,0,0,0,0,0,0,0,0,0,0
10,6,3770,1,0,140,281,562,0,0,0,0,0,0,0,0
7,4,230,1,8,182,364,728,0,0,0,0,0,0,0,0
3,4,476,1,12,132,265,530,0,0,0,0,0,0,0,0
9,6,3067,1,5,194,389,778,3,5,1815,1,12,184,368,737
10,6,4095,1,0,193,386,773,0,0,0,0,0,0,0,0
10,6,4095,1,0,157,314,629,0,0,0,0,0,0,0,0
10,4,4044,0,0,59,118,237,0,0,0,0,0,0,0,0
2,5,1788,0,15,36,72,144,0,0,0,0,0,0,0,0
10,5,4092,0,0,69,138,277,0,0,0,0,0,0,0,0
2,5,3883,0,12,51,103,207,3,4,4036,1,15,56,112,224
6,6,2746,0,6,55,111,223,0,0,0,0,0,0,0,0
10,4,2339,0,2,132,265,530,0,0,0,0,0,0,0,0
10,5,4083,0,0,219,438,877,0,0,0,0,0,0,0,0
10,6,4095,1,0,131,262,525,0,0,0,0,0,0,0,0
0,0,0,0,0,0,0,0,0,0,0,0,0,0,0,0
10,5,4047,0,0,122,244,489,0,0,0,0,0,0,0,0
10,6,3755,1,0,4,9,18,10,4,500,1,0,12,24,49
10,5,1006,1,1,31,62,124,0,0,0,0,0,0,0,0
10,5,3492,1,2,30,61,123,10,5,381,0,1,62,124,248
2,5,939,0,14,85,171,342,0,0,0,0,0,0,0,0
3,5,766,1,14,30,60,120,0,0,0,0,0,0,0,0
10,4,3850,1,1,91,183,367,9,4,2296,1,5,73,147,294
3,4,3784,1,14,20,41,82,0,0,0,0,0,0,0,0
10,6,2747,0,1,74,149,299,0,0,0,0,0,0,0,0
10,6,4095,1,0,54,108,217,0,0,0,0,0,0,0,0
10,6,4031,0,0,115,230,461,0,0,0,0,0,0,0,0
10,6,4075,1,0,8,16,32,10,5,2373,1,1,13,26,53
10,4,3660,0,0,118,237,474,0,0,0,0,0,0,0,0
9,5,2792,1,5,30,60,121,0,0,0,0,0,0,0,0
0,0,0,0,0,0,0,0,0,0,0,0,0,0,0,0
0,0,0,0,0,0,0,0,0,0,0,0,0,0,0,0
3,4,2882,1,13,206,413,826,0,0,0,0,0,0,0,0
0,0,0,0,0,0,0,0,0,0,0,0,0,0,0,0
10,5,3790,1,0,61,123,247,0,0,0,0,0,0,0,0
10,6,4095,1,0,67,134,269,0,0,0,0,0,0,0,0
10,5,3903,0,0,139,278,557,0,0,0,0,0,0,0,0
10,4,3135,1,0,211,422,845,0,0,0,0,0,0,0,0
10,6,4095,1,0,122,244,489,0,0,0,0,0,0,0,0
10,6,2719,0,1,4,9,18,3,4,673,1,15,9,18,37
10,6,4031,0,0,7,14,29,0,0,0,0,0,0,0,0
10,6,3774,1,0,124,249,499,0,0,0,0,0,0,0,0
10,4,3271,1,1,118,237,475,0,0,0,0,0,0,0,0
9,5,1013,1,4,134,269,538,0,0,0,0,0,0,0,0
0,0,0,0,0,0,0,0,0,0,0,0,0,0,0,0
10,5,1022,1,1,27,54,108,0,0,0,0,0,0,0,0
10,6,4095,1,0,102,204,409,0,0,0,0,0,0,0,0
0,0,0,0,0,0,0,0,0,0,0,0,0,0,0,0
10,6,2987,0,0,74,149,299,0,0,0,0,0,0,0,0
10,6,4095,1,0,51,102,205,0,0,0,0,0,0,0,0
5,4,348,1,11,73,146,292,0,0,0,0,0,0,0,0
10,6,4095,1,0,95,190,381,0,0,0,0,0,0,0,0
10,6,4095,1,0,31,62,125,0,0,0,0,0,0,0,0
0,0,0,0,0,0,0,0,0,0,0,0,0,0,0,0
0,0,0,0,0,0,0,0,0,0,0,0,0,0,0,0
10,6,1466,0,2,187,374,749,0,0,0,0,0,0,0,0
10,6,4095,1,0,164,328,657,0,0,0,0,0,0,0,0
10,6,4031,0,0,29,58,117,0,0,0,0,0,0,0,0
3,5,1023,1,14,56,113,226,2,5,3899,0,13,80,160,320
2,5,3068,0,15,75,150,300,0,0,0,0,0,0,0,0
0,0,0,0,0,0,0,0,0,0,0,0,0,0,0,0
10,5,3327,1,0,29,58,117,0,0,0,0,0,0,0,0
3,4,996,1,15,82,164,328,0,0,0,0,0,0,0,0
10,6,2926,0,0,63,127,254,0,0,0,0,0,0,0,0
10,6,4095,1,0,12,24,49,0,0,0,0,0,0,0,0
10,6,3067,0,0,113,226,452,0,0,0,0,0,0,0,0
10,6,4010,1,1,88,177,354,0,0,0,0,0,0,0,0
10,6,4093,1,2,36,73,147,0,0,0,0,0,0,0,0
0,0,0,0,0,0,0,0,0,0,0,0,0,0,0,0
10,6,4095,1,0,23,46,93,5,5,3305,1,9,29,58,116
10,6,4095,1,0,106,212,425,0,0,0,0,0,0,0,0
10,6,4095,1,0,121,242,485,0,0,0,0,0,0,0,0
10,6,4095,1,0,3,6,13,0,0,0,0,0,0,0,0
10,6,3758,1,0,7,15,30,0,0,0,0,0,0,0,0
10,5,746,1,0,138,277,554,0,0,0,0,0,0,0,0
10,6,4095,1,0,213,426,853,0,0,0,0,0,0,0,0
0,0,0,0,0,0,0,0,0,0,0,0,0,0,0,0
10,6,4095,1,0,30,60,121,0,0,0,0,0,0,0,0
10,4,3744,1,2,98,196,392,0,0,0,0,0,0,0,0
10,5,4047,0,0,12,24,49,0,0,0,0,0,0,0,0
10,6,4095,1,0,114,228,457,0,0,0,0,0,0,0,0
10,5,1274,0,1,189,379,758,0,0,0,0,0,0,0,0
10,6,4095,1,0,164,328,657,0,0,0,0,0,0,0,0
10,4,255,0,0,34,68,137,0,0,0,0,0,0,0,0
10,5,958,1,0,83,166,332,8,5,2804,0,4,113,227,455
10,6,4091,1,0,37,74,148,0,0,0,0,0,0,0,0
10,6,2746,0,0,88,177,354,0,0,0,0,0,0,0,0
10,6,1787,0,2,33,67,135,0,0,0,0,0,0,0,0
10,6,2746,0,0,105,211,422,0,0,0,0,0,0,0,0
0,0,0,0,0,0,0,0,0,0,0,0,0,0,0,0
4,5,4066,0,11,12,25,50,9,4,1868,1,3,34,68,137
10,4,3099,1,0,111,223,446,0,0,0,0,0,0,0,0
10,5,750,0,0,133,267,535,0,0,0,0,0,0,0,0
10,5,767,0,1,88,176,352,9,4,2867,1,4,98,197,395
10,5,4092,0,0,192,384,769,0,0,0,0,0,0,0,0
10,6,3839,0,0,159,318,637,0,0,0,0,0,0,0,0
0,0,0,0,0,0,0,0,0,0,0,0,0,0,0,0
10,4,234,1,2,51,103,207,0,0,0,0,0,0,0,0
10,6,4095,1,0,105,210,421,0,0,0,0,0,0,0,0
10,6,4095,1,0,94,188,377,10,4,3009,1,2,100,200,401
10,4,3228,1,1,43,87,174,0,0,0,0,0,0,0,0
4,6,1387,0,9,87,175,350,0,0,0,0,0,0,0,0
10,4,3891,0,0,25,50,101,0,0,0,0,0,0,0,0
3,5,2237,1,13,176,353,706,0,0,0,0,0,0,0,0
10,5,3899,1,0,160,320,640,0,0,0,0,0,0,0,0
10,6,4095,1,0,139,278,557,0,0,0,0,0,0,0,0
10,6,4079,1,0,213,426,852,0,0,0,0,0,0,0,0
8,5,383,0,4,193,387,774,0,0,0,0,0,0,0,0
10,6,4095,1,0,167,334,669,0,0,0,0,0,0,0,0
10,5,3903,0,0,32,64,129,0,0,0,0,0,0,0,0
10,4,4035,1,0,94,188,377,0,0,0,0,0,0,0,0
10,5,1018,1,2,137,274,548,9,4,901,1,4,162,324,648
10,5,4083,0,0,198,396,793,0,0,0,0,0,0,0,0
8,4,1936,0,4,202,404,809,0,0,0,0,0,0,0,0
10,6,2810,1,0,170,341,682,0,0,0,0,0,0,0,0
10,6,4095,1,0,107,214,429,0,0,0,0,0,0,0,0
10,6,3775,0,0,22,44,88,0,0,0,0,0,0,0,0
10,4,231,1,0,96,193,386,0,0,0,0,0,0,0,0
10,5,763,0,0,11,22,44,0,0,0,0,0,0,0,0
10,5,685,1,0,54,108,217,0,0,0,0,0,0,0,0
10,6,2794,1,0,21,43,86,10,5,2552,0,1,15,31,63
8,4,1196,0,3,5,11,22,0,0,0,0,0,0,0,0
10,6,4095,1,0,112,224,449,0,0,0,0,0,0,0,0
10,5,4083,0,0,211,422,845,0,0,0,0,0,0,0,0
10,5,2838,1,1,138,276,552,0,0,0,0,0,0,0,0
0,0,0,0,0,0,0,0,0,0,0,0,0,0,0,0
10,6,4095,1,0,20,40,81,0,0,0,0,0,0,0,0
10,6,4095,1,0,105,210,421,0,0,0,0,0,0,0,0
10,6,4095,1,0,69,138,277,0,0,0,0,0,0,0,0
10,4,254,1,2,81,162,325,0,0,0,0,0,0,0,0
0,0,0,0,0,0,0,0,0,0,0,0,0,0,0,0
0,0,0,0,0,0,0,0,0,0,0,0,0,0,0,0
10,6,4095,1,0,179,358,717,0,0,0,0,0,0,0,0
10,6,4079,1,0,173,346,692,0,0,0,0,0,0,0,0
10,6,3775,0,0,113,226,452,0,0,0,0,0,0,0,0
10,6,2746,0,0,14,29,58,0,0,0,0,0,0,0,0
10,6,3771,0,0,30,61,123,0,0,0,0,0,0,0,0
10,6,4030,1,0,98,196,392,0,0,0,0,0,0,0,0
10,6,4095,1,0,28,56,113,0,0,0,0,0,0,0,0
10,6,4095,1,0,101,202,405,0,0,0,0,0,0,0,0
10,5,4092,0,0,171,342,685,0,0,0,0,0,0,0,0
0,0,0,0,0,0,0,0,0,0,0,0,0,0,0,0
10,6,4014,1,1,118,237,475,0,0,0,0,0,0,0,0
9,6,3051,1,5,132,265,530,0,0,0,0,0,0,0,0
10,5,4083,0,0,7,14,29,0,0,0,0,0,0,0,0
6,6,2671,0,7,213,426,852,0,0,0,0,0,0,0,0
10,6,4095,1,0,107,214,429,0,0,0,0,0,0,0,0
10,6,4095,1,0,21,42,85,0,0,0,0,0,0,0,0
7,5,1003,1,6,115,231,462,0,0,0,0,0,0,0,0
3,5,2278,1,14,102,204,409,10,4,191,0,2,114,228,456
0,0,0,0,0,0,0,0,0,0,0,0,0,0,0,0
0,0,0,0,0,0,0,0,0,0,0,0,0,0,0,0
10,6,4095,1,0,71,142,285,0,0,0,0,0,0,0,0
0,0,0,0,0,0,0,0,0,0,0,0,0,0,0,0
10,6,2731,0,1,207,415,830,0,0,0,0,0,0,0,0
9,5,2363,1,4,143,286,573,9,4,3635,1,5,151,303,607
10,4,827,1,0,219,438,876,0,0,0,0,0,0,0,0
10,6,4095,1,0,134,268,537,0,0,0,0,0,0,0,0
3,6,3774,1,13,134,269,539,9,4,213,1,4,146,292,584
8,5,2877,0,5,217,434,868,0,0,0,0,0,0,0,0
7,4,1797,1,7,139,278,557,0,0,0,0,0,0,0,0
10,6,2795,0,0,190,381,763,0,0,0,0,0,0,0,0
10,6,4095,1,0,179,358,717,10,4,3147,0,0,191,383,766
10,6,4095,1,0,173,346,693,0,0,0,0,0,0,0,0
10,6,4095,1,0,55,110,221,0,0,0,0,0,0,0,0
10,6,4095,1,0,70,140,281,0,0,0,0,0,0,0,0
10,6,4091,1,0,176,352,704,0,0,0,0,0,0,0,0
10,6,2750,0,0,174,349,699,0,0,0,0,0,0,0,0
9,4,2380,1,3,209,418,836,0,0,0,0,0,0,0,0
10,5,3327,1,0,133,266,533,0,0,0,0,0,0,0,0
0,0,0,0,0,0,0,0,0,0,0,0,0,0,0,0
10,6,4007,1,1,141,283,566,10,5,2674,0,0,132,264,529
10,5,1341,0,1,182,364,728,10,5,3480,1,1,205,411,823
0,0,0,0,0,0,0,0,0,0,0,0,0,0,0,0
3,6,2734,1,13,143,287,574,0,0,0,0,0,0,0,0
10,5,1747,0,2,204,409,818,0,0,0,0,0,0,0,0
10,4,2596,1,1,162,325,651,0,0,0,0,0,0,0,0
10,6,2779,0,0,199,399,798,0,0,0,0,0,0,0,0
0,0,0,0,0,0,0,0,0,0,0,0,0,0,0,0
10,5,4051,1,0,164,329,659,10,4,3299,1,0,159,318,636
10,6,3759,0,0,186,373,747,0,0,0,0,0,0,0,0
10,5,2787,0,1,50,101,203,0,0,0,0,0,0,0,0
10,5,1863,0,1,118,236,472,4,4,1667,0,9,53,106,213
10,4,3056,0,2,203,407,814,0,0,0,0,0,0,0,0
9,4,4048,1,4,110,221,443,0,0,0,0,0,0,0,0
10,5,3789,1,1,29,59,118,9,4,4033,1,3,36,72,145
10,4,831,1,0,110,220,441,0,0,0,0,0,0,0,0
10,6,4095,1,0,206,412,825,0,0,0,0,0,0,0,0
4,6,3798,0,11,162,324,648,8,4,175,0,3,132,265,530
10,5,2540,0,2,219,439,879,6,4,1952,0,7,185,370,740
10,6,4095,1,0,207,414,829,0,0,0,0,0,0,0,0
10,6,4095,1,0,144,288,577,0,0,0,0,0,0,0,0
10,6,3070,1,0,201,402,804,0,0,0,0,0,0,0,0
10,6,4095,1,0,150,300,601,0,0,0,0,0,0,0,0
10,6,4095,1,0,47,94,189,0,0,0,0,0,0,0,0
10,6,3754,1,1,78,156,313,0,0,0,0,0,0,0,0
10,6,4095,1,0,112,224,449,0,0,0,0,0,0,0,0
6,5,378,0,8,6,13,26,0,0,0,0,0,0,0,0
6,6,3711,0,7,105,210,421,0,0,0,0,0,0,0,0
10,5,1023,1,0,124,248,497,0,0,0,0,0,0,0,0
10,5,1023,1,0,6,12,25,0,0,0,0,0,0,0,0
10,6,4095,1,0,5,10,21,0,0,0,0,0,0,0,0
10,6,4095,1,0,123,246,493,0,0,0,0,0,0,0,0
10,4,1011,0,0,185,370,741,0,0,0,0,0,0,0,0
0,0,0,0,0,0,0,0,0,0,0,0,0,0,0,0
9,4,647,1,4,139,279,559,0,0,0,0,0,0,0,0
0,0,0,0,0,0,0,0,0,0,0,0,0,0,0,0
10,4,174,0,0,4,9,18,0,0,0,0,0,0,0,0
10,6,4091,1,0,203,406,812,0,0,0,0,0,0,0,0
10,5,2333,0,0,161,323,647,0,0,0,0,0,0,0,0
10,4,186,1,0,177,355,710,9,4,2204,1,4,133,266,532
10,6,4095,1,0,194,388,777,0,0,0,0,0,0,0,0
10,6,4095,1,0,87,174,349,0,0,0,0,0,0,0,0
10,6,4095,1,0,39,78,157,0,0,0,0,0,0,0,0
8,4,87,0,4,162,325,650,0,0,0,0,0,0,0,0
10,6,3839,0,0,71,142,285,0,0,0,0,0,0,0,0
3,6,4095,1,13,65,131,262,0,0,0,0,0,0,0,0
10,6,4095,1,0,18,36,73,0,0,0,0,0,0,0,0
10,5,4042,1,1,97,195,391,10,5,2239,0,1,108,216,432
9,5,2396,1,4,100,201,403,0,0,0,0,0,0,0,0
10,4,1299,0,2,5,10,20,0,0,0,0,0,0,0,0
10,6,4095,1,0,7,14,29,0,0,0,0,0,0,0,0
10,6,4095,1,0,200,400,801,0,0,0,0,0,0,0,0
0,0,0,0,0,0,0,0,0,0,0,0,0,0,0,0
6,4,3660,0,6,121,242,484,0,0,0,0,0,0,0,0
3,6,1882,1,13,89,178,356,0,0,0,0,0,0,0,0
9,6,2775,1,5,6,13,27,0,0,0,0,0,0,0,0
10,6,4095,1,0,24,48,97,0,0,0,0,0,0,0,0
10,6,4095,1,0,72,144,289,0,0,0,0,0,0,0,0
10,5,2984,1,0,53,106,213,0,0,0,0,0,0,0,0
9,6,1978,1,5,110,220,440,10,5,702,0,0,122,245,491
3,6,2734,1,13,25,51,102,10,5,1018,1,2,8,16,32
7,5,3028,1,8,35,71,142,2,4,2497,0,12,28,57,114
10,6,4095,1,0,47,94,189,0,0,0,0,0,0,0,0
10,6,4095,1,0,81,162,325,0,0,0,0,0,0,0,0
10,6,4095,1,0,166,332,665,10,4,3113,1,2,160,320,641
2,5,2443,0,14,171,342,685,0,0,0,0,0,0,0,0
0,0,0,0,0,0,0,0,0,0,0,0,0,0,0,0
10,4,4080,0,0,47,94,189,0,0,0,0,0,0,0,0
10,4,255,0,0,181,362,725,3,4,916,1,15,97,195,390
10,6,4011,1,0,132,265,531,0,0,0,0,0,0,0,0
10,6,4015,1,0,133,266,532,2,4,1744,0,14,158,316,632
10,5,3903,0,0,218,436,873,0,0,0,0,0,0,0,0
10,6,4095,1,0,188,376,753,0,0,0,0,0,0,0,0
10,6,4095,1,0,164,328,657,0,0,0,0,0,0,0,0
0,0,0,0,0,0,0,0,0,0,0,0,0,0,0,0
3,5,510,1,12,134,269,539,0,0,0,0,0,0,0,0
10,6,2798,0,0,122,245,491,0,0,0,0,0,0,0,0
10,6,4095,1,0,4,8,17,0,0,0,0,0,0,0,0
10,5,3903,0,0,4,8,17,0,0,0,0,0,0,0,0
10,5,3903,0,0,122,244,489,0,0,0,0,0,0,0,0
10,6,1770,0,0,46,92,185,0,0,0,0,0,0,0,0
10,6,4095,1,0,80,160,321,0,0,0,0,0,0,0,0
0,0,0,0,0,0,0,0,0,0,0,0,0,0,0,0
10,5,4083,0,0,30,60,121,0,0,0,0,0,0,0,0
6,5,3772,0,6,90,180,361,0,0,0,0,0,0,0,0
10,5,3327,1,0,165,330,661,0,0,0,0,0,0,0,0
9,6,4021,1,3,186,372,745,0,0,0,0,0,0,0,0
10,6,4095,1,0,26,52,105,0,0,0,0,0,0,0,0
10,5,1023,1,0,103,206,413,0,0,0,0,0,0,0,0
10,6,2794,1,0,140,281,562,0,0,0,0,0,0,0,0
10,6,4095,1,0,210,420,841,0,0,0,0,0,0,0,0
10,6,4095,1,0,91,182,365,0,0,0,0,0,0,0,0
10,5,4092,0,0,38,76,153,0,0,0,0,0,0,0,0
10,6,4095,1,0,21,42,85,0,0,0,0,0,0,0,0
10,6,4079,1,0,108,216,432,0,0,0,0,0,0,0,0
10,6,2749,1,0,153,307,614,0,0,0,0,0,0,0,0
10,6,4095,1,0,199,398,797,0,0,0,0,0,0,0,0
10,5,1023,1,0,186,372,745,0,0,0,0,0,0,0,0
10,6,3054,1,0,165,331,663,0,0,0,0,0,0,0,0
10,4,651,0,1,111,223,446,0,0,0,0,0,0,0,0
10,6,4091,1,0,14,28,56,0,0,0,0,0,0,0,0
0,0,0,0,0,0,0,0,0,0,0,0,0,0,0,0
10,4,2574,0,0,37,75,150,0,0,0,0,0,0,0,0
10,6,3067,0,0,91,182,364,8,4,2117,0,4,104,209,419
3,6,3754,1,14,17,35,70,5,4,233,1,10,34,68,137
9,4,253,1,4,86,172,344,0,0,0,0,0,0,0,0
10,5,2703,0,1,41,83,167,10,4,433,1,0,47,94,188
0,0,0,0,0,0,0,0,0,0,0,0,0,0,0,0
10,6,1497,0,0,29,59,119,6,6,4031,0,6,13,27,54
10,5,4083,0,0,12,24,49,0,0,0,0,0,0,0,0
10,6,4095,1,0,116,232,465,0,0,0,0,0,0,0,0
10,6,4095,1,0,31,62,125,0,0,0,0,0,0,0,0
10,6,4095,1,0,95,190,381,0,0,0,0,0,0,0,0
10,5,1019,1,0,23,46,92,6,5,2509,0,6,47,95,191
10,6,2651,0,1,90,180,361,10,5,2728,0,0,96,192,385
0,0,0,0,0,0,0,0,0,0,0,0,0,0,0,0
8,5,2361,0,5,159,318,637,0,0,0,0,0,0,0,0
10,4,214,1,2,184,368,737,0,0,0,0,0,0,0,0
10,6,4095,1,0,89,178,357,0,0,0,0,0,0,0,0
10,5,4047,0,0,37,74,149,2,4,2800,0,15,33,66,132
10,6,4095,1,0,70,140,281,0,0,0,0,0,0,0,0
10,6,1469,0,1,56,112,225,8,5,3311,0,5,48,97,194
10,4,2992,0,1,164,328,656,0,0,0,0,0,0,0,0
10,6,4095,1,0,203,406,813,0,0,0,0,0,0,0,0
10,6,3755,1,0,80,161,322,0,0,0,0,0,0,0,0
10,6,3050,1,0,92,185,370,0,0,0,0,0,0,0,0
6,4,3619,0,6,42,84,169,0,0,0,0,0,0,0,0
0,0,0,0,0,0,0,0,0,0,0,0,0,0,0,0
10,6,3775,0,0,187,374,748,0,0,0,0,0,0,0,0
10,6,4095,1,0,164,328,657,0,0,0,0,0,0,0,0
10,5,3327,1,0,37,74,149,0,0,0,0,0,0,0,0
10,6,4095,1,0,91,182,365,0,0,0,0,0,0,0,0
10,6,3071,0,1,220,440,881,0,0,0,0,0,0,0,0
0,0,0,0,0,0,0,0,0,0,0,0,0,0,0,0
10,6,1629,0,0,132,265,531,0,0,0,0,0,0,0,0
10,6,4010,1,1,131,263,526,0,0,0,0,0,0,0,0
0,0,0,0,0,0,0,0,0,0,0,0,0,0,0,0
10,6,4095,1,0,56,112,225,0,0,0,0,0,0,0,0
10,6,4091,1,0,69,138,276,0,0,0,0,0,0,0,0
10,6,2814,0,0,157,315,631,0,0,0,0,0,0,0,0
10,6,2799,0,1,195,390,780,0,0,0,0,0,0,0,0
10,5,4092,0,0,93,186,373,10,4,466,0,0,75,150,300
9,6,2731,1,4,137,274,548,8,5,363,0,4,152,304,608
0,0,0,0,0,0,0,0,0,0,0,0,0,0,0,0
0,0,0,0,0,0,0,0,0,0,0,0,0,0,0,0
10,5,2266,1,0,141,282,565,0,0,0,0,0,0,0,0
10,6,2686,0,1,176,353,706,0,0,0,0,0,0,0,0
0,0,0,0,0,0,0,0,0,0,0,0,0,0,0,0
8,4,3149,0,4,72,145,291,0,0,0,0,0,0,0,0
10,6,3050,1,0,100,201,402,0,0,0,0,0,0,0,0
2,5,859,0,14,13,26,52,3,5,3432,1,14,34,69,139
10,6,2727,0,0,67,134,269,0,0,0,0,0,0,0,0
10,5,4092,0,0,59,118,237,0,0,0,0,0,0,0,0
8,6,2742,0,5,121,243,486,0,0,0,0,0,0,0,0
6,6,1946,0,6,46,93,186,10,5,758,1,1,34,69,138
9,4,837,1,3,122,245,491,0,0,0,0,0,0,0,0
10,6,2986,1,0,16,32,65,0,0,0,0,0,0,0,0
10,6,4095,1,0,109,218,437,0,0,0,0,0,0,0,0
10,6,3839,0,0,83,166,333,0,0,0,0,0,0,0,0
10,6,4095,1,0,46,92,185,0,0,0,0,0,0,0,0
10,5,3762,1,0,148,297,594,0,0,0,0,0,0,0,0
10,6,4031,0,0,201,402,805,0,0,0,0,0,0,0,0
10,6,4095,1,0,92,184,369,0,0,0,0,0,0,0,0
10,6,4095,1,0,34,68,137,0,0,0,0,0,0,0,0
10,6,4095,1,0,188,376,753,0,0,0,0,0,0,0,0
10,5,3882,1,1,162,325,650,0,0,0,0,0,0,0,0
0,0,0,0,0,0,0,0,0,0,0,0,0,0,0,0
10,6,4095,1,0,89,178,357,0,0,0,0,0,0,0,0
10,6,4095,1,0,40,80,161,0,0,0,0,0,0,0,0
10,6,2990,0,0,49,99,198,6,6,1791,0,8,36,72,145
3,5,4084,1,15,83,167,334,9,4,230,1,3,24,49,98
10,6,4095,1,0,186,372,745,0,0,0,0,0,0,0,0
10,5,4092,0,0,164,328,657,0,0,0,0,0,0,0,0
10,6,4095,1,0,92,184,369,0,0,0,0,0,0,0,0
7,4,3552,1,6,10,20,40,3,4,3792,1,15,52,105,211
0,0,0,0,0,0,0,0,0,0,0,0,0,0,0,0
10,6,2794,1,0,97,195,390,10,5,762,1,0,91,183,367
0,0,0,0,0,0,0,0,0,0,0,0,0,0,0,0
10,6,3413,1,2,31,63,126,0,0,0,0,0,0,0,0
10,6,4095,1,0,40,80,161,0,0,0,0,0,0,0,0
10,6,4095,1,0,89,178,357,0,0,0,0,0,0,0,0
10,6,4095,1,0,112,224,449,0,0,0,0,0,0,0,0
10,6,2794,1,0,16,33,66,10,5,1884,0,1,70,140,281
10,5,4042,1,1,197,395,791,0,0,0,0,0,0,0,0
10,4,2976,1,0,145,290,581,0,0,0,0,0,0,0,0
10,5,3903,0,0,147,294,589,0,0,0,0,0,0,0,0
10,4,254,1,2,216,432,865,0,0,0,0,0,0,0,0
9,5,494,1,4,84,168,336,9,5,2940,1,4,110,221,442
0,0,0,0,0,0,0,0,0,0,0,0,0,0,0,0
10,4,2444,0,2,71,143,287,7,4,2032,1,8,64,128,256
10,6,4095,1,0,194,388,777,0,0,0,0,0,0,0,0
10,6,4095,1,0,157,314,629,0,0,0,0,0,0,0,0
10,5,4083,0,0,90,180,361,0,0,0,0,0,0,0,0
10,6,4095,1,0,36,72,145,0,0,0,0,0,0,0,0
10,6,4095,1,0,79,158,317,0,0,0,0,0,0,0,0
8,6,3509,0,3,47,94,189,0,0,0,0,0,0,0,0
10,5,3903,0,0,190,380,761,0,0,0,0,0,0,0,0
0,0,0,0,0,0,0,0,0,0,0,0,0,0,0,0
10,6,4095,1,0,56,112,225,0,0,0,0,0,0,0,0
10,6,4095,1,0,69,138,277,0,0,0,0,0,0,0,0
10,4,1020,1,0,203,406,813,0,0,0,0,0,0,0,0
10,6,3753,1,2,147,294,588,10,5,3410,1,0,154,309,619
10,6,2746,0,0,152,305,610,0,0,0,0,0,0,0,0
10,5,1481,0,0,214,429,859,0,0,0,0,0,0,0,0
10,4,1858,0,0,161,322,644,8,4,1011,0,5,214,429,859
5,4,3873,1,9,205,411,823,0,0,0,0,0,0,0,0
9,6,2479,1,3,65,130,261,0,0,0,0,0,0,0,0
9,4,250,1,3,65,130,260,0,0,0,0,0,0,0,0
10,6,4075,1,0,103,206,412,5,6,2815,1,11,112,224,449
10,6,3007,0,1,26,52,104,0,0,0,0,0,0,0,0
10,4,3900,0,0,212,424,849,0,0,0,0,0,0,0,0
10,4,191,0,2,135,270,540,0,0,0,0,0,0,0,0
10,6,3679,0,0,219,439,878,10,5,1733,1,1,208,417,835
10,4,555,0,1,173,347,694,0,0,0,0,0,0,0,0
10,5,2995,0,1,164,328,656,0,0,0,0,0,0,0,0
10,6,3834,1,1,186,373,747,0,0,0,0,0,0,0,0
10,6,3839,0,0,117,234,469,10,5,3836,0,0,95,190,381
10,5,1814,1,0,4,9,19,0,0,0,0,0,0,0,0
10,4,3315,0,0,11,22,45,0,0,0,0,0,0,0,0
10,4,2323,0,1,123,246,493,0,0,0,0,0,0,0,0
0,0,0,0,0,0,0,0,0,0,0,0,0,0,0,0
8,4,1087,0,3,149,299,599,0,0,0,0,0,0,0,0
10,6,4091,1,0,186,372,744,0,0,0,0,0,0,0,0
10,5,4092,0,0,176,352,705,0,0,0,0,0,0,0,0
10,6,4095,1,0,175,350,701,0,0,0,0,0,0,0,0
0,0,0,0,0,0,0,0,0,0,0,0,0,0,0,0
0,0,0,0,0,0,0,0,0,0,0,0,0,0,0,0
10,5,4083,0,0,65,130,261,0,0,0,0,0,0,0,0
0,0,0,0,0,0,0,0,0,0,0,0,0,0,0,0
10,4,1016,1,2,72,144,288,0,0,0,0,0,0,0,0
10,5,3327,1,0,88,176,353,0,0,0,0,0,0,0,0
10,6,3818,1,1,38,77,154,0,0,0,0,0,0,0,0
10,6,4010,1,1,122,245,490,8,4,1551,0,3,116,233,467
9,4,920,1,3,7,14,28,0,0,0,0,0,0,0,0
10,5,1214,0,2,16,33,66,0,0,0,0,0,0,0,0
10,6,4095,1,0,123,246,493,0,0,0,0,0,0,0,0
10,6,4095,1,0,107,214,429,0,0,0,0,0,0,0,0
10,5,730,1,0,20,40,81,0,0,0,0,0,0,0,0
10,5,3327,1,0,135,270,541,0,0,0,0,0,0,0,0
10,5,4083,0,0,216,432,865,0,0,0,0,0,0,0,0
10,4,4044,0,0,133,266,533,2,4,1668,0,13,143,287,575
10,5,3903,0,0,219,438,877,0,0,0,0,0,0,0,0
10,6,4095,1,0,206,412,825,0,0,0,0,0,0,0,0
10,4,3135,1,0,144,288,577,0,0,0,0,0,0,0,0
10,6,4095,1,0,116,232,465,0,0,0,0,0,0,0,0
10,6,3051,0,0,12,25,51,0,0,0,0,0,0,0,0
10,6,2795,0,0,72,145,291,0,0,0,0,0,0,0,0
10,6,4095,1,0,53,106,213,0,0,0,0,0,0,0,0
8,4,1760,0,3,204,408,816,0,0,0,0,0,0,0,0
10,5,3811,0,0,59,118,236,0,0,0,0,0,0,0,0
0,0,0,0,0,0,0,0,0,0,0,0,0,0,0,0
0,0,0,0,0,0,0,0,0,0,0,0,0,0,0,0
10,6,4095,1,0,138,276,553,0,0,0,0,0,0,0,0
10,5,2871,1,0,212,425,851,0,0,0,0,0,0,0,0
10,6,4095,1,0,157,314,629,0,0,0,0,0,0,0,0
10,4,171,0,2,157,314,629,0,0,0,0,0,0,0,0
10,4,1225,1,0,133,266,532,0,0,0,0,0,0,0,0
10,6,3670,1,1,192,385,771,0,0,0,0,0,0,0,0
10,6,4095,1,0,21,42,85,0,0,0,0,0,0,0,0
10,6,4095,1,0,105,210,421,0,0,0,0,0,0,0,0
0,0,0,0,0,0,0,0,0,0,0,0,0,0,0,0
10,6,4095,1,0,137,274,549,0,0,0,0,0,0,0,0
10,4,2850,1,0,135,271,542,0,0,0,0,0,0,0,0
10,5,4047,0,0,213,426,853,0,0,0,0,0,0,0,0
10,6,2734,0,0,48,97,194,0,0,0,0,0,0,0,0
10,6,4095,1,0,80,160,321,0,0,0,0,0,0,0,0
10,6,4091,1,0,91,182,364,0,0,0,0,0,0,0,0
10,6,4031,0,0,34,68,137,4,5,2964,0,11,27,55,111
10,6,3047,1,0,11,23,46,0,0,0,0,0,0,0,0
10,5,4047,0,0,116,232,465,0,0,0,0,0,0,0,0
10,6,4095,1,0,62,124,249,0,0,0,0,0,0,0,0
7,6,3046,1,7,50,100,200,10,4,1204,0,1,67,134,268
10,6,4095,1,0,158,316,633,0,0,0,0,0,0,0,0
2,5,1458,0,14,178,356,712,0,0,0,0,0,0,0,0
10,6,4095,1,0,84,168,337,0,0,0,0,0,0,0,0
10,5,4082,1,1,40,80,160,0,0,0,0,0,0,0,0
7,6,4079,1,6,211,423,847,0,0,0,0,0,0,0,0
10,5,1593,0,0,12,24,48,0,0,0,0,0,0,0,0
0,0,0,0,0,0,0,0,0,0,0,0,0,0,0,0
10,5,4047,0,0,11,22,45,0,0,0,0,0,0,0,0
10,6,2746,0,0,22,45,90,0,0,0,0,0,0,0,0
10,5,2862,1,0,122,245,491,0,0,0,0,0,0,0,0
10,5,1023,1,0,98,196,393,0,0,0,0,0,0,0,0
10,5,1972,1,0,33,66,133,0,0,0,0,0,0,0,0
10,6,4095,1,0,179,358,717,0,0,0,0,0,0,0,0
10,5,603,0,2,160,320,640,0,0,0,0,0,0,0,0
0,0,0,0,0,0,0,0,0,0,0,0,0,0,0,0
10,6,4095,1,0,213,426,853,0,0,0,0,0,0,0,0
10,6,4095,1,0,139,278,557,0,0,0,0,0,0,0,0
10,5,1023,1,0,17,34,69,0,0,0,0,0,0,0,0
10,5,3327,1,0,109,218,437,0,0,0,0,0,0,0,0
0,0,0,0,0,0,0,0,0,0,0,0,0,0,0,0
10,5,4017,1,2,166,332,665,0,0,0,0,0,0,0,0
0,0,0,0,0,0,0,0,0,0,0,0,0,0,0,0
0,0,0,0,0,0,0,0,0,0,0,0,0,0,0,0
0,0,0,0,0,0,0,0,0,0,0,0,0,0,0,0
10,6,4095,1,0,44,88,177,0,0,0,0,0,0,0,0
10,4,3135,1,0,84,168,337,0,0,0,0,0,0,0,0
10,6,3754,1,1,171,342,685,0,0,0,0,0,0,0,0
0,0,0,0,0,0,0,0,0,0,0,0,0,0,0,0
10,4,372,0,1,22,45,91,0,0,0,0,0,0,0,0
7,5,2004,1,7,104,209,418,0,0,0,0,0,0,0,0
10,6,4015,1,0,92,184,368,0,0,0,0,0,0,0,0
10,6,4095,1,0,36,72,145,0,0,0,0,0,0,0,0
10,6,2734,0,0,122,245,490,0,0,0,0,0,0,0,0
10,6,3754,1,1,4,8,17,3,4,2384,1,15,8,16,33
10,6,2731,0,1,4,9,18,0,0,0,0,0,0,0,0
10,4,2700,0,2,95,191,383,0,0,0,0,0,0,0,0
0,0,0,0,0,0,0,0,0,0,0,0,0,0,0,0
10,6,4074,1,2,36,73,147,0,0,0,0,0,0,0,0
10,6,4095,1,0,19,38,77,0,0,0,0,0,0,0,0
10,6,4095,1,0,106,212,425,0,0,0,0,0,0,0,0
10,6,2795,0,0,112,225,451,0,0,0,0,0,0,0,0
10,4,2226,0,0,13,27,54,0,0,0,0,0,0,0,0
10,6,4095,1,0,45,90,181,0,0,0,0,0,0,0,0
8,6,3046,0,4,63,127,255,10,5,3756,0,0,83,167,335
0,0,0,0,0,0,0,0,0,0,0,0,0,0,0,0
9,6,3007,1,4,77,155,311,10,5,2785,1,1,84,168,336
10,6,4095,1,0,75,150,301,0,0,0,0,0,0,0,0
10,6,4095,1,0,54,108,217,0,0,0,0,0,0,0,0
10,5,1023,1,0,112,224,449,0,0,0,0,0,0,0,0
0,0,0,0,0,0,0,0,0,0,0,0,0,0,0,0
10,5,2298,1,0,161,323,647,0,0,0,0,0,0,0,0
10,6,2751,0,2,191,382,764,0,0,0,0,0,0,0,0
10,6,2986,1,0,56,112,225,0,0,0,0,0,0,0,0
2,6,4078,0,12,66,133,267,0,0,0,0,0,0,0,0
10,6,4095,1,0,36,72,145,0,0,0,0,0,0,0,0
10,6,4095,1,0,93,186,373,0,0,0,0,0,0,0,0
10,6,3067,0,0,176,352,704,0,0,0,0,0,0,0,0
10,6,4095,1,0,176,352,705,0,0,0,0,0,0,0,0
10,5,4083,0,0,105,210,421,0,0,0,0,0,0,0,0
10,6,3750,1,1,141,282,564,10,6,1383,0,2,159,318,636
10,5,4047,0,0,20,40,81,0,0,0,0,0,0,0,0
10,6,4095,1,0,40,80,161,0,0,0,0,0,0,0,0
10,6,4095,1,0,88,176,353,0,0,0,0,0,0,0,0
10,6,2987,0,0,14,29,59,0,0,0,0,0,0,0,0
10,5,3960,1,1,4,9,18,0,0,0,0,0,0,0,0
2,5,3655,0,13,79,158,316,0,0,0,0,0,0,0,0
6,5,3836,0,6,68,137,274,0,0,0,0,0,0,0,0
7,4,4064,1,8,3,6,13,0,0,0,0,0,0,0,0
10,6,4095,1,0,42,84,169,0,0,0,0,0,0,0,0
10,4,4035,1,0,115,230,461,0,0,0,0,0,0,0,0
10,5,1006,1,1,82,164,328,0,0,0,0,0,0,0,0
6,6,3438,0,6,113,227,455,2,4,2736,0,15,108,217,435
10,6,3071,0,1,51,102,205,0,0,0,0,0,0,0,0
10,4,255,0,0,50,100,201,0,0,0,0,0,0,0,0
10,6,1961,1,0,74,148,296,0,0,0,0,0,0,0,0
3,4,497,1,14,136,273,546,0,0,0,0,0,0,0,0
0,0,0,0,0,0,0,0,0,0,0,0,0,0,0,0
10,5,4092,0,0,197,394,789,0,0,0,0,0,0,0,0
10,4,718,0,0,183,367,735,0,0,0,0,0,0,0,0
10,6,4095,1,0,15,30,61,0,0,0,0,0,0,0,0
10,6,4095,1,0,113,226,453,0,0,0,0,0,0,0,0
10,6,2986,1,0,55,110,221,0,0,0,0,0,0,0,0
10,5,1831,0,0,122,244,489,10,4,4035,1,0,89,178,357
10,4,3891,0,0,142,284,569,0,0,0,0,0,0,0,0
10,6,3771,0,0,162,325,651,0,0,0,0,0,0,0,0
10,5,955,1,0,133,266,532,9,4,2883,1,5,168,336,672
10,4,2416,0,2,164,329,658,8,4,3598,0,5,152,304,609
10,5,1023,1,0,27,54,109,0,0,0,0,0,0,0,0
10,6,4095,1,0,41,82,165,0,0,0,0,0,0,0,0
10,5,4019,0,0,85,170,340,0,0,0,0,0,0,0,0
10,6,4095,1,0,174,348,697,0,0,0,0,0,0,0,0
10,5,3327,1,0,178,356,713,0,0,0,0,0,0,0,0
9,6,2814,1,5,199,399,798,10,4,1988,1,0,192,384,768
0,0,0,0,0,0,0,0,0,0,0,0,0,0,0,0
10,5,2871,1,0,151,303,607,0,0,0,0,0,0,0,0
10,6,2475,0,1,175,350,701,0,0,0,0,0,0,0,0
10,5,374,0,1,174,349,699,4,5,1715,0,9,167,334,669
0,0,0,0,0,0,0,0,0,0,0,0,0,0,0,0
10,6,4015,1,0,48,96,192,0,0,0,0,0,0,0,0
10,5,4092,0,0,78,156,313,0,0,0,0,0,0,0,0
10,6,4094,1,1,67,134,268,0,0,0,0,0,0,0,0
10,5,4092,0,0,62,124,249,0,0,0,0,0,0,0,0
10,6,3754,1,1,193,386,773,0,0,0,0,0,0,0,0
10,6,4095,1,0,158,316,633,0,0,0,0,0,0,0,0
0,0,0,0,0,0,0,0,0,0,0,0,0,0,0,0
2,4,1221,0,12,169,339,679,0,0,0,0,0,0,0,0
10,5,638,0,1,150,301,602,0,0,0,0,0,0,0,0
0,0,0,0,0,0,0,0,0,0,0,0,0,0,0,0
10,5,4047,0,0,122,244,489,0,0,0,0,0,0,0,0
10,6,4095,1,0,4,8,17,0,0,0,0,0,0,0,0
10,6,2986,1,0,6,12,25,0,0,0,0,0,0,0,0
10,5,3903,0,0,162,324,649,0,0,0,0,0,0,0,0
10,6,1967,0,2,187,375,751,0,0,0,0,0,0,0,0
10,6,4095,1,0,88,176,353,0,0,0,0,0,0,0,0
10,6,4095,1,0,38,76,153,0,0,0,0,0,0,0,0
0,0,0,0,0,0,0,0,0,0,0,0,0,0,0,0
8,4,1968,0,4,54,108,217,10,4,1230,0,1,172,345,690
10,6,4095,1,0,55,110,221,0,0,0,0,0,0,0,0
10,4,3279,1,0,187,374,749,0,0,0,0,0,0,0,0
0,0,0,0,0,0,0,0,0,0,0,0,0,0,0,0
10,6,3066,1,0,177,355,711,0,0,0,0,0,0,0,0
10,5,3290,1,2,175,351,702,0,0,0,0,0,0,0,0
10,5,4083,0,0,204,408,817,0,0,0,0,0,0,0,0
10,5,4047,0,0,148,296,593,0,0,0,0,0,0,0,0
10,4,234,1,2,200,401,803,0,0,0,0,0,0,0,0
10,6,2734,0,0,18,37,74,0,0,0,0,0,0,0,0
10,4,3040,0,0,51,103,207,0,0,0,0,0,0,0,0
10,6,4010,1,1,110,221,442,0,0,0,0,0,0,0,0
10,5,3526,1,1,68,136,273,6,4,313,0,6,103,206,413
10,4,255,0,0,25,50,101,0,0,0,0,0,0,0,0
0,0,0,0,0,0,0,0,0,0,0,0,0,0,0,0
10,5,2723,0,1,184,369,738,0,0,0,0,0,0,0,0
0,0,0,0,0,0,0,0,0,0,0,0,0,0,0,0
8,5,2770,0,5,141,283,566,7,4,905,1,8,92,185,371
8,4,175,0,3,92,185,370,0,0,0,0,0,0,0,0
10,4,1016,1,2,167,334,668,0,0,0,0,0,0,0,0
10,6,4095,1,0,10,20,41,0,0,0,0,0,0,0,0
10,6,4095,1,0,118,236,473,0,0,0,0,0,0,0,0
3,5,942,1,14,51,103,207,9,4,230,1,3,68,137,274
8,5,4067,0,5,196,393,786,0,0,0,0,0,0,0,0
10,4,3855,1,0,166,332,665,0,0,0,0,0,0,0,0
8,6,2038,0,5,88,177,355,0,0,0,0,0,0,0,0
10,4,2101,1,1,18,36,72,0,0,0,0,0,0,0,0
10,6,4095,1,0,31,62,125,0,0,0,0,0,0,0,0
10,6,4095,1,0,214,428,857,8,5,1400,0,3,206,412,825
10,6,2397,0,0,141,283,567,2,5,1262,0,14,148,297,594
0,0,0,0,0,0,0,0,0,0,0,0,0,0,0,0
10,4,3315,0,0,31,62,125,0,0,0,0,0,0,0,0
10,6,4095,1,0,94,188,377,6,4,2172,0,8,88,176,352
10,6,2743,0,0,64,129,258,0,0,0,0,0,0,0,0
10,5,3327,1,0,64,128,257,0,0,0,0,0,0,0,0
0,0,0,0,0,0,0,0,0,0,0,0,0,0,0,0
10,6,4010,1,1,75,151,302,0,0,0,0,0,0,0,0
10,6,4095,1,0,51,102,205,0,0,0,0,0,0,0,0
7,5,3227,1,6,178,356,712,0,0,0,0,0,0,0,0
10,6,3071,0,1,162,324,649,0,0,0,0,0,0,0,0
10,6,2670,0,0,62,124,249,10,4,3599,0,0,56,112,224
10,6,2810,1,0,66,133,266,0,0,0,0,0,0,0,0
9,4,4000,1,3,61,122,245,0,0,0,0,0,0,0,0
10,4,1004,1,0,199,398,796,0,0,0,0,0,0,0,0
0,0,0,0,0,0,0,0,0,0,0,0,0,0,0,0
0,0,0,0,0,0,0,0,0,0,0,0,0,0,0,0
0,0,0,0,0,0,0,0,0,0,0,0,0,0,0,0
10,6,4095,1,0,47,94,189,0,0,0,0,0,0,0,0
10,6,4095,1,0,82,164,329,0,0,0,0,0,0,0,0
2,5,4012,0,13,202,405,811,0,0,0,0,0,0,0,0
10,5,3903,0,0,113,226,453,9,5,631,1,4,94,189,379
10,6,4011,1,0,5,11,23,0,0,0,0,0,0,0,0
3,6,3001,1,14,20,41,82,2,6,3837,0,12,29,59,118
10,5,927,0,0,121,243,487,0,0,0,0,0,0,0,0
2,5,1788,0,15,90,180,360,0,0,0,0,0,0,0,0
10,6,4095,1,0,17,34,69,0,0,0,0,0,0,0,0
10,5,4092,0,0,202,404,809,0,0,0,0,0,0,0,0
10,6,3755,1,0,150,301,602,0,0,0,0,0,0,0,0
7,5,1829,1,7,137,275,550,0,0,0,0,0,0,0,0
10,4,4016,1,0,199,398,796,0,0,0,0,0,0,0,0
10,4,911,0,0,6,12,24,0,0,0,0,0,0,0,0
10,6,4095,1,0,174,348,697,0,0,0,0,0,0,0,0
5,5,1779,1,10,189,378,757,10,4,500,1,0,204,408,817
10,6,4095,1,0,134,268,537,0,0,0,0,0,0,0,0
10,6,3002,1,0,216,433,866,0,0,0,0,0,0,0,0
10,6,2986,1,0,7,14,29,0,0,0,0,0,0,0,0
0,0,0,0,0,0,0,0,0,0,0,0,0,0,0,0
10,6,4095,1,0,119,238,477,0,0,0,0,0,0,0,0
10,6,4095,1,0,119,238,477,0,0,0,0,0,0,0,0
10,6,1791,0,2,9,18,36,0,0,0,0,0,0,0,0
10,5,1358,0,2,71,142,284,7,4,3680,1,8,79,158,317
10,6,2798,0,0,54,109,219,10,5,2206,0,0,69,138,277
10,6,4095,1,0,38,76,153,0,0,0,0,0,0,0,0
10,6,4095,1,0,90,180,361,0,0,0,0,0,0,0,0
10,5,3903,0,0,28,56,113,0,0,0,0,0,0,0,0
0,0,0,0,0,0,0,0,0,0,0,0,0,0,0,0
10,6,2750,0,0,99,199,399,0,0,0,0,0,0,0,0
10,6,4095,1,0,24,48,97,0,0,0,0,0,0,0,0
9,6,2415,1,3,8,16,32,10,4,2117,1,1,13,27,54
10,6,4071,1,1,88,177,355,10,5,3663,0,1,94,189,379
0,0,0,0,0,0,0,0,0,0,0,0,0,0,0,0
10,6,4079,1,0,207,414,828,0,0,0,0,0,0,0,0
10,5,3899,1,0,144,288,576,0,0,0,0,0,0,0,0
10,5,3327,1,0,199,398,797,0,0,0,0,0,0,0,0
10,6,3055,0,0,153,306,612,0,0,0,0,0,0,0,0
0,0,0,0,0,0,0,0,0,0,0,0,0,0,0,0
7,4,738,1,6,182,364,728,0,0,0,0,0,0,0,0
0,0,0,0,0,0,0,0,0,0,0,0,0,0,0,0
9,5,1342,1,3,213,426,852,0,0,0,0,0,0,0,0
0,0,0,0,0,0,0,0,0,0,0,0,0,0,0,0
8,6,1407,0,4,183,367,734,0,0,0,0,0,0,0,0
0,0,0,0,0,0,0,0,0,0,0,0,0,0,0,0
10,5,4050,1,2,52,105,210,0,0,0,0,0,0,0,0
0,0,0,0,0,0,0,0,0,0,0,0,0,0,0,0
10,6,3067,0,0,47,94,188,3,4,3440,1,13,40,81,162
10,6,2746,0,0,76,153,306,0,0,0,0,0,0,0,0
8,5,3444,0,4,48,96,193,0,0,0,0,0,0,0,0
10,6,4095,1,0,138,276,553,0,0,0,0,0,0,0,0
10,5,3327,1,0,214,428,857,0,0,0,0,0,0,0,0
10,6,4095,1,0,33,66,133,0,0,0,0,0,0,0,0
0,0,0,0,0,0,0,0,0,0,0,0,0,0,0,0
2,5,2772,0,12,86,173,347,3,4,2948,1,15,99,199,399
10,4,3324,1,0,52,104,209,0,0,0,0,0,0,0,0
2,4,2032,0,15,71,142,284,0,0,0,0,0,0,0,0
10,6,4095,1,0,131,262,525,0,0,0,0,0,0,0,0
10,6,3003,0,0,219,439,879,0,0,0,0,0,0,0,0
10,6,4091,1,0,95,190,380,0,0,0,0,0,0,0,0
10,6,3006,0,0,30,61,123,0,0,0,0,0,0,0,0
10,6,4094,1,1,17,34,68,0,0,0,0,0,0,0,0
10,6,4095,1,0,112,224,449,0,0,0,0,0,0,0,0
10,5,4045,1,2,139,279,559,10,4,3617,1,2,154,308,616
10,6,2793,1,1,211,422,845,0,0,0,0,0,0,0,0
10,6,4095,1,0,191,382,765,0,0,0,0,0,0,0,0
10,6,4095,1,0,159,318,637,0,0,0,0,0,0,0,0
10,5,3903,0,0,72,144,289,0,0,0,0,0,0,0,0
10,6,2794,1,0,56,113,226,0,0,0,0,0,0,0,0
0,0,0,0,0,0,0,0,0,0,0,0,0,0,0,0
10,6,3067,0,0,41,82,164,0,0,0,0,0,0,0,0
10,5,4092,0,0,85,170,341,0,0,0,0,0,0,0,0
10,6,4095,1,0,53,106,213,0,0,0,0,0,0,0,0
10,6,4095,1,0,76,152,305,0,0,0,0,0,0,0,0
10,6,4095,1,0,110,220,441,0,0,0,0,0,0,0,0
10,6,4095,1,0,16,32,65,6,5,2167,0,7,9,19,39
10,6,3995,1,0,121,243,486,0,0,0,0,0,0,0,0
10,6,3071,0,1,85,170,341,0,0,0,0,0,0,0,0
10,6,3754,1,1,44,88,177,0,0,0,0,0,0,0,0
0,0,0,0,0,0,0,0,0,0,0,0,0,0,0,0
10,4,467,0,2,122,244,489,3,4,3660,1,14,112,225,450
10,5,1190,0,0,16,33,67,4,4,107,0,10,5,10,21
10,5,3327,1,0,111,222,445,0,0,0,0,0,0,0,0
10,5,3722,1,1,135,270,541,0,0,0,0,0,0,0,0
6,5,686,0,6,208,416,832,0,0,0,0,0,0,0,0
10,5,2738,0,0,215,431,862,0,0,0,0,0,0,0,0
10,5,703,0,2,73,146,292,10,4,3275,1,0,39,78,156
10,4,2992,0,1,31,62,124,0,0,0,0,0,0,0,0
2,6,3063,0,13,190,381,763,10,5,2234,0,0,200,401,802
9,5,2908,1,5,81,162,324,0,0,0,0,0,0,0,0
10,5,3470,0,0,7,15,30,0,0,0,0,0,0,0,0
10,6,4015,1,0,41,82,164,0,0,0,0,0,0,0,0
10,6,4095,1,0,43,86,173,0,0,0,0,0,0,0,0
10,6,3071,0,1,83,166,333,0,0,0,0,0,0,0,0
10,6,4095,1,0,96,192,385,0,0,0,0,0,0,0,0
10,5,1259,0,2,28,57,114,10,5,950,1,2,36,73,146
2,4,2573,0,13,116,232,464,0,0,0,0,0,0,0,0
10,4,254,1,2,59,118,237,0,0,0,0,0,0,0,0
4,6,1407,0,10,26,52,104,10,5,1023,1,0,123,246,493
10,6,4095,1,0,87,174,349,0,0,0,0,0,0,0,0
10,6,4095,1,0,102,204,409,0,0,0,0,0,0,0,0
10,6,3775,0,0,27,54,108,7,6,2709,1,8,32,64,129
0,0,0,0,0,0,0,0,0,0,0,0,0,0,0,0
10,6,4095,1,0,162,324,649,0,0,0,0,0,0,0,0
0,0,0,0,0,0,0,0,0,0,0,0,0,0,0,0
10,4,2273,1,1,201,402,804,2,4,1251,0,14,183,367,734
6,4,95,0,6,11,23,47,0,0,0,0,0,0,0,0
10,6,4095,1,0,83,166,333,0,0,0,0,0,0,0,0
2,6,2667,0,14,116,232,465,9,4,2110,1,5,122,245,490
5,6,1390,1,10,29,58,117,0,0,0,0,0,0,0,0
10,6,4095,1,0,103,206,413,0,0,0,0,0,0,0,0
10,5,2603,0,1,194,389,778,6,5,1912,0,7,188,377,755
3,4,829,1,15,173,346,692,0,0,0,0,0,0,0,0
8,4,111,0,5,108,216,433,0,0,0,0,0,0,0,0
10,6,2731,0,1,146,293,586,0,0,0,0,0,0,0,0
10,5,3836,0,0,206,412,825,0,0,0,0,0,0,0,0
6,5,2018,0,6,120,240,480,6,4,3342,0,6,113,226,452
10,5,935,1,0,8,17,34,0,0,0,0,0,0,0,0
10,6,2794,1,0,106,213,426,0,0,0,0,0,0,0,0
10,5,441,1,0,106,212,424,10,4,1011,0,0,98,196,393
10,4,684,0,2,43,87,175,0,0,0,0,0,0,0,0
0,0,0,0,0,0,0,0,0,0,0,0,0,0,0,0
3,5,2213,1,14,78,157,315,0,0,0,0,0,0,0,0
10,5,1023,1,0,54,108,217,0,0,0,0,0,0,0,0
10,5,3948,1,0,45,91,182,10,4,3334,1,1,57,114,228
10,6,4095,1,0,73,146,293,0,0,0,0,0,0,0,0
10,6,4095,1,0,184,368,737,0,0,0,0,0,0,0,0
10,5,3681,1,2,163,327,655,10,5,3800,1,2,174,348,697
10,5,3059,0,1,210,420,841,0,0,0,0,0,0,0,0
10,5,3327,1,0,141,282,565,0,0,0,0,0,0,0,0
3,4,4000,1,15,149,298,597,0,0,0,0,0,0,0,0
6,5,1677,0,6,172,345,690,0,0,0,0,0,0,0,0
10,6,4095,1,0,177,354,709,0,0,0,0,0,0,0,0
10,6,4095,1,0,175,350,701,0,0,0,0,0,0,0,0
0,0,0,0,0,0,0,0,0,0,0,0,0,0,0,0
10,4,3824,0,0,183,366,733,0,0,0,0,0,0,0,0
10,6,3005,1,0,131,263,526,0,0,0,0,0,0,0,0
10,6,4095,1,0,221,442,885,0,0,0,0,0,0,0,0
10,4,4080,0,0,220,440,881,0,0,0,0,0,0,0,0
10,6,2990,0,0,180,361,722,10,4,3207,1,0,150,301,602
10,4,2736,0,2,57,114,228,0,0,0,0,0,0,0,0
8,6,3774,0,5,218,436,873,0,0,0,0,0,0,0,0
10,6,4095,1,0,133,266,533,0,0,0,0,0,0,0,0
10,4,2672,0,1,46,93,186,0,0,0,0,0,0,0,0
10,5,487,0,1,199,398,797,9,4,3664,1,5,144,289,579
9,5,1850,1,5,211,422,845,0,0,0,0,0,0,0,0
10,6,4095,1,0,143,286,573,0,0,0,0,0,0,0,0
3,4,3920,1,12,212,425,851,0,0,0,0,0,0,0,0
10,6,3823,0,0,114,228,456,0,0,0,0,0,0,0,0
10,5,4083,0,0,12,24,49,0,0,0,0,0,0,0,0
9,4,966,1,3,73,147,294,0,0,0,0,0,0,0,0
10,6,4095,1,0,169,338,677,0,0,0,0,0,0,0,0
10,6,4095,1,0,182,364,729,0,0,0,0,0,0,0,0
9,5,3865,1,3,185,370,740,0,0,0,0,0,0,0,0
10,6,4095,1,0,167,334,669,0,0,0,0,0,0,0,0
10,4,255,0,0,175,350,701,0,0,0,0,0,0,0,0
10,5,4092,0,0,65,130,261,0,0,0,0,0,0,0,0
10,6,1493,1,0,108,217,434,0,0,0,0,0,0,0,0
10,6,4095,1,0,20,40,81,0,0,0,0,0,0,0,0
10,5,2732,0,1,204,409,819,0,0,0,0,0,0,0,0
10,6,4095,1,0,146,292,585,0,0,0,0,0,0,0,0
10,6,2518,1,0,50,101,203,0,0,0,0,0,0,0,0
10,4,3324,1,0,76,152,305,0,0,0,0,0,0,0,0
10,5,2984,1,0,105,210,421,9,5,1238,1,5,112,225,450
0,0,0,0,0,0,0,0,0,0,0,0,0,0,0,0
10,6,2986,1,0,23,46,93,0,0,0,0,0,0,0,0
10,6,4095,1,0,214,428,857,0,0,0,0,0,0,0,0
10,4,2755,0,1,138,276,552,0,0,0,0,0,0,0,0
6,4,2736,0,8,221,442,885,0,0,0,0,0,0,0,0
10,6,4095,1,0,25,50,101,0,0,0,0,0,0,0,0
0,0,0,0,0,0,0,0,0,0,0,0,0,0,0,0
10,6,4095,1,0,101,202,405,6,5,2707,0,7,107,215,431
10,6,4095,1,0,20,40,81,0,0,0,0,0,0,0,0
10,5,3247,0,0,109,218,436,10,4,1828,1,0,94,189,379
10,6,4095,1,0,87,174,349,3,6,2478,1,12,100,201,402
10,6,4095,1,0,41,82,165,0,0,0,0,0,0,0,0
0,0,0,0,0,0,0,0,0,0,0,0,0,0,0,0
10,6,4010,1,1,135,271,542,0,0,0,0,0,0,0,0
10,6,3055,0,0,217,434,868,0,0,0,0,0,0,0,0
10,5,4092,0,0,189,378,757,0,0,0,0,0,0,0,0
8,5,3533,0,4,160,321,643,0,0,0,0,0,0,0,0
0,0,0,0,0,0,0,0,0,0,0,0,0,0,0,0
10,4,842,1,0,164,328,657,0,0,0,0,0,0,0,0
6,4,2079,0,8,167,335,671,0,0,0,0,0,0,0,0
10,5,1394,0,2,200,400,800,0,0,0,0,0,0,0,0
9,4,2371,1,4,137,275,551,0,0,0,0,0,0,0,0
10,4,1952,0,1,190,381,762,0,0,0,0,0,0,0,0
10,6,4095,1,0,120,240,481,0,0,0,0,0,0,0,0
7,5,473,1,6,16,33,66,0,0,0,0,0,0,0,0
10,5,2951,1,0,94,189,378,10,5,3326,1,1,124,248,496
10,5,4083,0,0,76,152,305,0,0,0,0,0,0,0,0
10,5,446,0,2,63,127,254,10,4,838,1,1,83,166,332
10,6,2799,0,1,97,194,388,0,0,0,0,0,0,0,0
3,5,1002,1,15,43,87,175,7,4,3850,1,8,54,108,217
10,5,3263,0,0,185,370,740,0,0,0,0,0,0,0,0
10,6,4095,1,0,165,330,661,0,0,0,0,0,0,0,0
10,5,4066,1,1,56,113,227,10,5,1023,1,0,70,140,281
3,6,4005,1,15,60,120,240,10,4,947,0,0,40,80,160
10,4,1011,0,0,187,374,749,0,0,0,0,0,0,0,0
10,6,4095,1,0,163,326,653,0,0,0,0,0,0,0,0
10,5,4047,0,0,185,370,741,0,0,0,0,0,0,0,0
6,5,1326,0,8,170,341,682,0,0,0,0,0,0,0,0
0,0,0,0,0,0,0,0,0,0,0,0,0,0,0,0
8,4,412,0,4,142,284,569,0,0,0,0,0,0,0,0
8,6,1785,0,5,98,197,395,0,0,0,0,0,0,0,0
10,5,2238,0,0,33,67,135,10,5,3290,1,2,50,101,202
10,6,2491,0,2,73,147,294,0,0,0,0,0,0,0,0
10,6,4031,0,0,55,110,221,0,0,0,0,0,0,0,0
10,6,2798,0,0,14,29,59,0,0,0,0,0,0,0,0
6,6,2747,0,7,107,214,428,10,4,1556,1,0,112,224,449
10,4,251,1,0,205,410,820,6,4,175,0,8,194,388,776
8,4,1760,0,3,42,84,168,10,4,1744,0,0,151,302,605
10,5,3903,0,0,132,264,529,0,0,0,0,0,0,0,0
10,5,4092,0,0,28,56,113,0,0,0,0,0,0,0,0
10,4,3040,0,0,93,187,375,0,0,0,0,0,0,0,0
10,4,3283,1,0,160,321,643,0,0,0,0,0,0,0,0
0,0,0,0,0,0,0,0,0,0,0,0,0,0,0,0
0,0,0,0,0,0,0,0,0,0,0,0,0,0,0,0
0,0,0,0,0,0,0,0,0,0,0,0,0,0,0,0
10,6,2981,1,2,207,414,828,0,0,0,0,0,0,0,0
0,0,0,0,0,0,0,0,0,0,0,0,0,0,0,0
0,0,0,0,0,0,0,0,0,0,0,0,0,0,0,0
10,5,4092,0,0,154,308,617,0,0,0,0,0,0,0,0
10,4,4080,0,0,197,394,789,0,0,0,0,0,0,0,0
10,6,2795,0,0,155,311,623,0,0,0,0,0,0,0,0
10,4,4080,0,0,89,178,357,10,4,839,1,0,194,388,777
10,6,2810,1,0,10,21,42,9,4,2348,1,3,4,8,17
10,6,2746,0,0,118,237,474,0,0,0,0,0,0,0,0
8,4,2565,0,4,81,162,324,0,0,0,0,0,0,0,0
10,5,4092,0,0,60,120,241,0,0,0,0,0,0,0,0
10,6,3071,0,1,74,148,297,0,0,0,0,0,0,0,0
10,5,4083,0,0,54,108,217,0,0,0,0,0,0,0,0
10,6,4095,1,0,90,180,361,0,0,0,0,0,0,0,0
10,6,1367,0,2,36,73,147,0,0,0,0,0,0,0,0
7,5,3302,1,8,192,384,768,0,0,0,0,0,0,0,0
10,6,4095,1,0,163,326,653,0,0,0,0,0,0,0,0
10,6,2751,0,2,209,418,836,0,0,0,0,0,0,0,0
10,5,1505,0,0,151,303,607,0,0,0,0,0,0,0,0
10,6,4094,1,1,31,62,124,0,0,0,0,0,0,0,0
10,4,4035,1,0,97,194,389,0,0,0,0,0,0,0,0
10,6,4095,1,0,214,428,857,0,0,0,0,0,0,0,0
10,5,2623,0,1,134,268,536,2,4,190,0,13,142,285,571
10,5,879,0,1,119,239,479,10,5,918,1,2,208,416,832
10,6,4095,1,0,140,280,561,0,0,0,0,0,0,0,0
10,6,4095,1,0,211,422,845,0,0,0,0,0,0,0,0
10,6,2734,0,0,115,231,462,0,0,0,0,0,0,0,0
10,4,975,0,0,3,6,13,0,0,0,0,0,0,0,0
10,6,2746,0,0,10,21,42,0,0,0,0,0,0,0,0
10,6,2735,0,1,172,345,691,0,0,0,0,0,0,0,0
10,6,4079,1,0,179,358,716,0,0,0,0,0,0,0,0
10,6,3754,1,1,157,314,629,0,0,0,0,0,0,0,0
10,6,4095,1,0,194,388,777,0,0,0,0,0,0,0,0
10,5,3327,1,0,53,106,213,0,0,0,0,0,0,0,0
0,0,0,0,0,0,0,0,0,0,0,0,0,0,0,0
10,4,574,0,0,7,15,31,0,0,0,0,0,0,0,0
10,6,3479,1,0,121,242,484,10,5,1145,0,0,5,11,23
0,0,0,0,0,0,0,0,0,0,0,0,0,0,0,0
10,6,4095,1,0,155,310,621,0,0,0,0,0,0,0,0
10,4,860,0,0,180,360,721,0,0,0,0,0,0,0,0
10,6,4095,1,0,31,62,125,0,0,0,0,0,0,0,0
10,6,1785,1,0,113,226,453,7,6,4074,1,8,74,148,297
10,5,4092,0,0,112,224,449,0,0,0,0,0,0,0,0
10,5,4047,0,0,14,28,57,0,0,0,0,0,0,0,0
10,6,4089,1,2,200,401,802,0,0,0,0,0,0,0,0
10,6,4095,1,0,151,302,605,0,0,0,0,0,0,0,0
4,4,1456,0,11,211,423,846,0,0,0,0,0,0,0,0
10,5,3718,1,1,26,52,104,10,5,3816,1,1,135,271,542
10,6,4009,1,2,131,262,525,0,0,0,0,0,0,0,0
10,6,4095,1,0,119,238,477,9,5,3881,1,3,207,414,829
10,6,2939,0,0,77,155,311,0,0,0,0,0,0,0,0
10,5,2590,0,0,51,102,205,0,0,0,0,0,0,0,0
2,4,1712,0,15,90,180,360,0,0,0,0,0,0,0,0
10,6,4095,1,0,176,352,705,9,5,1001,1,4,196,393,786
7,4,979,1,6,6,12,25,0,0,0,0,0,0,0,0
10,6,2811,0,1,36,73,147,0,0,0,0,0,0,0,0
10,6,4026,1,1,220,441,883,0,0,0,0,0,0,0,0
10,6,4095,1,0,19,38,77,0,0,0,0,0,0,0,0
10,6,3743,0,0,100,201,403,0,0,0,0,0,0,0,0
6,5,2931,0,7,49,98,197,0,0,0,0,0,0,0,0
10,6,4095,1,0,63,126,253,0,0,0,0,0,0,0,0
10,5,3902,1,1,34,68,136,0,0,0,0,0,0,0,0
10,5,4047,0,0,92,184,369,0,0,0,0,0,0,0,0
0,0,0,0,0,0,0,0,0,0,0,0,0,0,0,0
0,0,0,0,0,0,0,0,0,0,0,0,0,0,0,0
0,0,0,0,0,0,0,0,0,0,0,0,0,0,0,0
10,4,4080,0,0,191,382,765,0,0,0,0,0,0,0,0
0,0,0,0,0,0,0,0,0,0,0,0,0,0,0,0
10,6,2731,0,1,108,217,434,4,4,335,0,10,86,173,347
10,5,4083,0,0,17,34,69,0,0,0,0,0,0,0,0
10,6,4095,1,0,176,352,705,0,0,0,0,0,0,0,0
10,6,4095,1,0,174,348,697,0,0,0,0,0,0,0,0
0,0,0,0,0,0,0,0,0,0,0,0,0,0,0,0
7,6,3047,1,6,37,74,149,10,5,702,0,0,18,37,75
10,6,3071,0,1,107,214,429,2,6,1707,0,15,98,196,393
8,6,2901,0,3,53,106,212,0,0,0,0,0,0,0,0
10,5,3467,0,0,93,187,374,0,0,0,0,0,0,0,0
10,6,2794,1,0,88,177,354,0,0,0,0,0,0,0,0
10,5,3903,0,0,37,74,149,0,0,0,0,0,0,0,0
10,6,4095,1,0,67,134,269,0,0,0,0,0,0,0,0
10,5,4092,0,0,61,122,245,0,0,0,0,0,0,0,0
10,6,4078,1,1,56,113,227,0,0,0,0,0,0,0,0
10,6,4095,1,0,72,144,289,0,0,0,0,0,0,0,0
10,6,4095,1,0,206,412,825,0,0,0,0,0,0,0,0
8,4,327,0,3,160,321,643,0,0,0,0,0,0,0,0
0,0,0,0,0,0,0,0,0,0,0,0,0,0,0,0
10,6,3071,0,1,155,310,621,0,0,0,0,0,0,0,0
10,6,4091,1,0,197,394,788,0,0,0,0,0,0,0,0
2,4,1132,0,15,34,69,138,0,0,0,0,0,0,0,0
10,6,3754,1,1,76,152,305,6,5,2739,0,8,71,142,285
0,0,0,0,0,0,0,0,0,0,0,0,0,0,0,0
0,0,0,0,0,0,0,0,0,0,0,0,0,0,0,0
0,0,0,0,0,0,0,0,0,0,0,0,0,0,0,0
4,4,111,0,11,175,351,702,0,0,0,0,0,0,0,0
0,0,0,0,0,0,0,0,0,0,0,0,0,0,0,0
10,4,1285,1,0,184,368,737,0,0,0,0,0,0,0,0
10,6,4095,1,0,177,354,709,0,0,0,0,0,0,0,0
10,6,1451,0,2,67,134,269,0,0,0,0,0,0,0,0
10,6,2810,1,0,58,117,234,0,0,0,0,0,0,0,0
10,6,2794,1,0,38,77,154,0,0,0,0,0,0,0,0
10,6,4095,1,0,88,176,353,0,0,0,0,0,0,0,0
10,6,4095,1,0,63,126,253,0,0,0,0,0,0,0,0
10,6,4078,1,1,62,125,251,0,0,0,0,0,0,0,0
10,5,3752,1,1,34,68,137,0,0,0,0,0,0,0,0
10,6,1454,0,2,95,190,381,0,0,0,0,0,0,0,0
10,6,4095,1,0,81,162,325,0,0,0,0,0,0,0,0
7,6,3029,1,8,75,151,302,3,4,2384,1,15,52,104,209
10,6,4091,1,0,201,402,804,0,0,0,0,0,0,0,0
10,6,2750,0,0,149,299,599,0,0,0,0,0,0,0,0
10,5,4083,0,0,134,268,537,0,0,0,0,0,0,0,0
10,6,4095,1,0,218,436,873,0,0,0,0,0,0,0,0
10,4,3244,1,0,220,441,883,0,0,0,0,0,0,0,0
8,4,364,0,5,148,296,593,0,0,0,0,0,0,0,0
10,4,541,1,0,77,154,308,0,0,0,0,0,0,0,0
10,6,4095,1,0,67,134,269,0,0,0,0,0,0,0,0
10,6,1893,1,1,99,199,399,3,5,2472,1,13,104,208,416
5,5,1778,1,11,11,23,47,0,0,0,0,0,0,0,0
10,6,4095,1,0,30,60,121,0,0,0,0,0,0,0,0
10,6,3818,1,1,168,337,674,9,5,997,1,4,175,350,701
10,6,4095,1,0,181,362,725,0,0,0,0,0,0,0,0
10,4,570,1,0,30,61,122,10,4,1016,1,2,85,170,340
10,6,4095,1,0,83,166,333,0,0,0,0,0,0,0,0
10,6,4095,1,0,122,244,489,0,0,0,0,0,0,0,0
10,6,3754,1,1,4,8,17,0,0,0,0,0,0,0,0
10,5,3018,1,0,6,13,26,10,4,3150,1,0,12,25,50
10,6,4090,1,1,123,247,495,2,5,2234,0,13,101,203,406
10,6,4095,1,0,191,382,765,0,0,0,0,0,0,0,0
8,6,1471,0,3,190,381,763,10,5,1191,0,2,177,354,708
10,6,4095,1,0,22,44,89,0,0,0,0,0,0,0,0
10,6,1447,0,2,106,212,424,0,0,0,0,0,0,0,0
10,5,2787,0,1,155,311,623,0,0,0,0,0,0,0,0
10,6,2986,1,0,197,394,789,0,0,0,0,0,0,0,0
10,4,191,0,2,217,434,868,0,0,0,0,0,0,0,0
7,4,1872,1,7,164,328,656,0,0,0,0,0,0,0,0
3,5,3625,1,15,139,278,557,0,0,0,0,0,0,0,0
3,6,3066,1,14,194,389,779,6,4,2380,0,8,201,403,807
10,6,2746,0,0,58,117,234,0,0,0,0,0,0,0,0
2,5,2916,0,12,69,139,279,9,4,2323,1,4,62,125,251
2,4,3324,0,13,85,170,340,0,0,0,0,0,0,0,0
5,4,395,1,11,42,85,170,0,0,0,0,0,0,0,0
0,0,0,0,0,0,0,0,0,0,0,0,0,0,0,0
10,6,4095,1,0,73,146,293,0,0,0,0,0,0,0,0
10,6,4095,1,0,55,110,221,0,0,0,0,0,0,0,0
10,6,3755,1,0,60,121,242,5,5,4068,1,9,68,137,275
10,6,3799,1,1,83,166,333,0,0,0,0,0,0,0,0
10,6,4095,1,0,33,66,133,0,0,0,0,0,0,0,0
0,0,0,0,0,0,0,0,0,0,0,0,0,0,0,0
3,4,1009,1,15,107,214,428,0,0,0,0,0,0,0,0
10,6,4095,1,0,121,242,485,0,0,0,0,0,0,0,0
10,6,4095,1,0,3,6,13,3,6,2750,1,12,13,27,55
10,6,4095,1,0,4,8,17,0,0,0,0,0,0,0,0
10,6,3050,1,0,122,245,490,0,0,0,0,0,0,0,0
10,4,255,0,0,71,142,285,0,0,0,0,0,0,0,0
2,5,2233,0,12,56,112,225,0,0,0,0,0,0,0,0
10,6,1785,1,0,113,226,453,0,0,0,0,0,0,0,0
7,5,1737,1,6,26,53,106,10,4,2189,1,0,5,10,21
0,0,0,0,0,0,0,0,0,0,0,0,0,0,0,0
10,6,4095,1,0,118,236,473,0,0,0,0,0,0,0,0
0,0,0,0,0,0,0,0,0,0,0,0,0,0,0,0
10,4,3896,1,1,147,295,591,0,0,0,0,0,0,0,0
10,6,4095,1,0,204,408,817,0,0,0,0,0,0,0,0
10,5,2412,0,2,104,208,417,0,0,0,0,0,0,0,0
10,6,2670,0,0,24,48,97,10,5,3068,0,1,14,28,57
10,5,3327,1,0,118,236,473,0,0,0,0,0,0,0,0
0,0,0,0,0,0,0,0,0,0,0,0,0,0,0,0
10,5,4083,0,0,47,94,189,0,0,0,0,0,0,0,0
10,6,4095,1,0,88,176,353,0,0,0,0,0,0,0,0
10,6,3838,1,0,41,82,164,0,0,0,0,0,0,0,0
10,6,4095,1,0,215,430,861,0,0,0,0,0,0,0,0
10,5,3903,0,0,135,270,541,0,0,0,0,0,0,0,0
0,0,0,0,0,0,0,0,0,0,0,0,0,0,0,0
10,6,4095,1,0,7,14,29,0,0,0,0,0,0,0,0
10,6,2550,1,0,4,8,17,0,0,0,0,0,0,0,0
10,6,3002,1,0,121,243,486,0,0,0,0,0,0,0,0
10,5,2154,0,0,182,364,728,0,0,0,0,0,0,0,0
0,0,0,0,0,0,0,0,0,0,0,0,0,0,0,0
0,0,0,0,0,0,0,0,0,0,0,0,0,0,0,0
6,4,3504,0,6,135,270,540,0,0,0,0,0,0,0,0
10,5,1325,0,1,219,438,876,7,4,468,1,6,149,298,597
0,0,0,0,0,0,0,0,0,0,0,0,0,0,0,0
10,6,4095,1,0,32,64,129,0,0,0,0,0,0,0,0
10,6,4095,1,0,94,188,377,10,5,3903,0,0,70,140,281
0,0,0,0,0,0,0,0,0,0,0,0,0,0,0,0
10,5,3327,1,0,7,14,29,0,0,0,0,0,0,0,0
10,6,4095,1,0,4,8,17,0,0,0,0,0,0,0,0
10,5,4092,0,0,122,244,489,0,0,0,0,0,0,0,0
3,6,2746,1,13,81,163,326,0,0,0,0,0,0,0,0
10,6,3765,1,2,49,98,196,10,5,2262,1,1,60,120,240
10,4,3824,0,0,96,192,385,0,0,0,0,0,0,0,0
9,4,250,1,3,75,150,300,0,0,0,0,0,0,0,0
10,5,2303,0,1,210,420,841,0,0,0,0,0,0,0,0
10,5,2702,0,0,142,285,570,0,0,0,0,0,0,0,0
0,0,0,0,0,0,0,0,0,0,0,0,0,0,0,0
10,4,255,0,0,27,54,109,0,0,0,0,0,0,0,0
8,6,2805,0,4,111,223,446,0,0,0,0,0,0,0,0
10,6,2735,0,1,109,219,439,0,0,0,0,0,0,0,0
10,5,3044,1,2,35,70,141,6,5,2739,0,8,11,22,45
0,0,0,0,0,0,0,0,0,0,0,0,0,0,0,0
10,6,4095,1,0,90,180,361,0,0,0,0,0,0,0,0
10,6,3050,1,0,38,77,154,0,0,0,0,0,0,0,0
10,6,4095,1,0,171,342,685,0,0,0,0,0,0,0,0
10,4,4080,0,0,179,358,717,0,0,0,0,0,0,0,0
9,5,3420,1,5,214,429,859,0,0,0,0,0,0,0,0
10,5,3772,0,0,139,278,556,9,5,2283,1,5,145,290,581
10,6,4095,1,0,213,426,853,0,0,0,0,0,0,0,0
10,6,4095,1,0,63,126,253,0,0,0,0,0,0,0,0
10,6,4095,1,0,63,126,253,0,0,0,0,0,0,0,0
10,5,3327,1,0,153,306,613,0,0,0,0,0,0,0,0
10,5,3903,0,0,197,394,789,0,0,0,0,0,0,0,0
10,6,2734,0,0,58,117,234,0,0,0,0,0,0,0,0
6,4,1204,0,6,112,225,450,0,0,0,0,0,0,0,0
0,0,0,0,0,0,0,0,0,0,0,0,0,0,0,0
10,6,4095,1,0,43,86,173,0,0,0,0,0,0,0,0
10,5,4092,0,0,86,172,345,0,0,0,0,0,0,0,0
10,5,2979,0,0,58,117,235,0,0,0,0,0,0,0,0
0,0,0,0,0,0,0,0,0,0,0,0,0,0,0,0
8,6,1535,0,3,93,187,375,6,5,366,0,8,63,127,254
10,5,3238,1,2,22,44,89,0,0,0,0,0,0,0,0
10,6,4095,1,0,106,212,425,0,0,0,0,0,0,0,0
10,4,931,0,0,174,349,699,0,0,0,0,0,0,0,0
2,5,2812,0,15,162,324,648,3,5,4008,1,15,194,388,777
10,4,3900,0,0,89,178,357,0,0,0,0,0,0,0,0
10,6,1791,0,2,39,78,156,0,0,0,0,0,0,0,0
0,0,0,0,0,0,0,0,0,0,0,0,0,0,0,0
10,5,2222,0,0,101,203,406,0,0,0,0,0,0,0,0
10,4,2856,1,0,27,55,110,0,0,0,0,0,0,0,0
0,0,0,0,0,0,0,0,0,0,0,0,0,0,0,0
7,5,1833,1,6,137,275,551,0,0,0,0,0,0,0,0
10,6,3049,1,2,141,282,565,2,5,4083,0,13,137,274,548
0,0,0,0,0,0,0,0,0,0,0,0,0,0,0,0
8,5,3058,0,5,155,310,621,0,0,0,0,0,0,0,0
9,5,3027,1,5,149,298,597,0,0,0,0,0,0,0,0
10,4,157,1,0,198,396,792,0,0,0,0,0,0,0,0
10,6,3050,1,0,66,133,266,0,0,0,0,0,0,0,0
10,5,4047,0,0,62,124,249,0,0,0,0,0,0,0,0
10,6,4095,1,0,180,360,721,0,0,0,0,0,0,0,0
10,4,251,1,0,79,158,316,10,4,3724,0,0,156,313,627
10,5,423,0,2,111,222,444,0,0,0,0,0,0,0,0
0,0,0,0,0,0,0,0,0,0,0,0,0,0,0,0
10,6,4095,1,0,204,408,817,0,0,0,0,0,0,0,0
10,6,1771,0,2,179,359,718,10,4,3854,1,1,148,296,592
10,6,4094,1,1,35,70,140,0,0,0,0,0,0,0,0
10,6,3055,0,0,91,182,364,0,0,0,0,0,0,0,0
10,6,4095,1,0,200,400,801,0,0,0,0,0,0,0,0
0,0,0,0,0,0,0,0,0,0,0,0,0,0,0,0
6,5,2206,0,6,58,117,235,0,0,0,0,0,0,0,0
10,6,4095,1,0,72,144,289,0,0,0,0,0,0,0,0
10,6,4095,1,0,110,220,441,0,0,0,0,0,0,0,0
10,6,2815,0,1,19,38,76,0,0,0,0,0,0,0,0
10,5,3631,0,0,196,392,784,10,4,4080,0,0,189,378,757
10,6,4095,1,0,142,284,569,0,0,0,0,0,0,0,0
10,6,2807,0,0,88,177,355,3,6,3837,1,14,105,211,423
3,6,2477,1,13,16,32,65,0,0,0,0,0,0,0,0
10,5,3979,1,0,37,75,151,10,4,1020,1,0,15,30,61
7,4,238,1,7,197,395,790,0,0,0,0,0,0,0,0
10,5,4092,0,0,217,434,869,0,0,0,0,0,0,0,0
10,6,4095,1,0,135,270,541,0,0,0,0,0,0,0,0
10,4,811,1,0,135,271,543,0,0,0,0,0,0,0,0
10,4,4080,0,0,117,234,469,0,0,0,0,0,0,0,0
10,6,4095,1,0,43,86,173,0,0,0,0,0,0,0,0
10,6,4095,1,0,86,172,345,0,0,0,0,0,0,0,0
8,4,2800,0,3,30,61,122,0,0,0,0,0,0,0,0
0,0,0,0,0,0,0,0,0,0,0,0,0,0,0,0
10,5,4092,0,0,167,334,669,0,0,0,0,0,0,0,0
9,5,1874,1,5,54,109,218,0,0,0,0,0,0,0,0
0,0,0,0,0,0,0,0,0,0,0,0,0,0,0,0
10,6,2046,0,1,93,187,375,10,5,3836,0,0,76,152,305
10,6,4095,1,0,69,138,277,0,0,0,0,0,0,0,0
10,5,4092,0,0,75,150,301,0,0,0,0,0,0,0,0
10,6,4095,1,0,53,106,213,0,0,0,0,0,0,0,0
10,6,3818,1,1,103,207,414,0,0,0,0,0,0,0,0
10,5,2858,1,0,22,45,90,0,0,0,0,0,0,0,0
10,6,4095,1,0,118,236,473,0,0,0,0,0,0,0,0
10,6,4094,1,1,11,22,44,0,0,0,0,0,0,0,0
10,6,4095,1,0,58,116,233,0,0,0,0,0,0,0,0
10,6,4095,1,0,71,142,285,10,5,886,1,1,101,202,405
9,6,1883,1,4,101,203,407,10,5,3189,1,2,108,216,432
10,5,3571,0,1,54,108,216,0,0,0,0,0,0,0,0
10,6,4095,1,0,9,18,37,0,0,0,0,0,0,0,0
10,6,2794,1,0,68,137,274,0,0,0,0,0,0,0,0
10,6,2711,0,0,46,92,184,3,4,2784,1,12,68,137,275
0,0,0,0,0,0,0,0,0,0,0,0,0,0,0,0
0,0,0,0,0,0,0,0,0,0,0,0,0,0,0,0
10,6,3051,0,0,187,375,751,8,6,3751,0,5,211,423,847
10,4,1010,1,2,205,410,820,5,4,3649,1,9,192,384,768
0,0,0,0,0,0,0,0,0,0,0,0,0,0,0,0
10,6,2970,1,0,174,348,697,0,0,0,0,0,0,0,0
10,6,1722,0,1,169,338,677,10,6,4095,1,0,186,372,745
10,6,4095,1,0,164,328,657,0,0,0,0,0,0,0,0
3,4,482,1,13,134,269,538,0,0,0,0,0,0,0,0
10,6,4095,1,0,124,248,497,0,0,0,0,0,0,0,0
10,6,3494,1,1,7,14,28,0,0,0,0,0,0,0,0
7,5,4050,1,8,7,14,28,0,0,0,0,0,0,0,0
10,5,4092,0,0,119,238,477,0,0,0,0,0,0,0,0
0,0,0,0,0,0,0,0,0,0,0,0,0,0,0,0
10,5,4092,0,0,61,122,245,0,0,0,0,0,0,0,0
10,6,1389,0,1,212,425,851,0,0,0,0,0,0,0,0
0,0,0,0,0,0,0,0,0,0,0,0,0,0,0,0
10,4,3279,1,0,139,278,557,0,0,0,0,0,0,0,0
10,6,3070,1,0,185,370,740,0,0,0,0,0,0,0,0
0,0,0,0,0,0,0,0,0,0,0,0,0,0,0,0
10,6,1723,0,2,91,183,366,7,6,4074,1,8,209,418,837
7,5,765,1,7,162,324,649,0,0,0,0,0,0,0,0
3,4,2835,1,12,189,379,759,0,0,0,0,0,0,0,0
0,0,0,0,0,0,0,0,0,0,0,0,0,0,0,0
8,4,3111,0,5,182,365,731,0,0,0,0,0,0,0,0
0,0,0,0,0,0,0,0,0,0,0,0,0,0,0,0
10,4,3656,1,1,176,352,704,8,4,3400,0,4,152,304,609
6,6,2718,0,6,177,355,711,6,5,639,0,8,166,332,664
0,0,0,0,0,0,0,0,0,0,0,0,0,0,0,0
10,6,2735,0,1,30,61,123,3,6,3837,1,14,35,71,143
10,6,4095,1,0,95,190,381,0,0,0,0,0,0,0,0
10,6,4095,1,0,73,146,293,0,0,0,0,0,0,0,0
10,6,4095,1,0,52,104,209,10,4,567,0,0,36,73,146
10,6,3754,1,1,152,304,609,0,0,0,0,0,0,0,0
10,6,3049,1,2,200,400,801,0,0,0,0,0,0,0,0
10,6,3755,1,0,210,421,842,0,0,0,0,0,0,0,0
10,6,4095,1,0,142,284,569,0,0,0,0,0,0,0,0
7,4,468,1,6,218,436,873,0,0,0,0,0,0,0,0
6,5,1579,0,8,53,107,215,8,4,107,0,4,46,92,184
10,6,4095,1,0,57,114,229,0,0,0,0,0,0,0,0
7,6,3990,1,8,44,89,179,9,6,1883,1,4,57,115,231
9,6,2731,1,4,43,86,172,0,0,0,0,0,0,0,0
10,6,4095,1,0,88,176,353,0,0,0,0,0,0,0,0
10,5,2792,0,0,38,77,154,0,0,0,0,0,0,0,0
0,0,0,0,0,0,0,0,0,0,0,0,0,0,0,0
10,5,4028,1,0,20,40,80,0,0,0,0,0,0,0,0
10,6,4095,1,0,50,100,201,0,0,0,0,0,0,0,0
0,0,0,0,0,0,0,0,0,0,0,0,0,0,0,0
10,6,4095,1,0,220,440,881,0,0,0,0,0,0,0,0
8,4,2850,0,5,132,265,531,0,0,0,0,0,0,0,0
10,5,3832,1,0,219,439,879,0,0,0,0,0,0,0,0
0,0,0,0,0,0,0,0,0,0,0,0,0,0,0,0
7,4,3744,1,8,171,343,687,0,0,0,0,0,0,0,0
10,6,4095,1,0,65,130,261,0,0,0,0,0,0,0,0
10,6,4079,1,0,64,128,256,10,5,2207,0,1,55,111,222
10,6,4095,1,0,77,154,309,0,0,0,0,0,0,0,0
10,5,4083,0,0,52,104,209,0,0,0,0,0,0,0,0
10,6,4095,1,0,176,352,705,0,0,0,0,0,0,0,0
10,4,4080,0,0,175,350,701,0,0,0,0,0,0,0,0
9,4,3384,1,5,49,98,197,0,0,0,0,0,0,0,0
10,6,2990,0,0,92,185,370,10,4,589,1,0,107,214,428
10,6,4095,1,0,49,98,197,0,0,0,0,0,0,0,0
6,6,2411,0,7,70,141,282,7,6,3045,1,8,92,185,371
10,6,2810,1,0,173,347,694,0,0,0,0,0,0,0,0
10,5,3243,1,0,146,293,587,9,4,1843,1,3,165,331,663
0,0,0,0,0,0,0,0,0,0,0,0,0,0,0,0
10,6,4095,1,0,75,150,301,0,0,0,0,0,0,0,0
10,6,4095,1,0,50,100,201,0,0,0,0,0,0,0,0
10,5,2979,0,0,32,65,131,10,5,3832,1,0,46,93,187
10,5,4083,0,0,96,192,385,0,0,0,0,0,0,0,0
9,4,3908,1,4,105,211,422,0,0,0,0,0,0,0,0
10,6,3945,1,2,100,200,400,10,5,2993,1,1,57,114,229
8,5,685,0,4,93,187,375,0,0,0,0,0,0,0,0
10,6,4095,1,0,114,228,457,0,0,0,0,0,0,0,0
10,6,4095,1,0,16,32,65,10,4,604,0,2,7,14,29
10,6,4095,1,0,109,218,437,0,0,0,0,0,0,0,0
10,6,4095,1,0,70,140,281,0,0,0,0,0,0,0,0
0,0,0,0,0,0,0,0,0,0,0,0,0,0,0,0
6,5,1819,0,7,8,17,35,3,4,3779,1,12,14,29,58
0,0,0,0,0,0,0,0,0,0,0,0,0,0,0,0
10,5,1023,1,0,118,236,473,0,0,0,0,0,0,0,0
10,6,3774,1,0,10,21,43,0,0,0,0,0,0,0,0
10,5,3436,0,0,78,156,313,8,5,1644,0,3,84,169,338
10,5,3903,0,0,44,88,177,0,0,0,0,0,0,0,0
8,5,4028,0,5,47,95,190,0,0,0,0,0,0,0,0
10,4,3315,0,0,19,38,77,0,0,0,0,0,0,0,0
10,5,1022,1,1,109,218,436,0,0,0,0,0,0,0,0
10,6,4095,1,0,182,364,729,0,0,0,0,0,0,0,0
10,5,2298,1,0,168,337,675,0,0,0,0,0,0,0,0
10,6,2809,1,1,211,422,845,0,0,0,0,0,0,0,0
0,0,0,0,0,0,0,0,0,0,0,0,0,0,0,0
7,5,3223,1,7,189,379,759,6,4,2339,0,8,134,269,539
10,5,442,0,1,202,404,809,0,0,0,0,0,0,0,0
10,5,4092,0,0,155,310,621,7,4,3680,1,8,134,268,537
10,6,4095,1,0,195,390,781,0,0,0,0,0,0,0,0
10,6,4095,1,0,14,28,57,0,0,0,0,0,0,0,0
3,6,3753,1,15,10,20,41,0,0,0,0,0,0,0,0
10,5,3637,1,2,95,190,380,10,4,2888,1,0,120,240,480
10,6,4095,1,0,87,174,349,0,0,0,0,0,0,0,0
10,6,2794,1,0,38,77,154,0,0,0,0,0,0,0,0
2,6,1387,0,15,107,214,428,0,0,0,0,0,0,0,0
10,6,3567,0,1,11,23,47,0,0,0,0,0,0,0,0
9,5,3748,1,3,75,151,303,9,5,1337,1,5,83,167,334
10,4,651,0,1,63,127,254,0,0,0,0,0,0,0,0
10,5,3327,1,0,13,26,53,0,0,0,0,0,0,0,0
10,5,2732,0,1,95,191,383,0,0,0,0,0,0,0,0
10,6,4095,1,0,167,334,669,0,0,0,0,0,0,0,0
0,0,0,0,0,0,0,0,0,0,0,0,0,0,0,0
10,5,3231,0,0,150,301,603,10,4,3855,1,0,185,370,741
10,5,4083,0,0,17,34,69,0,0,0,0,0,0,0,0
10,6,3071,0,1,109,218,437,0,0,0,0,0,0,0,0
9,5,853,1,3,92,185,370,6,4,3339,0,6,85,170,340
10,4,318,0,2,50,101,202,0,0,0,0,0,0,0,0
10,5,3564,0,0,123,247,495,0,0,0,0,0,0,0,0
3,5,3732,1,15,9,19,38,0,0,0,0,0,0,0,0
10,6,4095,1,0,33,66,133,0,0,0,0,0,0,0,0
10,6,4095,1,0,10,20,41,0,0,0,0,0,0,0,0
3,4,980,1,15,15,31,63,0,0,0,0,0,0,0,0
10,6,2795,0,0,118,237,475,4,5,3878,0,11,107,214,429
0,0,0,0,0,0,0,0,0,0,0,0,0,0,0,0
0,0,0,0,0,0,0,0,0,0,0,0,0,0,0,0
0,0,0,0,0,0,0,0,0,0,0,0,0,0,0,0
0,0,0,0,0,0,0,0,0,0,0,0,0,0,0,0
10,5,3570,1,0,134,269,539,2,4,1082,0,14,186,372,745
0,0,0,0,0,0,0,0,0,0,0,0,0,0,0,0
10,5,698,1,0,193,387,774,0,0,0,0,0,0,0,0
9,4,126,1,3,112,224,448,0,0,0,0,0,0,0,0
10,6,3583,0,1,13,26,52,0,0,0,0,0,0,0,0
0,0,0,0,0,0,0,0,0,0,0,0,0,0,0,0
10,5,4083,0,0,34,68,137,6,5,1149,0,7,24,49,98
2,4,888,0,14,105,211,422,0,0,0,0,0,0,0,0
10,6,4095,1,0,82,164,329,0,0,0,0,0,0,0,0
10,4,3715,0,0,3,7,15,0,0,0,0,0,0,0,0
10,6,3755,1,0,46,93,186,0,0,0,0,0,0,0,0
9,4,3599,1,5,121,243,487,0,0,0,0,0,0,0,0
10,6,4095,1,0,37,74,149,0,0,0,0,0,0,0,0
10,5,3044,1,2,123,246,493,0,0,0,0,0,0,0,0
10,6,3775,0,0,214,428,856,0,0,0,0,0,0,0,0
10,6,2942,0,0,138,277,555,0,0,0,0,0,0,0,0
0,0,0,0,0,0,0,0,0,0,0,0,0,0,0,0
0,0,0,0,0,0,0,0,0,0,0,0,0,0,0,0
8,6,2553,0,5,45,91,182,0,0,0,0,0,0,0,0
10,6,4095,1,0,86,172,345,0,0,0,0,0,0,0,0
10,6,4095,1,0,132,264,529,0,0,0,0,0,0,0,0
10,5,4047,0,0,220,440,881,0,0,0,0,0,0,0,0
10,5,1023,1,0,106,212,425,0,0,0,0,0,0,0,0
10,6,4095,1,0,23,46,93,0,0,0,0,0,0,0,0
10,6,2799,0,1,123,246,492,0,0,0,0,0,0,0,0
10,6,3839,0,0,5,10,21,0,0,0,0,0,0,0,0
10,6,1771,0,2,7,15,30,6,6,2683,0,7,26,52,104
10,6,4095,1,0,123,246,493,6,4,2700,0,8,116,232,465
10,6,2794,1,0,206,413,826,0,0,0,0,0,0,0,0
10,6,4095,1,0,144,288,577,0,0,0,0,0,0,0,0
10,4,975,0,0,140,280,561,0,0,0,0,0,0,0,0
2,5,697,0,12,159,318,636,0,0,0,0,0,0,0,0
10,5,2951,1,0,211,423,846,0,0,0,0,0,0,0,0
0,0,0,0,0,0,0,0,0,0,0,0,0,0,0,0
10,4,3119,1,0,72,144,288,0,0,0,0,0,0,0,0
9,4,590,1,4,25,51,103,0,0,0,0,0,0,0,0
6,6,2670,0,6,145,291,583,0,0,0,0,0,0,0,0
9,6,2399,1,3,98,197,395,10,4,3388,0,1,143,286,572
10,5,3752,1,1,62,124,249,0,0,0,0,0,0,0,0
6,4,1208,0,8,32,65,131,0,0,0,0,0,0,0,0
0,0,0,0,0,0,0,0,0,0,0,0,0,0,0,0
10,6,4095,1,0,175,350,701,0,0,0,0,0,0,0,0
10,6,4095,1,0,177,354,709,0,0,0,0,0,0,0,0
10,6,2746,0,0,205,411,822,0,0,0,0,0,0,0,0
3,6,2749,1,13,163,327,654,0,0,0,0,0,0,0,0
10,4,4064,1,2,188,377,754,0,0,0,0,0,0,0,0
10,6,2799,0,1,105,210,420,2,5,2873,0,12,117,234,469
10,6,4095,1,0,21,42,85,0,0,0,0,0,0,0,0
0,0,0,0,0,0,0,0,0,0,0,0,0,0,0,0
6,5,735,0,7,122,244,488,0,0,0,0,0,0,0,0
10,5,3004,0,1,4,8,16,0,0,0,0,0,0,0,0
10,6,2751,0,2,16,32,64,0,0,0,0,0,0,0,0
9,4,1009,1,4,23,47,95,0,0,0,0,0,0,0,0
0,0,0,0,0,0,0,0,0,0,0,0,0,0,0,0
8,5,1279,0,3,5,10,20,8,5,1119,0,3,29,58,117
7,5,2278,1,7,95,191,383,2,5,3895,0,12,102,205,411
0,0,0,0,0,0,0,0,0,0,0,0,0,0,0,0
10,5,4047,0,0,81,162,325,0,0,0,0,0,0,0,0
10,6,4095,1,0,44,88,177,0,0,0,0,0,0,0,0
10,4,2354,0,1,215,430,861,0,0,0,0,0,0,0,0
10,6,1959,0,0,137,274,549,0,0,0,0,0,0,0,0
10,6,3838,1,0,27,54,108,0,0,0,0,0,0,0,0
10,6,4095,1,0,102,204,409,0,0,0,0,0,0,0,0
10,5,861,1,1,92,184,368,10,4,255,0,0,69,138,277
0,0,0,0,0,0,0,0,0,0,0,0,0,0,0,0
10,6,4095,1,0,162,324,649,0,0,0,0,0,0,0,0
10,6,4095,1,0,189,378,757,0,0,0,0,0,0,0,0
10,6,2799,0,1,161,322,644,0,0,0,0,0,0,0,0
10,6,4095,1,0,189,378,757,0,0,0,0,0,0,0,0
10,5,671,0,2,76,153,306,10,4,239,0,0,66,132,264
10,5,1964,0,2,43,87,175,0,0,0,0,0,0,0,0
9,5,3237,1,3,70,140,280,0,0,0,0,0,0,0,0
10,4,831,1,0,71,142,285,0,0,0,0,0,0,0,0
10,6,3067,0,0,86,172,344,0,0,0,0,0,0,0,0
10,6,4091,1,0,41,82,164,0,0,0,0,0,0,0,0
0,0,0,0,0,0,0,0,0,0,0,0,0,0,0,0
10,6,4095,1,0,80,160,321,0,0,0,0,0,0,0,0
10,6,3819,1,0,48,97,195,0,0,0,0,0,0,0,0
10,6,4095,1,0,88,176,353,0,0,0,0,0,0,0,0
10,6,4095,1,0,38,76,153,0,0,0,0,0,0,0,0
10,6,3818,1,1,62,125,250,0,0,0,0,0,0,0,0
10,5,3820,1,0,67,134,268,0,0,0,0,0,0,0,0
10,5,3327,1,0,143,286,573,0,0,0,0,0,0,0,0
10,4,764,0,2,5,10,21,0,0,0,0,0,0,0,0
4,5,367,0,10,202,405,811,0,0,0,0,0,0,0,0
10,6,4095,1,0,174,348,697,0,0,0,0,0,0,0,0
10,6,4095,1,0,176,352,705,0,0,0,0,0,0,0,0
10,6,4095,1,0,90,180,361,0,0,0,0,0,0,0,0
10,6,3754,1,1,35,70,141,0,0,0,0,0,0,0,0
8,5,3238,0,3,6,13,26,0,0,0,0,0,0,0,0
10,5,943,0,0,24,48,96,0,0,0,0,0,0,0,0
10,6,4095,1,0,105,210,421,0,0,0,0,0,0,0,0
7,6,3769,1,8,70,140,280,0,0,0,0,0,0,0,0
10,5,3899,1,0,59,118,236,0,0,0,0,0,0,0,0
10,6,4095,1,0,135,270,541,0,0,0,0,0,0,0,0
10,6,4095,1,0,215,430,861,0,0,0,0,0,0,0,0
10,6,4095,1,0,202,404,809,0,0,0,0,0,0,0,0
0,0,0,0,0,0,0,0,0,0,0,0,0,0,0,0
0,0,0,0,0,0,0,0,0,0,0,0,0,0,0,0
0,0,0,0,0,0,0,0,0,0,0,0,0,0,0,0
9,4,2095,1,4,203,407,814,0,0,0,0,0,0,0,0
8,5,1388,0,4,60,120,241,10,5,2962,1,1,146,292,585
10,4,2189,1,0,34,68,137,7,4,3155,1,6,44,89,179
8,5,3544,0,4,31,62,125,2,5,3526,0,12,69,138,276
10,5,3004,0,1,30,60,120,6,4,883,0,7,9,18,37
0,0,0,0,0,0,0,0,0,0,0,0,0,0,0,0
0,0,0,0,0,0,0,0,0,0,0,0,0,0,0,0
10,4,230,0,2,132,264,528,0,0,0,0,0,0,0,0
10,5,2862,1,0,115,231,463,0,0,0,0,0,0,0,0
10,6,4095,1,0,10,20,41,0,0,0,0,0,0,0,0
10,6,2986,1,0,139,278,557,0,0,0,0,0,0,0,0
7,5,1892,1,6,201,403,806,0,0,0,0,0,0,0,0
10,6,4095,1,0,97,194,389,0,0,0,0,0,0,0,0
10,6,4095,1,0,31,62,125,0,0,0,0,0,0,0,0
10,6,4095,1,0,46,92,185,0,0,0,0,0,0,0,0
10,5,3979,1,0,82,165,331,0,0,0,0,0,0,0,0
10,6,2810,1,0,192,385,770,9,4,1053,1,5,183,367,734
4,6,3957,0,10,146,292,584,7,5,3028,1,8,178,357,714
10,5,4092,0,0,114,228,457,0,0,0,0,0,0,0,0
10,6,2990,0,0,14,29,58,0,0,0,0,0,0,0,0
10,6,3051,0,0,108,217,435,10,6,2794,1,0,118,237,474
3,5,766,1,14,16,32,64,0,0,0,0,0,0,0,0
10,5,698,1,0,10,21,42,0,0,0,0,0,0,0,0
10,5,3791,0,0,116,232,465,0,0,0,0,0,0,0,0
10,6,4095,1,0,15,30,61,0,0,0,0,0,0,0,0
10,6,4095,1,0,80,160,321,0,0,0,0,0,0,0,0
10,6,4011,1,0,46,93,187,0,0,0,0,0,0,0,0
10,5,3325,1,2,164,329,659,7,4,3213,1,8,192,384,768
10,5,1023,1,0,185,370,741,0,0,0,0,0,0,0,0
8,4,1411,0,3,180,361,722,0,0,0,0,0,0,0,0
10,4,3324,1,0,131,262,525,0,0,0,0,0,0,0,0
0,0,0,0,0,0,0,0,0,0,0,0,0,0,0,0
0,0,0,0,0,0,0,0,0,0,0,0,0,0,0,0
10,5,1023,1,0,149,298,597,0,0,0,0,0,0,0,0
10,6,4095,1,0,53,106,213,0,0,0,0,0,0,0,0
9,4,250,1,3,43,86,172,0,0,0,0,0,0,0,0
6,4,2376,0,6,93,186,373,0,0,0,0,0,0,0,0
9,5,2024,1,4,12,24,49,10,4,3855,1,0,65,130,261
10,6,4095,1,0,77,154,309,0,0,0,0,0,0,0,0
4,5,2513,0,11,183,367,734,0,0,0,0,0,0,0,0
2,5,1579,0,15,154,308,617,0,0,0,0,0,0,0,0
10,6,4095,1,0,13,26,53,0,0,0,0,0,0,0,0
10,6,2747,0,1,115,231,463,0,0,0,0,0,0,0,0
10,5,3836,0,0,202,404,809,0,0,0,0,0,0,0,0
10,6,4095,1,0,148,296,593,0,0,0,0,0,0,0,0
0,0,0,0,0,0,0,0,0,0,0,0,0,0,0,0
0,0,0,0,0,0,0,0,0,0,0,0,0,0,0,0
10,6,2731,0,1,190,381,762,0,0,0,0,0,0,0,0
10,5,3048,1,0,218,437,874,0,0,0,0,0,0,0,0
10,6,4094,1,1,200,400,800,5,5,1323,1,10,206,412,825
10,6,4095,1,0,150,300,601,0,0,0,0,0,0,0,0
10,5,4043,1,0,150,300,600,0,0,0,0,0,0,0,0
10,5,2988,0,0,202,405,811,0,0,0,0,0,0,0,0
0,0,0,0,0,0,0,0,0,0,0,0,0,0,0,0
10,6,4095,1,0,77,154,309,10,4,1192,0,2,83,166,333
10,6,4030,1,0,49,98,196,0,0,0,0,0,0,0,0
10,6,4095,1,0,115,230,461,10,5,3259,1,0,71,142,284
2,6,1373,0,14,16,33,66,10,4,3135,1,0,11,22,45
0,0,0,0,0,0,0,0,0,0,0,0,0,0,0,0
9,5,1948,1,4,87,174,349,0,0,0,0,0,0,0,0
10,5,4092,0,0,36,72,145,0,0,0,0,0,0,0,0
10,4,238,1,1,73,146,292,0,0,0,0,0,0,0,0
10,5,4092,0,0,58,116,233,0,0,0,0,0,0,0,0
10,6,4095,1,0,67,134,269,0,0,0,0,0,0,0,0
10,6,2986,1,0,58,116,233,0,0,0,0,0,0,0,0
0,0,0,0,0,0,0,0,0,0,0,0,0,0,0,0
10,6,4095,1,0,70,140,281,9,4,233,1,4,78,157,314
10,6,4095,1,0,203,406,813,0,0,0,0,0,0,0,0
10,6,4095,1,0,147,294,589,0,0,0,0,0,0,0,0
10,6,3413,1,2,40,81,162,0,0,0,0,0,0,0,0
10,6,3839,0,0,86,172,345,0,0,0,0,0,0,0,0
10,6,4095,1,0,154,308,617,0,0,0,0,0,0,0,0
10,6,4095,1,0,197,394,789,0,0,0,0,0,0,0,0
10,6,4095,1,0,158,316,633,0,0,0,0,0,0,0,0
10,6,4095,1,0,194,388,777,0,0,0,0,0,0,0,0
0,0,0,0,0,0,0,0,0,0,0,0,0,0,0,0
6,6,3438,0,6,180,361,723,0,0,0,0,0,0,0,0
0,0,0,0,0,0,0,0,0,0,0,0,0,0,0,0
10,4,255,0,0,56,112,225,0,0,0,0,0,0,0,0
10,6,4095,1,0,37,74,149,0,0,0,0,0,0,0,0
10,6,3822,1,0,88,177,355,0,0,0,0,0,0,0,0
0,0,0,0,0,0,0,0,0,0,0,0,0,0,0,0
10,6,4095,1,0,171,342,685,0,0,0,0,0,0,0,0
10,5,3059,0,1,124,248,497,0,0,0,0,0,0,0,0
7,5,3939,1,6,4,8,17,0,0,0,0,0,0,0,0
10,6,3071,0,1,5,10,21,0,0,0,0,0,0,0,0
10,6,4095,1,0,123,246,493,0,0,0,0,0,0,0,0
10,6,4095,1,0,90,180,361,0,0,0,0,0,0,0,0
10,5,1023,1,0,176,352,705,0,0,0,0,0,0,0,0
10,6,3754,1,1,176,352,705,9,5,3992,1,3,155,310,620
0,0,0,0,0,0,0,0,0,0,0,0,0,0,0,0
10,5,1023,1,0,131,262,525,0,0,0,0,0,0,0,0
10,6,4095,1,0,219,438,877,0,0,0,0,0,0,0,0
10,5,3326,1,1,147,294,588,0,0,0,0,0,0,0,0
10,6,3002,1,0,205,411,822,0,0,0,0,0,0,0,0
0,0,0,0,0,0,0,0,0,0,0,0,0,0,0,0
0,0,0,0,0,0,0,0,0,0,0,0,0,0,0,0
10,6,2751,0,2,30,60,120,9,4,3792,1,4,21,43,87
10,6,4095,1,0,99,198,397,0,0,0,0,0,0,0,0
0,0,0,0,0,0,0,0,0,0,0,0,0,0,0,0
10,6,4031,0,0,140,280,561,0,0,0,0,0,0,0,0
10,6,4095,1,0,110,220,441,0,0,0,0,0,0,0,0
10,5,3349,1,2,9,19,38,9,5,3748,1,3,14,29,59
0,0,0,0,0,0,0,0,0,0,0,0,0,0,0,0
0,0,0,0,0,0,0,0,0,0,0,0,0,0,0,0
0,0,0,0,0,0,0,0,0,0,0,0,0,0,0,0
8,4,111,0,5,162,324,649,0,0,0,0,0,0,0,0
9,5,1939,1,4,24,48,96,0,0,0,0,0,0,0,0
10,4,3488,1,1,120,240,480,0,0,0,0,0,0,0,0
10,6,4095,1,0,33,66,133,0,0,0,0,0,0,0,0
10,5,4019,0,0,93,186,372,0,0,0,0,0,0,0,0
10,6,4095,1,0,137,274,549,0,0,0,0,0,0,0,0
10,6,4079,1,0,214,428,856,0,0,0,0,0,0,0,0
10,6,3754,1,1,55,110,221,0,0,0,0,0,0,0,0
10,6,4091,1,0,73,146,292,0,0,0,0,0,0,0,0
10,6,4095,1,0,156,312,625,0,0,0,0,0,0,0,0
10,6,4095,1,0,194,388,777,0,0,0,0,0,0,0,0
10,4,4080,0,0,206,412,825,0,0,0,0,0,0,0,0
10,6,4095,1,0,146,292,585,0,0,0,0,0,0,0,0
0,0,0,0,0,0,0,0,0,0,0,0,0,0,0,0
10,4,2956,0,1,204,408,816,0,0,0,0,0,0,0,0
10,5,3903,0,0,147,294,589,0,0,0,0,0,0,0,0
10,6,2735,0,1,216,433,867,0,0,0,0,0,0,0,0
9,4,1081,1,5,17,35,71,6,4,2508,0,8,145,291,582
10,5,2996,1,1,23,46,93,2,5,1278,0,14,32,65,131
10,6,4079,1,0,122,244,488,10,5,2635,0,1,207,414,829
10,5,2801,1,1,117,234,469,10,5,3955,0,0,133,266,532
10,6,1790,0,1,39,79,159,10,5,2419,0,2,206,413,826
10,5,3975,1,1,13,27,54,10,4,2380,0,2,27,55,110
0,0,0,0,0,0,0,0,0,0,0,0,0,0,0,0
3,6,1623,1,12,166,332,664,0,0,0,0,0,0,0,0
10,6,4095,1,0,144,288,577,0,0,0,0,0,0,0,0
10,6,4095,1,0,50,100,201,0,0,0,0,0,0,0,0
10,4,255,0,0,76,152,305,0,0,0,0,0,0,0,0
9,5,3723,1,5,102,204,409,0,0,0,0,0,0,0,0
2,5,991,0,14,15,31,63,5,4,3472,1,9,3,7,15
10,6,4095,1,0,15,30,61,0,0,0,0,0,0,0,0
10,6,3069,1,1,118,237,475,0,0,0,0,0,0,0,0
10,6,3774,1,0,136,273,547,0,0,0,0,0,0,0,0
0,0,0,0,0,0,0,0,0,0,0,0,0,0,0,0
10,5,4047,0,0,215,430,861,0,0,0,0,0,0,0,0
10,6,4079,1,0,105,210,420,10,5,1684,1,0,110,221,442
10,6,2715,0,0,16,32,65,9,5,471,1,4,21,43,86
10,5,4092,0,0,154,308,617,0,0,0,0,0,0,0,0
10,5,4092,0,0,197,394,789,0,0,0,0,0,0,0,0
10,6,4095,1,0,49,98,197,0,0,0,0,0,0,0,0
10,5,1118,0,2,70,140,280,6,4,2380,0,8,41,83,167
8,4,1541,0,5,98,197,395,0,0,0,0,0,0,0,0
10,6,2778,1,0,33,66,133,0,0,0,0,0,0,0,0
10,5,4083,0,0,220,440,881,0,0,0,0,0,0,0,0
5,5,3729,1,9,136,272,545,0,0,0,0,0,0,0,0
10,5,3983,0,0,221,442,884,0,0,0,0,0,0,0,0
6,4,2310,0,6,44,88,176,0,0,0,0,0,0,0,0
10,5,2222,0,0,92,185,370,0,0,0,0,0,0,0,0
10,6,4027,1,0,12,24,48,0,0,0,0,0,0,0,0
10,5,1720,0,2,18,37,74,0,0,0,0,0,0,0,0
9,4,3660,1,5,89,178,356,0,0,0,0,0,0,0,0
9,6,1623,1,4,90,181,362,0,0,0,0,0,0,0,0
10,5,751,0,1,36,72,144,2,4,872,0,14,31,62,125
10,6,4095,1,0,39,78,157,0,0,0,0,0,0,0,0
10,6,4095,1,0,86,172,345,0,0,0,0,0,0,0,0
7,4,3808,1,7,182,364,729,0,0,0,0,0,0,0,0
0,0,0,0,0,0,0,0,0,0,0,0,0,0,0,0
10,6,3758,1,0,24,49,98,0,0,0,0,0,0,0,0
10,6,3839,0,0,104,208,417,8,5,3639,0,5,99,198,396
10,6,2810,1,0,210,421,842,0,0,0,0,0,0,0,0
10,6,3695,0,0,136,273,547,0,0,0,0,0,0,0,0
10,4,3339,0,0,219,439,878,0,0,0,0,0,0,0,0
10,6,4095,1,0,114,228,457,0,0,0,0,0,0,0,0
10,5,621,1,0,8,16,32,0,0,0,0,0,0,0,0
10,5,2808,0,0,114,229,459,0,0,0,0,0,0,0,0
10,6,4095,1,0,209,418,837,0,0,0,0,0,0,0,0
10,6,1710,0,1,144,288,577,0,0,0,0,0,0,0,0
6,4,2830,0,6,212,424,849,0,0,0,0,0,0,0,0
10,5,4092,0,0,78,156,313,2,4,3504,0,14,36,73,146
0,0,0,0,0,0,0,0,0,0,0,0,0,0,0,0
10,6,2751,0,2,51,102,204,0,0,0,0,0,0,0,0
10,5,4083,0,0,76,152,305,0,0,0,0,0,0,0,0
10,6,4095,1,0,51,102,205,0,0,0,0,0,0,0,0
10,6,4095,1,0,194,388,777,7,6,2025,1,6,208,417,835
10,6,4095,1,0,158,316,633,0,0,0,0,0,0,0,0
10,6,4095,1,0,17,34,69,0,0,0,0,0,0,0,0
10,6,3069,1,1,111,223,447,0,0,0,0,0,0,0,0
0,0,0,0,0,0,0,0,0,0,0,0,0,0,0,0
2,6,1387,0,15,77,154,308,0,0,0,0,0,0,0,0
10,6,4095,1,0,43,86,173,0,0,0,0,0,0,0,0
10,6,4095,1,0,29,58,117,0,0,0,0,0,0,0,0
0,0,0,0,0,0,0,0,0,0,0,0,0,0,0,0
10,6,2991,0,1,62,125,251,10,4,947,0,0,116,232,464
10,6,2731,0,1,42,85,170,0,0,0,0,0,0,0,0
5,5,1598,1,11,91,183,366,0,0,0,0,0,0,0,0
10,6,4095,1,0,205,410,821,0,0,0,0,0,0,0,0
10,5,4047,0,0,145,290,581,0,0,0,0,0,0,0,0
10,5,1023,1,0,26,52,105,0,0,0,0,0,0,0,0
10,6,2746,0,0,99,199,398,0,0,0,0,0,0,0,0
9,6,4057,1,3,149,298,597,2,4,1077,0,13,136,273,547
10,6,4095,1,0,214,428,857,0,0,0,0,0,0,0,0
10,6,4095,1,0,159,318,637,0,0,0,0,0,0,0,0
10,6,4095,1,0,193,386,773,0,0,0,0,0,0,0,0
10,6,4095,1,0,28,56,113,0,0,0,0,0,0,0,0
10,6,2013,1,0,6,12,25,0,0,0,0,0,0,0,0
8,4,155,0,3,48,96,192,0,0,0,0,0,0,0,0
10,6,4095,1,0,188,376,753,0,0,0,0,0,0,0,0
3,4,1992,1,13,176,353,707,0,0,0,0,0,0,0,0
10,6,4095,1,0,40,80,161,0,0,0,0,0,0,0,0
3,4,3715,1,12,95,190,381,0,0,0,0,0,0,0,0
10,5,1023,1,0,52,104,209,0,0,0,0,0,0,0,0
9,4,3984,1,5,62,125,250,0,0,0,0,0,0,0,0
10,6,4095,1,0,201,402,805,10,4,337,0,0,206,412,825
10,6,4094,1,1,142,284,568,10,6,3065,1,1,148,297,594
10,6,2795,0,0,26,53,107,0,0,0,0,0,0,0,0
0,0,0,0,0,0,0,0,0,0,0,0,0,0,0,0
8,6,1467,0,3,88,177,354,0,0,0,0,0,0,0,0
10,6,4095,1,0,72,144,289,0,0,0,0,0,0,0,0
10,6,4095,1,0,54,108,217,0,0,0,0,0,0,0,0
10,6,4095,1,0,166,332,665,0,0,0,0,0,0,0,0
10,5,4083,0,0,184,368,737,0,0,0,0,0,0,0,0
10,4,4080,0,0,69,138,277,0,0,0,0,0,0,0,0
10,6,4095,1,0,56,112,225,0,0,0,0,0,0,0,0
10,5,4047,0,0,111,222,445,0,0,0,0,0,0,0,0
10,6,4095,1,0,17,34,69,0,0,0,0,0,0,0,0
10,5,3327,1,0,140,280,561,0,0,0,0,0,0,0,0
10,6,4095,1,0,212,424,849,8,4,457,0,4,205,411,822
10,6,4095,1,0,50,100,201,0,0,0,0,0,0,0,0
10,6,4095,1,0,79,158,317,0,0,0,0,0,0,0,0
10,4,3315,0,0,13,26,53,0,0,0,0,0,0,0,0
10,5,3327,1,0,113,226,453,0,0,0,0,0,0,0,0
10,6,2986,1,0,176,352,705,5,6,4057,1,9,184,369,739
10,5,3327,1,0,174,348,697,0,0,0,0,0,0,0,0
10,4,3457,1,2,216,433,867,0,0,0,0,0,0,0,0
10,5,2950,1,1,189,378,757,0,0,0,0,0,0,0,0
0,0,0,0,0,0,0,0,0,0,0,0,0,0,0,0
10,4,3850,1,1,211,423,847,0,0,0,0,0,0,0,0
10,5,4083,0,0,139,278,557,0,0,0,0,0,0,0,0
10,6,4079,1,0,211,422,844,0,0,0,0,0,0,0,0
10,6,4095,1,0,79,158,317,0,0,0,0,0,0,0,0
10,6,4095,1,0,46,92,185,0,0,0,0,0,0,0,0
10,6,3753,1,2,171,342,684,0,0,0,0,0,0,0,0
0,0,0,0,0,0,0,0,0,0,0,0,0,0,0,0
10,5,3052,0,0,170,340,680,0,0,0,0,0,0,0,0
0,0,0,0,0,0,0,0,0,0,0,0,0,0,0,0
4,5,3322,0,11,137,275,551,0,0,0,0,0,0,0,0
9,4,3936,1,4,214,429,859,2,4,3010,0,12,188,377,754
10,6,3770,1,0,53,107,214,0,0,0,0,0,0,0,0
9,5,3684,1,3,30,61,122,10,5,3721,1,2,118,236,472
10,5,2732,0,1,69,139,279,10,4,3040,0,0,97,195,391
10,6,4095,1,0,193,386,773,0,0,0,0,0,0,0,0
10,6,4095,1,0,159,318,637,0,0,0,0,0,0,0,0
10,6,3055,0,0,25,50,100,0,0,0,0,0,0,0,0
10,6,3770,1,0,100,201,402,0,0,0,0,0,0,0,0
9,6,4005,1,3,88,176,352,10,5,2040,0,1,102,204,408
10,4,235,0,0,38,77,155,0,0,0,0,0,0,0,0
10,6,4095,1,0,174,348,697,0,0,0,0,0,0,0,0
10,6,2746,0,0,176,353,706,0,0,0,0,0,0,0,0
10,6,4095,1,0,159,318,637,0,0,0,0,0,0,0,0
10,6,4095,1,0,191,382,765,0,0,0,0,0,0,0,0
10,5,4047,0,0,192,384,769,0,0,0,0,0,0,0,0
10,5,3700,1,2,207,414,828,8,4,831,0,5,145,291,583
0,0,0,0,0,0,0,0,0,0,0,0,0,0,0,0
9,5,757,1,3,64,128,257,0,0,0,0,0,0,0,0
10,6,3835,0,0,27,54,108,0,0,0,0,0,0,0,0
10,5,3059,0,1,136,272,545,0,0,0,0,0,0,0,0
0,0,0,0,0,0,0,0,0,0,0,0,0,0,0,0
10,4,882,1,0,190,381,762,5,4,3972,1,10,207,414,829
10,5,4092,0,0,82,164,329,0,0,0,0,0,0,0,0
10,5,2732,0,1,43,87,175,0,0,0,0,0,0,0,0
10,6,4095,1,0,93,186,373,0,0,0,0,0,0,0,0
10,6,4095,1,0,32,64,129,0,0,0,0,0,0,0,0
10,6,4095,1,0,202,404,809,0,0,0,0,0,0,0,0
9,4,3660,1,5,144,288,576,0,0,0,0,0,0,0,0
10,6,3774,1,0,148,297,595,0,0,0,0,0,0,0,0
0,0,0,0,0,0,0,0,0,0,0,0,0,0,0,0
10,5,4047,0,0,79,158,317,0,0,0,0,0,0,0,0
10,6,4095,1,0,50,100,201,0,0,0,0,0,0,0,0
10,5,3903,0,0,106,212,425,0,0,0,0,0,0,0,0
8,6,3434,0,5,12,25,50,7,4,2960,1,8,30,60,121
2,6,1707,0,15,119,238,477,0,0,0,0,0,0,0,0
10,6,4095,1,0,158,316,633,0,0,0,0,0,0,0,0
0,0,0,0,0,0,0,0,0,0,0,0,0,0,0,0
10,5,2623,0,1,155,310,620,0,0,0,0,0,0,0,0
0,0,0,0,0,0,0,0,0,0,0,0,0,0,0,0
10,6,4095,1,0,8,16,33,0,0,0,0,0,0,0,0
10,6,4095,1,0,120,240,481,0,0,0,0,0,0,0,0
10,5,729,1,2,91,182,364,0,0,0,0,0,0,0,0
0,0,0,0,0,0,0,0,0,0,0,0,0,0,0,0
10,6,4095,1,0,108,216,433,0,0,0,0,0,0,0,0
10,6,4095,1,0,81,162,325,0,0,0,0,0,0,0,0
10,6,4095,1,0,44,88,177,0,0,0,0,0,0,0,0
10,6,4095,1,0,100,200,401,0,0,0,0,0,0,0,0
10,6,2735,0,1,28,57,115,0,0,0,0,0,0,0,0
10,6,3759,0,0,14,29,59,0,0,0,0,0,0,0,0
0,0,0,0,0,0,0,0,0,0,0,0,0,0,0,0
10,6,3069,1,1,113,227,455,0,0,0,0,0,0,0,0
9,6,2783,1,4,96,192,385,10,5,3182,1,0,89,179,358
10,5,4083,0,0,40,80,161,0,0,0,0,0,0,0,0
7,5,998,1,8,85,170,340,0,0,0,0,0,0,0,0
10,6,4095,1,0,66,132,265,0,0,0,0,0,0,0,0
10,5,4042,1,1,189,379,759,0,0,0,0,0,0,0,0
10,4,3900,0,0,162,324,649,0,0,0,0,0,0,0,0
10,5,1761,1,0,77,154,308,10,5,1912,0,1,116,233,466
9,4,4036,1,4,25,50,100,0,0,0,0,0,0,0,0
10,6,4095,1,0,110,220,441,0,0,0,0,0,0,0,0
0,0,0,0,0,0,0,0,0,0,0,0,0,0,0,0
10,6,3750,1,1,98,196,392,10,5,3866,1,2,104,208,417
10,4,3634,1,0,8,17,35,0,0,0,0,0,0,0,0
7,4,3853,1,8,112,224,449,0,0,0,0,0,0,0,0
10,6,2007,0,0,58,116,233,10,5,422,0,0,63,127,255
9,6,1405,1,4,33,67,134,0,0,0,0,0,0,0,0
10,6,4094,1,1,91,182,364,0,0,0,0,0,0,0,0
10,6,4095,1,0,137,274,549,0,0,0,0,0,0,0,0
0,0,0,0,0,0,0,0,0,0,0,0,0,0,0,0
10,5,4082,1,1,214,428,856,0,0,0,0,0,0,0,0
10,5,4092,0,0,210,420,841,0,0,0,0,0,0,0,0
8,6,3035,0,5,142,284,568,8,4,714,0,4,135,270,540
10,5,3903,0,0,169,338,677,0,0,0,0,0,0,0,0
10,5,702,0,0,52,105,211,9,4,4000,1,3,160,320,641
10,5,3015,1,0,32,65,131,10,5,3795,1,0,41,83,167
10,6,3054,1,0,86,173,347,0,0,0,0,0,0,0,0
10,5,3903,0,0,71,142,285,10,4,2073,1,1,76,153,307
10,6,3071,0,1,55,110,221,0,0,0,0,0,0,0,0
10,6,4095,1,0,66,132,265,0,0,0,0,0,0,0,0
10,6,3497,1,1,59,118,236,10,5,2859,0,0,51,103,207
0,0,0,0,0,0,0,0,0,0,0,0,0,0,0,0
10,5,4083,0,0,208,416,833,0,0,0,0,0,0,0,0
10,6,4079,1,0,143,286,572,0,0,0,0,0,0,0,0
0,0,0,0,0,0,0,0,0,0,0,0,0,0,0,0
10,4,190,1,0,101,203,407,0,0,0,0,0,0,0,0
10,4,2768,1,1,112,224,448,0,0,0,0,0,0,0,0
10,6,2815,0,1,194,388,776,8,4,331,0,4,13,26,52
0,0,0,0,0,0,0,0,0,0,0,0,0,0,0,0
10,4,1020,1,0,67,134,269,0,0,0,0,0,0,0,0
10,6,4095,1,0,63,126,253,0,0,0,0,0,0,0,0
10,6,4095,1,0,65,130,261,0,0,0,0,0,0,0,0
10,4,255,0,0,215,430,861,0,0,0,0,0,0,0,0
10,6,4095,1,0,137,274,549,0,0,0,0,0,0,0,0
10,6,4091,1,0,93,186,372,0,0,0,0,0,0,0,0
10,6,4095,1,0,36,72,145,4,4,283,0,9,5,10,21
10,5,2739,0,1,167,334,668,0,0,0,0,0,0,0,0
3,5,765,1,15,202,405,811,0,0,0,0,0,0,0,0
10,5,3048,1,0,208,417,834,0,0,0,0,0,0,0,0
10,6,3822,1,0,104,209,419,0,0,0,0,0,0,0,0
0,0,0,0,0,0,0,0,0,0,0,0,0,0,0,0
10,6,3575,1,0,111,223,446,10,4,3916,1,0,72,145,291
9,5,3668,1,4,64,128,257,0,0,0,0,0,0,0,0
10,5,3258,1,1,76,153,307,0,0,0,0,0,0,0,0
10,4,4080,0,0,71,142,285,0,0,0,0,0,0,0,0
10,5,3764,1,2,164,328,657,5,5,1464,1,11,55,111,222
10,5,3004,0,1,77,154,308,0,0,0,0,0,0,0,0
10,5,1023,1,0,23,46,93,0,0,0,0,0,0,0,0
10,6,4095,1,0,102,204,409,0,0,0,0,0,0,0,0
0,0,0,0,0,0,0,0,0,0,0,0,0,0,0,0
0,0,0,0,0,0,0,0,0,0,0,0,0,0,0,0
0,0,0,0,0,0,0,0,0,0,0,0,0,0,0,0
10,6,4095,1,0,37,74,149,0,0,0,0,0,0,0,0
10,6,4095,1,0,92,184,369,0,0,0,0,0,0,0,0
3,4,3233,1,15,109,218,437,0,0,0,0,0,0,0,0
10,5,3836,0,0,192,384,769,0,0,0,0,0,0,0,0
10,6,4095,1,0,159,318,637,0,0,0,0,0,0,0,0
3,4,4080,1,13,98,197,394,0,0,0,0,0,0,0,0
10,6,2794,1,0,78,157,314,0,0,0,0,0,0,0,0
4,6,2981,0,11,37,75,151,0,0,0,0,0,0,0,0
0,0,0,0,0,0,0,0,0,0,0,0,0,0,0,0
2,5,2044,0,15,55,110,220,3,5,1017,1,15,88,177,355
2,5,1521,0,13,64,128,256,5,4,3984,1,11,43,86,172
10,6,1769,1,0,163,326,652,0,0,0,0,0,0,0,0
8,4,1776,0,5,220,441,883,0,0,0,0,0,0,0,0
0,0,0,0,0,0,0,0,0,0,0,0,0,0,0,0
0,0,0,0,0,0,0,0,0,0,0,0,0,0,0,0
0,0,0,0,0,0,0,0,0,0,0,0,0,0,0,0
0,0,0,0,0,0,0,0,0,0,0,0,0,0,0,0
10,5,2996,1,1,55,110,221,10,5,1907,0,2,91,183,367
5,5,2139,1,11,22,44,88,0,0,0,0,0,0,0,0
0,0,0,0,0,0,0,0,0,0,0,0,0,0,0,0
10,6,2815,0,1,197,394,788,10,4,434,0,1,191,382,765
10,6,4095,1,0,155,310,621,0,0,0,0,0,0,0,0
3,5,3375,1,12,22,45,91,0,0,0,0,0,0,0,0
10,5,4047,0,0,101,202,405,0,0,0,0,0,0,0,0
10,6,4095,1,0,37,74,149,0,0,0,0,0,0,0,0
10,5,2234,0,0,88,177,354,0,0,0,0,0,0,0,0
7,5,3028,1,8,149,299,598,0,0,0,0,0,0,0,0
10,6,3002,1,0,216,433,866,0,0,0,0,0,0,0,0
10,6,2794,1,0,28,57,114,0,0,0,0,0,0,0,0
10,6,4095,1,0,100,200,401,0,0,0,0,0,0,0,0
10,6,3007,0,1,209,418,836,0,0,0,0,0,0,0,0
0,0,0,0,0,0,0,0,0,0,0,0,0,0,0,0
0,0,0,0,0,0,0,0,0,0,0,0,0,0,0,0
0,0,0,0,0,0,0,0,0,0,0,0,0,0,0,0
0,0,0,0,0,0,0,0,0,0,0,0,0,0,0,0
8,6,1877,0,4,141,283,567,6,4,3372,0,6,153,307,615
5,4,4048,1,10,12,25,50,0,0,0,0,0,0,0,0
4,6,2981,0,11,113,227,455,0,0,0,0,0,0,0,0
0,0,0,0,0,0,0,0,0,0,0,0,0,0,0,0
9,4,1223,1,4,189,379,759,0,0,0,0,0,0,0,0
9,5,4037,1,3,166,332,665,8,4,1475,0,3,149,299,599
0,0,0,0,0,0,0,0,0,0,0,0,0,0,0,0
10,5,1341,0,1,167,334,668,0,0,0,0,0,0,0,0
10,4,903,1,0,185,371,742,0,0,0,0,0,0,0,0
0,0,0,0,0,0,0,0,0,0,0,0,0,0,0,0
6,5,2387,0,7,112,225,450,0,0,0,0,0,0,0,0
10,4,3324,1,0,27,54,109,0,0,0,0,0,0,0,0
10,4,3101,1,2,16,32,65,0,0,0,0,0,0,0,0
6,5,1998,0,7,34,68,137,8,4,492,0,4,60,121,243
0,0,0,0,0,0,0,0,0,0,0,0,0,0,0,0
0,0,0,0,0,0,0,0,0,0,0,0,0,0,0,0
0,0,0,0,0,0,0,0,0,0,0,0,0,0,0,0
10,5,4083,0,0,35,70,141,0,0,0,0,0,0,0,0
2,4,3884,0,13,113,226,452,0,0,0,0,0,0,0,0
8,5,379,0,4,20,40,81,10,4,2163,0,2,12,25,51
10,5,3327,1,0,105,210,421,0,0,0,0,0,0,0,0
10,6,4095,1,0,55,110,221,0,0,0,0,0,0,0,0
10,4,3952,1,1,59,119,238,0,0,0,0,0,0,0,0
3,4,1286,1,12,114,229,458,0,0,0,0,0,0,0,0
10,6,3839,0,0,35,70,141,0,0,0,0,0,0,0,0
3,4,174,1,12,219,439,878,0,0,0,0,0,0,0,0
2,4,1904,0,15,161,323,647,0,0,0,0,0,0,0,0
10,4,2764,0,2,218,436,873,2,4,1138,0,14,187,374,748
0,0,0,0,0,0,0,0,0,0,0,0,0,0,0,0
10,4,151,0,2,137,275,551,0,0,0,0,0,0,0,0
6,4,151,0,8,200,400,801,0,0,0,0,0,0,0,0
10,6,4095,1,0,54,108,217,0,0,0,0,0,0,0,0
10,6,4095,1,0,74,148,297,0,0,0,0,0,0,0,0
8,5,3939,0,5,45,90,180,10,4,3056,0,2,101,203,406
10,6,4090,1,1,76,153,307,0,0,0,0,0,0,0,0
10,5,3489,1,2,193,387,775,0,0,0,0,0,0,0,0
10,4,3308,1,0,148,296,592,10,4,1922,0,0,173,346,693
2,4,504,0,15,204,409,819,0,0,0,0,0,0,0,0
6,6,2987,0,6,162,324,648,6,4,571,0,7,157,314,628
10,6,3754,1,1,147,294,589,10,4,3333,1,2,179,359,718
10,6,4079,1,0,166,332,664,0,0,0,0,0,0,0,0
10,6,2747,0,1,186,373,747,0,0,0,0,0,0,0,0
3,4,221,1,15,218,437,874,0,0,0,0,0,0,0,0
0,0,0,0,0,0,0,0,0,0,0,0,0,0,0,0
10,5,999,1,1,141,283,567,10,4,3859,1,0,133,267,535
10,4,215,1,0,116,232,465,0,0,0,0,0,0,0,0
10,6,2731,0,1,219,439,878,0,0,0,0,0,0,0,0
0,0,0,0,0,0,0,0,0,0,0,0,0,0,0,0
10,6,3063,1,0,12,25,51,8,5,4003,0,5,22,44,89
0,0,0,0,0,0,0,0,0,0,0,0,0,0,0,0
3,4,1165,1,12,18,36,72,0,0,0,0,0,0,0,0
10,5,4024,1,1,113,227,455,0,0,0,0,0,0,0,0
10,5,1006,1,1,82,164,328,10,4,2103,0,0,199,399,798
10,6,1722,0,1,45,90,181,0,0,0,0,0,0,0,0
10,4,255,0,0,83,166,333,0,0,0,0,0,0,0,0
0,0,0,0,0,0,0,0,0,0,0,0,0,0,0,0
10,5,3772,0,0,157,314,628,0,0,0,0,0,0,0,0
8,6,3670,0,4,182,364,729,0,0,0,0,0,0,0,0
8,4,3846,0,3,132,265,531,7,4,247,1,7,171,343,686
10,5,4092,0,0,140,280,561,0,0,0,0,0,0,0,0
7,4,250,1,8,212,425,850,0,0,0,0,0,0,0,0
10,6,2799,0,1,111,222,444,0,0,0,0,0,0,0,0
10,6,4095,1,0,18,36,73,0,0,0,0,0,0,0,0
10,6,4095,1,0,213,426,853,0,0,0,0,0,0,0,0
10,6,4059,1,1,136,273,547,0,0,0,0,0,0,0,0
10,5,2668,0,1,213,427,854,0,0,0,0,0,0,0,0
10,6,1946,0,0,20,40,80,0,0,0,0,0,0,0,0
0,0,0,0,0,0,0,0,0,0,0,0,0,0,0,0
10,5,1023,1,0,108,216,433,0,0,0,0,0,0,0,0
10,6,4095,1,0,212,424,849,0,0,0,0,0,0,0,0
10,5,3068,0,1,143,286,573,0,0,0,0,0,0,0,0
9,5,4041,1,3,54,109,218,8,4,107,0,4,137,274,548
10,4,3114,1,1,213,427,854,8,4,492,0,4,219,439,879
10,5,3019,0,0,216,432,864,8,5,3246,0,5,210,420,840
10,4,2826,1,0,134,269,538,0,0,0,0,0,0,0,0
10,6,2815,0,1,135,270,540,10,5,1109,1,0,140,280,561
8,5,2740,0,4,219,439,878,0,0,0,0,0,0,0,0
10,6,4095,1,0,168,336,673,0,0,0,0,0,0,0,0
0,0,0,0,0,0,0,0,0,0,0,0,0,0,0,0
5,4,3379,1,11,214,428,856,0,0,0,0,0,0,0,0
0,0,0,0,0,0,0,0,0,0,0,0,0,0,0,0
10,5,2420,0,0,177,355,711,10,4,3889,1,2,219,439,878
10,6,4095,1,0,150,300,601,0,0,0,0,0,0,0,0
10,4,3135,1,0,32,64,129,0,0,0,0,0,0,0,0
0,0,0,0,0,0,0,0,0,0,0,0,0,0,0,0
9,4,920,1,3,189,378,756,0,0,0,0,0,0,0,0
10,6,4095,1,0,103,206,413,0,0,0,0,0,0,0,0
10,6,4091,1,0,26,52,104,9,4,1000,1,3,9,19,38
10,6,4095,1,0,104,208,417,0,0,0,0,0,0,0,0
10,6,4094,1,1,25,50,100,0,0,0,0,0,0,0,0
10,6,4095,1,0,143,286,573,0,0,0,0,0,0,0,0
10,6,3819,1,0,208,417,835,0,0,0,0,0,0,0,0
10,6,1982,0,1,201,403,807,0,0,0,0,0,0,0,0
10,4,3824,0,0,140,280,561,0,0,0,0,0,0,0,0
7,5,1745,1,6,160,320,641,0,0,0,0,0,0,0,0
10,5,2776,1,0,220,440,881,0,0,0,0,0,0,0,0
9,5,991,1,5,81,163,326,0,0,0,0,0,0,0,0
0,0,0,0,0,0,0,0,0,0,0,0,0,0,0,0
10,5,3811,0,0,70,140,280,0,0,0,0,0,0,0,0
10,4,255,0,0,167,334,669,0,0,0,0,0,0,0,0
10,5,4092,0,0,184,368,737,0,0,0,0,0,0,0,0
8,6,3678,0,5,138,277,554,0,0,0,0,0,0,0,0
0,0,0,0,0,0,0,0,0,0,0,0,0,0,0,0
10,6,2734,0,0,213,427,854,0,0,0,0,0,0,0,0
10,6,4095,1,0,192,384,769,0,0,0,0,0,0,0,0
0,0,0,0,0,0,0,0,0,0,0,0,0,0,0,0
6,6,2398,0,7,30,60,121,0,0,0,0,0,0,0,0
10,6,4095,1,0,91,182,365,7,4,3271,1,7,98,196,393
10,6,3754,1,1,78,156,313,0,0,0,0,0,0,0,0
10,6,4095,1,0,48,96,193,0,0,0,0,0,0,0,0
10,5,1023,1,0,191,382,765,0,0,0,0,0,0,0,0
10,5,1023,1,0,160,320,641,0,0,0,0,0,0,0,0
3,5,2520,1,14,115,230,460,0,0,0,0,0,0,0,0
6,6,1390,0,8,142,285,570,5,5,2143,1,11,134,268,537
10,4,764,0,2,211,422,845,0,0,0,0,0,0,0,0
10,6,3839,0,0,8,16,33,0,0,0,0,0,0,0,0
0,0,0,0,0,0,0,0,0,0,0,0,0,0,0,0
10,6,4095,1,0,120,240,481,0,0,0,0,0,0,0,0
8,4,1456,0,5,98,196,392,0,0,0,0,0,0,0,0
10,6,3706,1,0,25,50,101,8,6,3066,0,5,85,170,341
8,4,1729,0,5,42,85,170,0,0,0,0,0,0,0,0
3,4,2830,1,13,191,383,767,0,0,0,0,0,0,0,0
10,5,3327,1,0,167,334,669,0,0,0,0,0,0,0,0
10,6,4095,1,0,38,76,153,10,6,1493,1,0,64,129,258
10,6,2794,1,0,90,181,362,0,0,0,0,0,0,0,0
2,5,2028,0,15,173,346,692,0,0,0,0,0,0,0,0
10,4,4080,0,0,196,392,785,0,0,0,0,0,0,0,0
10,5,3327,1,0,177,354,709,0,0,0,0,0,0,0,0
10,6,2745,1,0,175,350,701,0,0,0,0,0,0,0,0
10,6,4095,1,0,192,384,769,0,0,0,0,0,0,0,0
3,6,3670,1,14,146,293,587,7,4,845,1,7,169,339,679
0,0,0,0,0,0,0,0,0,0,0,0,0,0,0,0
10,6,4095,1,0,132,264,529,0,0,0,0,0,0,0,0
10,6,2734,0,0,218,437,874,0,0,0,0,0,0,0,0
10,6,4095,1,0,178,356,713,0,0,0,0,0,0,0,0
10,6,3818,1,1,173,347,694,0,0,0,0,0,0,0,0
10,6,4095,1,0,142,284,569,0,0,0,0,0,0,0,0
10,6,4095,1,0,209,418,837,0,0,0,0,0,0,0,0
10,6,4095,1,0,112,224,449,0,0,0,0,0,0,0,0
10,4,3113,1,2,19,38,77,0,0,0,0,0,0,0,0
4,6,4074,0,11,119,239,478,0,0,0,0,0,0,0,0
10,5,1023,1,0,190,380,761,0,0,0,0,0,0,0,0
10,5,1675,0,2,157,315,630,0,0,0,0,0,0,0,0
10,6,4095,1,0,64,128,257,0,0,0,0,0,0,0,0
10,6,4031,0,0,61,122,245,0,0,0,0,0,0,0,0
10,5,3025,1,2,87,174,348,7,5,3870,1,7,76,152,305
10,6,3775,0,0,41,82,164,0,0,0,0,0,0,0,0
3,5,4092,1,14,99,198,397,2,4,3380,0,12,108,216,433
10,6,4031,0,0,19,38,77,0,0,0,0,0,0,0,0
10,5,2546,0,0,175,351,702,0,0,0,0,0,0,0,0
10,6,4079,1,0,174,348,696,0,0,0,0,0,0,0,0
10,6,2814,0,0,102,205,411,0,0,0,0,0,0,0,0
10,4,4035,1,0,26,52,105,0,0,0,0,0,0,0,0
10,6,2991,0,1,91,183,367,0,0,0,0,0,0,0,0
10,6,4095,1,0,37,74,149,0,0,0,0,0,0,0,0
10,5,470,1,0,121,243,487,0,0,0,0,0,0,0,0
6,5,859,0,6,38,77,155,0,0,0,0,0,0,0,0
10,6,3819,1,0,74,149,299,10,5,3903,0,0,113,226,453
10,6,4095,1,0,21,42,85,0,0,0,0,0,0,0,0
10,4,2612,1,0,30,60,121,0,0,0,0,0,0,0,0
10,6,4095,1,0,105,210,421,6,4,723,0,6,81,162,324
2,6,2986,0,13,66,132,265,0,0,0,0,0,0,0,0
10,4,110,1,2,67,135,270,0,0,0,0,0,0,0,0
0,0,0,0,0,0,0,0,0,0,0,0,0,0,0,0
10,6,2745,1,0,38,76,153,3,6,2518,1,14,156,312,624
10,5,699,0,1,88,177,355,0,0,0,0,0,0,0,0
10,6,4095,1,0,41,82,165,0,0,0,0,0,0,0,0
10,6,2735,0,1,84,169,339,10,4,2928,0,0,11,23,47
10,6,3759,0,0,78,157,315,10,6,3419,0,0,114,228,456
3,6,2410,1,12,52,104,208,6,5,3727,0,6,41,83,166
10,6,4095,1,0,55,110,221,0,0,0,0,0,0,0,0
10,5,4092,0,0,74,148,297,0,0,0,0,0,0,0,0
10,6,4095,1,0,205,410,821,0,0,0,0,0,0,0,0
10,6,4095,1,0,147,294,589,0,0,0,0,0,0,0,0
4,6,4074,0,11,114,229,458,0,0,0,0,0,0,0,0
10,5,3327,1,0,81,162,325,0,0,0,0,0,0,0,0
0,0,0,0,0,0,0,0,0,0,0,0,0,0,0,0
2,6,1631,0,15,44,88,177,10,5,3326,1,1,60,120,240
10,5,3903,0,0,131,262,525,0,0,0,0,0,0,0,0
10,5,766,0,0,134,268,536,0,0,0,0,0,0,0,0
10,6,4095,1,0,220,440,881,0,0,0,0,0,0,0,0
2,6,1791,0,15,88,176,352,3,4,814,1,14,79,158,316
0,0,0,0,0,0,0,0,0,0,0,0,0,0,0,0
10,5,1023,1,0,15,30,61,0,0,0,0,0,0,0,0
10,6,4095,1,0,107,214,429,0,0,0,0,0,0,0,0
10,6,3750,1,1,185,370,740,0,0,0,0,0,0,0,0
10,6,4095,1,0,166,332,665,0,0,0,0,0,0,0,0
10,5,2792,0,0,152,305,610,0,0,0,0,0,0,0,0
10,6,4095,1,0,198,396,793,0,0,0,0,0,0,0,0
10,5,3903,0,0,199,398,797,0,0,0,0,0,0,0,0
10,6,4095,1,0,152,304,609,0,0,0,0,0,0,0,0
10,4,3056,0,2,145,291,582,0,0,0,0,0,0,0,0
10,4,3224,1,2,192,384,768,0,0,0,0,0,0,0,0
10,6,4095,1,0,75,150,301,3,4,3972,1,15,82,165,331
10,5,3527,1,0,52,105,210,0,0,0,0,0,0,0,0
10,5,4092,0,0,100,200,401,0,0,0,0,0,0,0,0
10,6,4095,1,0,28,56,113,0,0,0,0,0,0,0,0
10,5,3883,1,0,133,267,535,0,0,0,0,0,0,0,0
10,6,4095,1,0,218,436,873,0,0,0,0,0,0,0,0
10,6,1771,0,2,86,173,346,10,6,4095,1,0,101,202,405
10,6,1397,0,0,145,291,582,7,5,3979,1,6,151,302,605
10,4,1848,0,1,132,265,531,0,0,0,0,0,0,0,0
8,4,355,0,4,164,328,656,0,0,0,0,0,0,0,0
10,6,4095,1,0,164,328,657,0,0,0,0,0,0,0,0
0,0,0,0,0,0,0,0,0,0,0,0,0,0,0,0
10,5,3327,1,0,187,374,749,0,0,0,0,0,0,0,0
10,6,2815,0,1,150,300,600,0,0,0,0,0,0,0,0
10,6,4095,1,0,202,404,809,0,0,0,0,0,0,0,0
10,6,4095,1,0,94,188,377,0,0,0,0,0,0,0,0
10,6,2731,0,1,34,69,138,0,0,0,0,0,0,0,0
10,6,4095,1,0,76,152,305,0,0,0,0,0,0,0,0
10,5,4047,0,0,53,106,213,0,0,0,0,0,0,0,0
6,5,1246,0,7,175,351,703,0,0,0,0,0,0,0,0
2,4,372,0,15,168,336,672,0,0,0,0,0,0,0,0
0,0,0,0,0,0,0,0,0,0,0,0,0,0,0,0
10,4,1936,1,0,208,417,835,0,0,0,0,0,0,0,0
10,4,3347,0,0,155,310,621,0,0,0,0,0,0,0,0
10,5,4047,0,0,162,324,649,0,0,0,0,0,0,0,0
8,4,127,0,4,97,195,390,0,0,0,0,0,0,0,0
9,4,237,1,4,165,331,663,0,0,0,0,0,0,0,0
0,0,0,0,0,0,0,0,0,0,0,0,0,0,0,0
6,4,2827,0,6,67,134,269,0,0,0,0,0,0,0,0
10,5,3327,1,0,28,56,113,0,0,0,0,0,0,0,0
10,6,1977,1,0,197,394,789,10,6,1791,0,2,205,410,820
10,5,3327,1,0,189,378,757,0,0,0,0,0,0,0,0
0,0,0,0,0,0,0,0,0,0,0,0,0,0,0,0
10,6,2734,0,0,161,323,646,0,0,0,0,0,0,0,0
0,0,0,0,0,0,0,0,0,0,0,0,0,0,0,0
10,6,4095,1,0,22,44,89,10,4,1016,1,2,11,22,44
10,4,3012,1,2,15,30,60,0,0,0,0,0,0,0,0
10,6,4087,1,1,106,213,427,0,0,0,0,0,0,0,0
10,6,4095,1,0,41,82,165,0,0,0,0,0,0,0,0
7,5,2858,1,6,106,212,424,0,0,0,0,0,0,0,0
7,4,3618,1,7,186,372,744,0,0,0,0,0,0,0,0
0,0,0,0,0,0,0,0,0,0,0,0,0,0,0,0
0,0,0,0,0,0,0,0,0,0,0,0,0,0,0,0
0,0,0,0,0,0,0,0,0,0,0,0,0,0,0,0
10,5,2684,0,2,164,329,659,0,0,0,0,0,0,0,0
10,5,3887,1,0,205,410,820,0,0,0,0,0,0,0,0
10,6,4095,1,0,142,284,569,0,0,0,0,0,0,0,0
10,5,1015,1,1,134,268,536,10,5,2871,1,0,140,281,563
7,5,3246,1,6,181,362,725,2,5,3018,0,12,189,379,758
0,0,0,0,0,0,0,0,0,0,0,0,0,0,0,0
10,5,959,0,0,207,414,828,0,0,0,0,0,0,0,0
10,6,4095,1,0,21,42,85,0,0,0,0,0,0,0,0
10,6,1365,1,0,107,214,429,0,0,0,0,0,0,0,0
10,5,1999,0,2,84,168,336,0,0,0,0,0,0,0,0
10,6,2478,0,1,43,86,173,0,0,0,0,0,0,0,0
0,0,0,0,0,0,0,0,0,0,0,0,0,0,0,0
0,0,0,0,0,0,0,0,0,0,0,0,0,0,0,0
8,4,1968,0,4,140,280,561,3,4,2823,1,13,22,45,90
3,5,2270,1,13,134,269,538,0,0,0,0,0,0,0,0
0,0,0,0,0,0,0,0,0,0,0,0,0,0,0,0
0,0,0,0,0,0,0,0,0,0,0,0,0,0,0,0
10,6,1466,0,2,156,312,625,0,0,0,0,0,0,0,0
10,6,4095,1,0,165,330,661,0,0,0,0,0,0,0,0
10,5,3064,0,0,186,372,744,0,0,0,0,0,0,0,0
0,0,0,0,0,0,0,0,0,0,0,0,0,0,0,0
0,0,0,0,0,0,0,0,0,0,0,0,0,0,0,0
0,0,0,0,0,0,0,0,0,0,0,0,0,0,0,0
0,0,0,0,0,0,0,0,0,0,0,0,0,0,0,0
10,5,3903,0,0,207,414,829,0,0,0,0,0,0,0,0
10,4,1320,0,2,150,300,600,0,0,0,0,0,0,0,0
10,6,4095,1,0,79,158,317,0,0,0,0,0,0,0,0
10,6,3754,1,1,46,92,185,0,0,0,0,0,0,0,0
10,6,2815,0,1,209,418,836,0,0,0,0,0,0,0,0
4,6,3833,0,11,152,304,609,10,4,122,0,1,131,262,525
8,4,235,0,5,209,418,837,0,0,0,0,0,0,0,0
10,6,4095,1,0,66,132,265,0,0,0,0,0,0,0,0
10,6,3055,0,0,63,126,252,0,0,0,0,0,0,0,0
10,6,3770,1,0,79,159,318,0,0,0,0,0,0,0,0
10,5,3791,0,0,136,272,545,0,0,0,0,0,0,0,0
10,5,2954,1,0,49,99,198,0,0,0,0,0,0,0,0
10,5,2294,1,0,145,291,582,10,5,3391,0,1,162,324,648
0,0,0,0,0,0,0,0,0,0,0,0,0,0,0,0
10,5,1925,1,1,204,409,819,0,0,0,0,0,0,0,0
10,5,3903,0,0,42,84,169,0,0,0,0,0,0,0,0
10,5,3327,1,0,84,168,337,0,0,0,0,0,0,0,0
10,4,3891,0,0,150,300,601,0,0,0,0,0,0,0,0
10,5,2792,0,0,201,403,806,0,0,0,0,0,0,0,0
10,6,4095,1,0,18,36,73,0,0,0,0,0,0,0,0
10,6,4074,1,2,106,213,427,0,0,0,0,0,0,0,0
10,6,4095,1,0,144,288,577,0,0,0,0,0,0,0,0
10,5,1023,1,0,207,414,829,0,0,0,0,0,0,0,0
10,6,3819,1,0,58,117,235,0,0,0,0,0,0,0,0
10,6,2810,1,0,67,135,270,0,0,0,0,0,0,0,0
2,5,4072,0,12,205,411,823,0,0,0,0,0,0,0,0
10,4,3464,1,0,132,264,528,10,4,2768,1,1,173,346,692
8,6,3774,0,5,141,282,565,0,0,0,0,0,0,0,0
10,5,3444,1,1,206,413,827,0,0,0,0,0,0,0,0
10,6,2735,0,1,112,225,451,0,0,0,0,0,0,0,0
2,6,1765,0,12,11,23,47,3,6,1721,1,13,42,84,169
10,6,4094,1,1,103,206,412,0,0,0,0,0,0,0,0
10,6,4095,1,0,94,188,377,0,0,0,0,0,0,0,0
10,6,4095,1,0,32,64,129,0,0,0,0,0,0,0,0
0,0,0,0,0,0,0,0,0,0,0,0,0,0,0,0
7,5,3222,1,8,194,389,778,2,5,923,0,14,207,414,829
0,0,0,0,0,0,0,0,0,0,0,0,0,0,0,0
10,6,4026,1,1,174,349,699,0,0,0,0,0,0,0,0
10,6,3821,1,1,175,351,702,0,0,0,0,0,0,0,0
7,6,3047,1,6,216,432,865,3,5,2984,1,14,153,306,613
7,5,746,1,6,187,374,748,0,0,0,0,0,0,0,0
10,5,2024,0,0,154,309,618,8,5,1980,0,3,166,332,664
10,6,4095,1,0,137,274,549,0,0,0,0,0,0,0,0
10,5,4083,0,0,214,428,857,0,0,0,0,0,0,0,0
10,6,1957,1,1,65,131,263,2,5,343,0,15,41,83,166
10,5,3903,0,0,71,142,285,0,0,0,0,0,0,0,0
10,4,3980,1,0,12,24,48,0,0,0,0,0,0,0,0
10,5,4092,0,0,81,162,325,0,0,0,0,0,0,0,0
10,6,4095,1,0,60,120,241,0,0,0,0,0,0,0,0
10,6,3774,1,0,70,141,283,0,0,0,0,0,0,0,0
10,6,4078,1,1,65,131,263,0,0,0,0,0,0,0,0
10,6,3754,1,1,59,118,237,0,0,0,0,0,0,0,0
4,4,721,0,10,109,219,438,0,0,0,0,0,0,0,0
10,5,4047,0,0,29,58,117,0,0,0,0,0,0,0,0
10,4,1227,0,2,9,19,38,0,0,0,0,0,0,0,0
3,4,4016,1,14,98,196,392,0,0,0,0,0,0,0,0
5,6,4069,1,9,27,55,111,0,0,0,0,0,0,0,0
9,6,3839,1,5,10,21,43,10,4,3880,1,2,4,9,18
10,6,2411,0,2,116,232,465,0,0,0,0,0,0,0,0
10,6,2986,1,0,20,40,81,0,0,0,0,0,0,0,0
10,6,4095,1,0,106,212,425,0,0,0,0,0,0,0,0
10,6,4095,1,0,49,98,197,0,0,0,0,0,0,0,0
10,6,4095,1,0,76,152,305,0,0,0,0,0,0,0,0
10,6,2751,0,2,65,130,260,0,0,0,0,0,0,0,0
9,5,917,1,4,4,9,19,0,0,0,0,0,0,0,0
10,6,4095,1,0,61,122,245,0,0,0,0,0,0,0,0
10,5,1023,1,0,95,190,381,0,0,0,0,0,0,0,0
10,6,4095,1,0,31,62,125,0,0,0,0,0,0,0,0
10,4,826,1,2,73,147,295,0,0,0,0,0,0,0,0
10,4,3102,1,1,37,75,150,0,0,0,0,0,0,0,0
9,5,3317,1,3,84,168,337,0,0,0,0,0,0,0,0
0,0,0,0,0,0,0,0,0,0,0,0,0,0,0,0
10,6,2746,0,0,62,125,250,0,0,0,0,0,0,0,0
10,6,3839,0,0,64,128,257,0,0,0,0,0,0,0,0
10,6,2815,0,1,34,68,136,0,0,0,0,0,0,0,0
0,0,0,0,0,0,0,0,0,0,0,0,0,0,0,0
0,0,0,0,0,0,0,0,0,0,0,0,0,0,0,0
0,0,0,0,0,0,0,0,0,0,0,0,0,0,0,0
10,4,3372,0,0,157,315,630,2,4,1204,0,14,152,304,609
10,4,692,1,1,139,278,557,0,0,0,0,0,0,0,0
6,4,3215,0,6,166,333,666,0,0,0,0,0,0,0,0
0,0,0,0,0,0,0,0,0,0,0,0,0,0,0,0
10,6,4095,1,0,107,214,429,0,0,0,0,0,0,0,0
10,5,1019,1,0,21,42,84,0,0,0,0,0,0,0,0
8,6,1727,0,3,25,51,103,10,6,2814,0,0,32,65,131
9,6,4073,1,3,3,7,14,0,0,0,0,0,0,0,0
10,5,1995,0,1,99,199,399,8,4,327,0,3,91,183,367
7,4,3009,1,8,212,425,851,0,0,0,0,0,0,0,0
10,5,4092,0,0,135,270,541,0,0,0,0,0,0,0,0
10,6,4095,1,0,95,190,381,0,0,0,0,0,0,0,0
10,6,2986,1,0,30,60,121,0,0,0,0,0,0,0,0
10,6,4091,1,0,53,106,212,0,0,0,0,0,0,0,0
10,6,4095,1,0,73,146,293,0,0,0,0,0,0,0,0
0,0,0,0,0,0,0,0,0,0,0,0,0,0,0,0
0,0,0,0,0,0,0,0,0,0,0,0,0,0,0,0
0,0,0,0,0,0,0,0,0,0,0,0,0,0,0,0
10,5,2968,1,1,9,18,36,0,0,0,0,0,0,0,0
0,0,0,0,0,0,0,0,0,0,0,0,0,0,0,0
0,0,0,0,0,0,0,0,0,0,0,0,0,0,0,0
0,0,0,0,0,0,0,0,0,0,0,0,0,0,0,0
0,0,0,0,0,0,0,0,0,0,0,0,0,0,0,0
10,5,3903,0,0,14,28,57,0,0,0,0,0,0,0,0
10,4,2512,1,0,4,9,19,0,0,0,0,0,0,0,0
10,5,3327,1,0,112,224,449,0,0,0,0,0,0,0,0
10,6,4030,1,0,143,286,572,0,0,0,0,0,0,0,0
10,5,2762,1,0,207,415,830,0,0,0,0,0,0,0,0
10,4,170,1,0,81,162,325,0,0,0,0,0,0,0,0
10,6,4095,1,0,52,104,209,0,0,0,0,0,0,0,0
10,6,4095,1,0,219,438,877,0,0,0,0,0,0,0,0
10,6,2815,0,1,133,266,532,0,0,0,0,0,0,0,0
0,0,0,0,0,0,0,0,0,0,0,0,0,0,0,0
10,5,1023,1,0,181,362,725,0,0,0,0,0,0,0,0
8,5,1724,0,4,170,340,680,0,0,0,0,0,0,0,0
5,6,4069,1,9,75,151,303,10,5,3531,0,0,47,95,191
10,4,3784,1,1,219,439,878,0,0,0,0,0,0,0,0
7,5,919,1,6,162,325,651,0,0,0,0,0,0,0,0
0,0,0,0,0,0,0,0,0,0,0,0,0,0,0,0
0,0,0,0,0,0,0,0,0,0,0,0,0,0,0,0
10,6,2990,0,0,131,263,526,0,0,0,0,0,0,0,0
0,0,0,0,0,0,0,0,0,0,0,0,0,0,0,0
10,6,4095,1,0,118,236,473,0,0,0,0,0,0,0,0
10,5,2262,1,1,5,10,20,0,0,0,0,0,0,0,0
10,6,4095,1,0,8,16,33,0,0,0,0,0,0,0,0
10,6,4095,1,0,136,272,545,0,0,0,0,0,0,0,0
10,6,4095,1,0,216,432,865,0,0,0,0,0,0,0,0
10,6,4095,1,0,79,158,317,0,0,0,0,0,0,0,0
10,6,2789,1,2,49,98,196,0,0,0,0,0,0,0,0
10,5,4083,0,0,156,312,625,0,0,0,0,0,0,0,0
10,6,4095,1,0,196,392,785,0,0,0,0,0,0,0,0
10,5,4092,0,0,189,378,757,0,0,0,0,0,0,0,0
10,6,4095,1,0,161,322,645,9,5,981,1,4,167,334,668
10,6,4095,1,0,87,174,349,0,0,0,0,0,0,0,0
10,5,4092,0,0,42,84,169,0,0,0,0,0,0,0,0
10,4,3324,1,0,68,136,273,0,0,0,0,0,0,0,0
10,6,4095,1,0,58,116,233,0,0,0,0,0,0,0,0
3,4,994,1,15,91,182,364,0,0,0,0,0,0,0,0
10,6,4095,1,0,27,54,109,0,0,0,0,0,0,0,0
10,5,3903,0,0,24,48,97,0,0,0,0,0,0,0,0
10,6,4095,1,0,104,208,417,0,0,0,0,0,0,0,0
10,6,4095,1,0,35,70,141,0,0,0,0,0,0,0,0
10,6,3839,0,0,91,182,365,0,0,0,0,0,0,0,0
7,5,3294,1,7,202,404,809,10,4,3724,0,0,196,393,787
0,0,0,0,0,0,0,0,0,0,0,0,0,0,0,0
10,5,485,1,1,131,263,527,0,0,0,0,0,0,0,0
0,0,0,0,0,0,0,0,0,0,0,0,0,0,0,0
10,6,4095,1,0,115,230,461,0,0,0,0,0,0,0,0
10,5,4008,1,2,14,28,57,0,0,0,0,0,0,0,0
10,6,4095,1,0,13,26,53,0,0,0,0,0,0,0,0
0,0,0,0,0,0,0,0,0,0,0,0,0,0,0,0
10,4,831,1,0,99,198,397,0,0,0,0,0,0,0,0
10,6,2799,0,1,30,60,120,10,5,3918,1,0,24,49,98
10,5,2739,0,1,33,66,132,0,0,0,0,0,0,0,0
10,5,3327,1,0,93,186,373,0,0,0,0,0,0,0,0
0,0,0,0,0,0,0,0,0,0,0,0,0,0,0,0
0,0,0,0,0,0,0,0,0,0,0,0,0,0,0,0
0,0,0,0,0,0,0,0,0,0,0,0,0,0,0,0
10,6,3822,1,0,26,53,107,0,0,0,0,0,0,0,0
10,6,2990,0,0,101,203,406,0,0,0,0,0,0,0,0
10,6,2475,0,1,135,270,541,0,0,0,0,0,0,0,0
4,4,371,0,10,40,81,163,0,0,0,0,0,0,0,0
10,5,3403,0,0,214,428,857,0,0,0,0,0,0,0,0
10,5,4002,1,1,198,397,794,0,0,0,0,0,0,0,0
10,6,1371,0,2,31,62,124,3,5,1001,1,15,36,73,146
10,6,2791,0,0,94,189,378,0,0,0,0,0,0,0,0
10,4,719,0,1,77,154,308,0,0,0,0,0,0,0,0
0,0,0,0,0,0,0,0,0,0,0,0,0,0,0,0
3,6,2749,1,13,62,125,250,0,0,0,0,0,0,0,0
10,6,3071,0,1,170,340,681,0,0,0,0,0,0,0,0
10,6,4095,1,0,181,362,725,0,0,0,0,0,0,0,0
4,6,3769,0,11,190,380,761,10,4,2992,0,1,154,308,616
0,0,0,0,0,0,0,0,0,0,0,0,0,0,0,0
10,5,4047,0,0,169,338,677,0,0,0,0,0,0,0,0
8,4,319,0,4,18,37,75,0,0,0,0,0,0,0,0
10,6,2746,0,0,70,141,282,0,0,0,0,0,0,0,0
10,6,4095,1,0,209,418,837,0,0,0,0,0,0,0,0
10,6,3006,0,0,142,285,571,0,0,0,0,0,0,0,0
2,6,2986,0,13,69,138,277,3,5,3580,1,12,84,168,336
10,4,4080,0,0,52,104,209,0,0,0,0,0,0,0,0
10,4,867,0,1,62,125,250,0,0,0,0,0,0,0,0
10,4,255,0,0,154,308,617,0,0,0,0,0,0,0,0
10,5,918,1,2,25,50,100,2,5,1243,0,14,34,68,137
10,5,2607,0,1,10,21,43,0,0,0,0,0,0,0,0
0,0,0,0,0,0,0,0,0,0,0,0,0,0,0,0
10,6,4095,1,0,115,230,461,0,0,0,0,0,0,0,0
8,4,1456,0,5,154,308,616,0,0,0,0,0,0,0,0
10,6,4070,1,2,212,425,850,0,0,0,0,0,0,0,0
2,6,2986,0,13,114,228,457,0,0,0,0,0,0,0,0
9,6,2779,1,5,169,338,676,0,0,0,0,0,0,0,0
9,4,868,1,4,161,323,647,0,0,0,0,0,0,0,0
10,6,4095,1,0,139,278,557,0,0,0,0,0,0,0,0
6,6,1695,0,8,12,25,51,10,5,999,1,1,50,101,203
10,6,4010,1,1,104,209,418,0,0,0,0,0,0,0,0
10,4,4035,1,0,210,420,841,0,0,0,0,0,0,0,0
10,5,4047,0,0,142,284,569,0,0,0,0,0,0,0,0
10,6,2986,1,0,181,362,725,0,0,0,0,0,0,0,0
2,6,4007,0,12,157,315,630,3,5,2449,1,14,176,353,707
10,5,1937,1,1,142,285,571,8,5,4028,0,5,137,275,550
0,0,0,0,0,0,0,0,0,0,0,0,0,0,0,0
10,6,4095,1,0,217,434,869,0,0,0,0,0,0,0,0
0,0,0,0,0,0,0,0,0,0,0,0,0,0,0,0
10,6,4095,1,0,133,266,533,0,0,0,0,0,0,0,0
10,6,4095,1,0,82,164,329,0,0,0,0,0,0,0,0
10,6,4095,1,0,43,86,173,0,0,0,0,0,0,0,0
2,4,4035,0,13,200,400,800,0,0,0,0,0,0,0,0
10,5,3023,0,1,185,370,741,0,0,0,0,0,0,0,0
0,0,0,0,0,0,0,0,0,0,0,0,0,0,0,0
10,5,3580,0,1,155,310,620,0,0,0,0,0,0,0,0
10,6,4095,1,0,175,350,701,0,0,0,0,0,0,0,0
10,5,3327,1,0,175,350,701,0,0,0,0,0,0,0,0
10,6,4095,1,0,38,76,153,3,6,2398,1,12,50,100,200
10,6,4095,1,0,91,182,365,0,0,0,0,0,0,0,0
10,6,2795,0,0,158,317,635,0,0,0,0,0,0,0,0
10,6,4095,1,0,192,384,769,0,0,0,0,0,0,0,0
10,6,4078,1,1,36,73,147,0,0,0,0,0,0,0,0
3,5,1784,1,12,104,209,419,0,0,0,0,0,0,0,0
10,6,4095,1,0,153,306,613,0,0,0,0,0,0,0,0
6,5,3470,0,6,68,136,272,0,0,0,0,0,0,0,0
10,4,3363,0,0,182,365,730,8,4,127,0,4,217,435,870
10,4,1010,1,2,190,380,760,0,0,0,0,0,0,0,0
0,0,0,0,0,0,0,0,0,0,0,0,0,0,0,0
10,4,3696,1,0,150,300,601,0,0,0,0,0,0,0,0
10,5,3903,0,0,192,384,769,0,0,0,0,0,0,0,0
10,6,2663,0,0,115,230,460,10,4,466,0,0,108,216,432
10,6,2558,0,1,46,93,187,0,0,0,0,0,0,0,0
10,6,4095,1,0,98,196,393,0,0,0,0,0,0,0,0
10,6,2667,0,1,56,112,225,10,6,4095,1,0,84,168,337
10,5,854,1,1,36,73,147,10,5,1415,0,2,45,90,180
10,6,1703,0,1,142,284,569,10,5,3761,1,2,132,264,529
10,6,4095,1,0,208,416,833,0,0,0,0,0,0,0,0
10,6,3838,1,0,21,42,84,0,0,0,0,0,0,0,0
10,4,3135,1,0,105,210,421,0,0,0,0,0,0,0,0
9,6,2927,1,4,116,232,465,0,0,0,0,0,0,0,0
5,6,2815,1,11,13,26,53,0,0,0,0,0,0,0,0
10,6,4095,1,0,10,20,41,0,0,0,0,0,0,0,0
10,6,4095,1,0,39,78,157,0,0,0,0,0,0,0,0
10,6,4095,1,0,89,178,357,0,0,0,0,0,0,0,0
10,6,4095,1,0,202,404,809,0,0,0,0,0,0,0,0
10,6,4095,1,0,150,300,601,0,0,0,0,0,0,0,0
10,5,2488,0,1,45,91,182,10,4,3378,1,0,91,183,366
7,4,740,1,8,17,35,71,0,0,0,0,0,0,0,0
9,6,3070,1,5,60,121,242,10,5,3899,1,0,9,18,36
9,6,2491,1,3,41,82,165,0,0,0,0,0,0,0,0
10,5,4047,0,0,87,174,349,0,0,0,0,0,0,0,0
10,5,3004,0,1,35,70,140,0,0,0,0,0,0,0,0
10,6,2794,1,0,151,303,606,0,0,0,0,0,0,0,0
10,6,4095,1,0,201,402,805,0,0,0,0,0,0,0,0
10,6,4095,1,0,214,428,857,0,0,0,0,0,0,0,0
10,6,4095,1,0,138,276,553,0,0,0,0,0,0,0,0
10,6,4095,1,0,31,62,125,0,0,0,0,0,0,0,0
9,6,3989,1,3,53,107,215,8,6,3417,0,4,82,164,328
3,5,3580,1,12,105,210,420,0,0,0,0,0,0,0,0
3,5,3810,1,14,8,17,35,0,0,0,0,0,0,0,0
10,6,4095,1,0,16,32,65,0,0,0,0,0,0,0,0
10,5,4047,0,0,197,394,789,0,0,0,0,0,0,0,0
10,5,2366,0,1,152,305,610,0,0,0,0,0,0,0,0
10,5,1023,1,0,8,16,33,0,0,0,0,0,0,0,0
10,4,4080,0,0,120,240,481,0,0,0,0,0,0,0,0
10,6,4095,1,0,92,184,369,0,0,0,0,0,0,0,0
0,0,0,0,0,0,0,0,0,0,0,0,0,0,0,0
10,6,4095,1,0,36,72,145,10,5,873,1,2,43,86,172
2,6,2966,0,12,175,351,703,9,4,3873,1,3,6,12,25
0,0,0,0,0,0,0,0,0,0,0,0,0,0,0,0
0,0,0,0,0,0,0,0,0,0,0,0,0,0,0,0
0,0,0,0,0,0,0,0,0,0,0,0,0,0,0,0
10,5,702,0,0,19,39,79,9,4,829,1,3,37,74,148
10,5,767,0,1,203,406,812,0,0,0,0,0,0,0,0
0,0,0,0,0,0,0,0,0,0,0,0,0,0,0,0
8,4,2384,0,3,221,442,885,2,4,1267,0,15,196,393,787
10,4,1202,0,1,160,320,641,0,0,0,0,0,0,0,0
10,5,4067,1,0,131,262,524,0,0,0,0,0,0,0,0
10,5,3903,0,0,221,442,885,0,0,0,0,0,0,0,0
10,6,4095,1,0,175,350,701,0,0,0,0,0,0,0,0
10,6,4095,1,0,175,350,701,0,0,0,0,0,0,0,0
10,4,1820,0,1,118,237,474,0,0,0,0,0,0,0,0
9,6,2459,1,4,6,13,27,10,4,3110,1,2,12,24,49
10,5,3825,1,2,201,403,806,2,4,3099,0,12,196,393,786
10,6,4095,1,0,148,296,593,0,0,0,0,0,0,0,0
10,5,4047,0,0,134,268,537,0,0,0,0,0,0,0,0
10,5,3327,1,0,217,434,869,0,0,0,0,0,0,0,0
10,4,2736,0,2,49,98,196,0,0,0,0,0,0,0,0
0,0,0,0,0,0,0,0,0,0,0,0,0,0,0,0
0,0,0,0,0,0,0,0,0,0,0,0,0,0,0,0
0,0,0,0,0,0,0,0,0,0,0,0,0,0,0,0
10,5,767,0,1,108,216,432,0,0,0,0,0,0,0,0
10,6,4095,1,0,21,42,85,0,0,0,0,0,0,0,0
10,6,2986,1,0,18,36,73,0,0,0,0,0,0,0,0
3,5,767,1,12,17,34,69,2,4,717,0,12,12,24,49
2,5,893,0,12,104,208,417,0,0,0,0,0,0,0,0
10,5,4008,1,2,191,382,765,0,0,0,0,0,0,0,0
10,5,3938,1,1,158,316,633,0,0,0,0,0,0,0,0
10,5,3293,1,2,44,89,178,0,0,0,0,0,0,0,0
7,5,2772,1,8,10,21,42,0,0,0,0,0,0,0,0
10,5,2261,1,2,72,145,291,10,5,2674,0,0,166,332,665
9,6,2551,1,4,65,130,260,2,6,3423,0,14,78,156,313
10,5,991,1,0,109,218,436,0,0,0,0,0,0,0,0
0,0,0,0,0,0,0,0,0,0,0,0,0,0,0,0
10,6,2734,0,0,116,233,466,0,0,0,0,0,0,0,0
3,5,2396,1,12,4,8,16,0,0,0,0,0,0,0,0
10,6,3999,1,0,8,17,35,0,0,0,0,0,0,0,0
0,0,0,0,0,0,0,0,0,0,0,0,0,0,0,0
10,6,2735,0,1,34,69,139,3,6,3830,1,14,50,101,202
10,6,4095,1,0,95,190,381,0,0,0,0,0,0,0,0
10,6,3754,1,1,42,84,169,0,0,0,0,0,0,0,0
10,6,4006,1,2,86,172,345,6,5,3442,0,6,76,153,307
10,6,4095,1,0,216,432,865,0,0,0,0,0,0,0,0
10,5,1022,1,1,136,272,544,0,0,0,0,0,0,0,0
8,4,1456,0,5,194,388,776,0,0,0,0,0,0,0,0
10,6,4095,1,0,206,412,825,0,0,0,0,0,0,0,0
10,6,4090,1,1,144,289,579,0,0,0,0,0,0,0,0
10,6,1691,0,2,145,290,581,0,0,0,0,0,0,0,0
4,4,3114,0,11,205,411,822,0,0,0,0,0,0,0,0
4,6,4070,0,10,217,434,869,10,4,3196,0,0,161,323,647
6,4,2079,0,8,133,267,535,0,0,0,0,0,0,0,0
0,0,0,0,0,0,0,0,0,0,0,0,0,0,0,0
10,6,4095,1,0,145,290,581,0,0,0,0,0,0,0,0
10,6,4095,1,0,88,176,353,0,0,0,0,0,0,0,0
3,6,1769,1,13,60,120,241,0,0,0,0,0,0,0,0
10,5,4083,0,0,59,118,237,0,0,0,0,0,0,0,0
10,6,2811,0,1,69,139,279,0,0,0,0,0,0,0,0
10,5,3938,1,1,74,148,297,0,0,0,0,0,0,0,0
10,6,4095,1,0,51,102,205,0,0,0,0,0,0,0,0
10,6,2734,0,0,83,167,334,0,0,0,0,0,0,0,0
10,5,4047,0,0,46,92,185,0,0,0,0,0,0,0,0
9,5,1839,1,3,115,231,462,2,5,1368,0,15,121,243,487
3,4,790,1,15,41,82,165,0,0,0,0,0,0,0,0
3,6,4063,1,14,25,50,100,0,0,0,0,0,0,0,0
0,0,0,0,0,0,0,0,0,0,0,0,0,0,0,0
10,6,4095,1,0,88,176,353,0,0,0,0,0,0,0,0
10,6,1722,0,1,41,82,165,0,0,0,0,0,0,0,0
10,6,4095,1,0,153,306,613,0,0,0,0,0,0,0,0
10,6,4095,1,0,162,324,649,9,5,921,1,3,187,374,748
10,6,4095,1,0,188,376,753,0,0,0,0,0,0,0,0
10,6,4095,1,0,43,86,173,0,0,0,0,0,0,0,0
3,6,4073,1,15,96,193,386,0,0,0,0,0,0,0,0
10,5,4076,1,0,160,320,640,0,0,0,0,0,0,0,0
8,4,2340,0,4,97,195,391,0,0,0,0,0,0,0,0
10,4,2736,0,2,61,122,244,0,0,0,0,0,0,0,0
8,4,876,0,5,96,192,384,0,0,0,0,0,0,0,0
10,5,2812,0,2,16,32,65,8,5,1500,0,3,28,57,114
10,6,4095,1,0,17,34,69,0,0,0,0,0,0,0,0
10,5,4092,0,0,112,224,449,0,0,0,0,0,0,0,0
9,6,2543,1,3,102,204,409,3,5,3399,1,13,35,70,141
10,6,4013,1,2,27,55,110,0,0,0,0,0,0,0,0
10,6,4095,1,0,8,16,33,0,0,0,0,0,0,0,0
10,6,4095,1,0,3,6,13,0,0,0,0,0,0,0,0
10,6,4095,1,0,121,242,485,0,0,0,0,0,0,0,0
10,6,4095,1,0,74,148,297,0,0,0,0,0,0,0,0
10,6,4095,1,0,51,102,205,0,0,0,0,0,0,0,0
10,6,4095,1,0,108,216,433,0,0,0,0,0,0,0,0
10,6,4095,1,0,20,40,81,0,0,0,0,0,0,0,0
0,0,0,0,0,0,0,0,0,0,0,0,0,0,0,0
10,6,4095,1,0,43,86,173,0,0,0,0,0,0,0,0
10,6,3823,0,0,85,170,340,0,0,0,0,0,0,0,0
10,6,4095,1,0,137,274,549,0,0,0,0,0,0,0,0
10,6,1643,0,2,214,428,857,0,0,0,0,0,0,0,0
2,5,1724,0,15,53,106,212,3,5,3610,1,14,111,222,445
10,6,4091,1,0,29,58,116,10,6,4095,1,0,38,76,153
10,6,4095,1,0,189,378,757,0,0,0,0,0,0,0,0
10,6,4095,1,0,162,324,649,0,0,0,0,0,0,0,0
10,6,2734,0,0,58,117,234,0,0,0,0,0,0,0,0
10,6,4095,1,0,70,140,281,0,0,0,0,0,0,0,0
10,6,4095,1,0,39,78,157,0,0,0,0,0,0,0,0
10,6,2731,0,1,86,173,346,0,0,0,0,0,0,0,0
10,6,2815,0,1,70,140,280,0,0,0,0,0,0,0,0
10,6,4095,1,0,56,112,225,0,0,0,0,0,0,0,0
10,5,3983,0,0,19,38,76,0,0,0,0,0,0,0,0
10,6,3833,1,2,110,221,442,0,0,0,0,0,0,0,0
10,6,3754,1,1,92,184,369,0,0,0,0,0,0,0,0
10,5,699,0,1,33,67,135,0,0,0,0,0,0,0,0
3,5,470,1,14,167,334,668,10,4,3244,1,0,177,355,711
10,4,3260,0,0,133,266,532,0,0,0,0,0,0,0,0
6,5,2173,0,6,198,397,794,0,0,0,0,0,0,0,0
0,0,0,0,0,0,0,0,0,0,0,0,0,0,0,0
6,5,3068,0,7,158,317,635,0,0,0,0,0,0,0,0
0,0,0,0,0,0,0,0,0,0,0,0,0,0,0,0
10,6,1371,0,2,194,388,776,8,6,2937,0,4,208,417,834
10,4,3900,0,0,89,178,357,0,0,0,0,0,0,0,0
10,6,3758,1,0,96,193,386,0,0,0,0,0,0,0,0
10,6,4095,1,0,29,58,117,0,0,0,0,0,0,0,0
10,5,3903,0,0,20,40,81,0,0,0,0,0,0,0,0
10,6,4095,1,0,106,212,425,0,0,0,0,0,0,0,0
10,6,4031,0,0,37,74,149,0,0,0,0,0,0,0,0
0,0,0,0,0,0,0,0,0,0,0,0,0,0,0,0
10,4,1020,1,0,139,278,557,0,0,0,0,0,0,0,0
10,4,309,1,0,132,265,531,0,0,0,0,0,0,0,0
9,6,4005,1,3,137,274,548,10,5,1739,0,2,167,335,671
10,5,3832,1,0,36,73,147,5,4,1251,1,10,115,231,463
0,0,0,0,0,0,0,0,0,0,0,0,0,0,0,0
0,0,0,0,0,0,0,0,0,0,0,0,0,0,0,0
10,5,4092,0,0,82,164,329,0,0,0,0,0,0,0,0
10,5,958,1,0,55,110,220,6,5,2024,0,6,34,68,136
9,6,1903,1,3,20,40,81,9,6,1773,1,5,37,74,148
8,4,279,0,3,117,235,470,0,0,0,0,0,0,0,0
10,6,4091,1,0,31,62,124,0,0,0,0,0,0,0,0
10,6,4095,1,0,174,348,697,0,0,0,0,0,0,0,0
10,6,4095,1,0,178,356,713,8,4,508,0,4,103,206,412
10,5,4083,0,0,56,112,225,0,0,0,0,0,0,0,0
10,6,4095,1,0,72,144,289,0,0,0,0,0,0,0,0
10,5,4083,0,0,214,428,857,0,0,0,0,0,0,0,0
10,5,1023,1,0,137,274,549,0,0,0,0,0,0,0,0
10,6,4095,1,0,104,208,417,0,0,0,0,0,0,0,0
5,4,2227,1,11,29,58,116,0,0,0,0,0,0,0,0
6,4,700,0,8,115,230,461,0,0,0,0,0,0,0,0
10,5,4042,1,1,131,263,527,0,0,0,0,0,0,0,0
0,0,0,0,0,0,0,0,0,0,0,0,0,0,0,0
10,6,4095,1,0,37,74,149,0,0,0,0,0,0,0,0
8,6,1727,0,3,88,177,355,0,0,0,0,0,0,0,0
8,4,155,0,3,216,432,864,0,0,0,0,0,0,0,0
10,6,3770,1,0,169,339,678,0,0,0,0,0,0,0,0
10,6,2986,1,0,182,364,729,0,0,0,0,0,0,0,0
2,6,2743,0,14,196,393,786,8,5,3064,0,5,115,230,461
0,0,0,0,0,0,0,0,0,0,0,0,0,0,0,0
10,4,4080,0,0,19,38,77,0,0,0,0,0,0,0,0
10,6,1454,0,2,91,182,365,0,0,0,0,0,0,0,0
10,6,4095,1,0,38,76,153,6,5,2802,0,6,32,64,129
10,5,4047,0,0,148,296,593,0,0,0,0,0,0,0,0
4,5,953,0,11,201,402,805,0,0,0,0,0,0,0,0
2,5,3688,0,12,113,226,452,0,0,0,0,0,0,0,0
8,6,3766,0,4,10,21,43,10,5,1274,0,1,19,39,78
10,5,3306,1,1,105,211,422,0,0,0,0,0,0,0,0
10,6,4095,1,0,94,188,377,0,0,0,0,0,0,0,0
2,5,935,0,13,12,24,49,0,0,0,0,0,0,0,0
0,0,0,0,0,0,0,0,0,0,0,0,0,0,0,0
0,0,0,0,0,0,0,0,0,0,0,0,0,0,0,0
10,6,4095,1,0,41,82,165,0,0,0,0,0,0,0,0
10,6,2746,0,0,84,169,338,0,0,0,0,0,0,0,0
10,4,173,1,1,206,412,825,0,0,0,0,0,0,0,0
10,6,4030,1,0,147,294,588,0,0,0,0,0,0,0,0
10,6,2751,0,2,205,410,820,9,5,878,1,5,194,388,776
10,6,2731,0,1,48,97,194,8,6,3805,0,3,167,335,671
10,6,4095,1,0,77,154,309,8,6,3694,0,5,191,383,767
10,6,4095,1,0,73,146,293,0,0,0,0,0,0,0,0
10,6,2746,0,0,52,105,210,0,0,0,0,0,0,0,0
10,4,3853,1,2,122,245,490,0,0,0,0,0,0,0,0
0,0,0,0,0,0,0,0,0,0,0,0,0,0,0,0
10,6,4095,1,0,16,32,65,0,0,0,0,0,0,0,0
10,6,3686,1,1,63,126,252,9,5,879,1,4,70,140,281
10,6,4095,1,0,64,128,257,0,0,0,0,0,0,0,0
10,6,4094,1,1,121,242,484,0,0,0,0,0,0,0,0
10,6,4095,1,0,3,6,13,0,0,0,0,0,0,0,0
7,5,3996,1,7,5,10,21,0,0,0,0,0,0,0,0
10,6,4094,1,1,123,246,492,0,0,0,0,0,0,0,0
10,5,2591,0,1,205,411,822,0,0,0,0,0,0,0,0
10,5,2792,0,0,144,289,578,0,0,0,0,0,0,0,0
10,5,3903,0,0,93,186,373,0,0,0,0,0,0,0,0
10,6,4095,1,0,35,70,141,0,0,0,0,0,0,0,0
10,6,4095,1,0,138,276,553,0,0,0,0,0,0,0,0
10,6,4094,1,1,214,428,856,2,4,2544,0,15,205,410,820
10,6,2669,1,0,20,40,80,0,0,0,0,0,0,0,0
9,5,1478,1,5,7,15,30,0,0,0,0,0,0,0,0
10,6,3001,1,1,107,214,429,8,6,3434,0,5,98,197,394
10,4,3900,0,0,75,150,301,0,0,0,0,0,0,0,0
9,6,2543,1,3,137,274,549,0,0,0,0,0,0,0,0
10,5,4083,0,0,215,430,861,0,0,0,0,0,0,0,0
10,6,4095,1,0,64,128,257,0,0,0,0,0,0,0,0
10,5,1023,1,0,64,128,257,0,0,0,0,0,0,0,0
10,6,4095,1,0,55,110,221,0,0,0,0,0,0,0,0
10,5,2959,0,1,74,148,296,0,0,0,0,0,0,0,0
7,5,3862,1,8,34,69,139,0,0,0,0,0,0,0,0
10,6,4095,1,0,17,34,69,0,0,0,0,0,0,0,0
10,5,4082,1,1,109,218,436,0,0,0,0,0,0,0,0
0,0,0,0,0,0,0,0,0,0,0,0,0,0,0,0
3,4,2867,1,12,135,270,541,0,0,0,0,0,0,0,0
0,0,0,0,0,0,0,0,0,0,0,0,0,0,0,0
10,6,4095,1,0,203,406,813,0,0,0,0,0,0,0,0
10,4,3279,1,0,196,392,785,0,0,0,0,0,0,0,0
7,4,856,1,7,166,333,666,0,0,0,0,0,0,0,0
0,0,0,0,0,0,0,0,0,0,0,0,0,0,0,0
10,6,4095,1,0,198,396,793,0,0,0,0,0,0,0,0
0,0,0,0,0,0,0,0,0,0,0,0,0,0,0,0
10,5,4092,0,0,153,306,613,0,0,0,0,0,0,0,0
10,6,4095,1,0,163,326,653,0,0,0,0,0,0,0,0
10,6,4095,1,0,189,378,757,0,0,0,0,0,0,0,0
10,6,4095,1,0,26,52,105,0,0,0,0,0,0,0,0
10,6,3771,0,0,102,205,411,8,5,749,0,4,119,238,476
0,0,0,0,0,0,0,0,0,0,0,0,0,0,0,0
0,0,0,0,0,0,0,0,0,0,0,0,0,0,0,0
10,5,2529,1,0,144,288,576,0,0,0,0,0,0,0,0
10,5,4047,0,0,82,164,329,0,0,0,0,0,0,0,0
8,5,862,0,5,25,51,103,0,0,0,0,0,0,0,0
10,6,3003,0,0,102,205,411,0,0,0,0,0,0,0,0
10,6,3839,0,0,27,54,109,0,0,0,0,0,0,0,0
10,6,4095,1,0,87,174,349,0,0,0,0,0,0,0,0
2,5,3064,0,14,30,60,120,2,5,2668,0,15,44,89,178
10,6,2518,1,0,106,213,427,9,5,1258,1,4,100,200,400
6,4,2172,0,8,11,22,44,0,0,0,0,0,0,0,0
10,6,2395,0,1,14,28,56,10,5,1023,1,0,22,44,89
10,6,2794,1,0,70,141,282,0,0,0,0,0,0,0,0
9,5,502,1,5,24,49,99,0,0,0,0,0,0,0,0
10,4,2119,0,0,66,132,264,0,0,0,0,0,0,0,0
0,0,0,0,0,0,0,0,0,0,0,0,0,0,0,0
10,5,3032,1,1,140,280,561,0,0,0,0,0,0,0,0
10,5,2994,1,0,211,423,847,0,0,0,0,0,0,0,0
10,6,4095,1,0,111,222,445,0,0,0,0,0,0,0,0
10,6,4095,1,0,15,30,61,0,0,0,0,0,0,0,0
10,6,4079,1,0,83,166,332,0,0,0,0,0,0,0,0
10,5,4072,1,2,45,91,182,0,0,0,0,0,0,0,0
2,4,1077,0,13,175,351,703,0,0,0,0,0,0,0,0
8,5,366,0,3,73,146,292,9,5,3183,1,5,50,100,201
0,0,0,0,0,0,0,0,0,0,0,0,0,0,0,0
2,6,1958,0,13,43,86,172,3,6,4014,1,14,62,125,251
10,6,4095,1,0,107,214,429,0,0,0,0,0,0,0,0
10,6,4095,1,0,21,42,85,0,0,0,0,0,0,0,0
10,5,3068,0,1,100,200,401,0,0,0,0,0,0,0,0
10,6,2794,1,0,26,53,106,0,0,0,0,0,0,0,0
0,0,0,0,0,0,0,0,0,0,0,0,0,0,0,0
7,4,4016,1,6,96,193,386,0,0,0,0,0,0,0,0
10,6,3002,1,0,104,209,418,0,0,0,0,0,0,0,0
10,6,2986,1,0,24,48,97,0,0,0,0,0,0,0,0
10,6,4095,1,0,107,214,429,0,0,0,0,0,0,0,0
10,6,3774,1,0,46,93,187,3,6,3754,1,14,34,69,138
3,4,2768,1,14,113,226,452,0,0,0,0,0,0,0,0
10,5,4092,0,0,80,160,321,0,0,0,0,0,0,0,0
10,5,4092,0,0,46,92,185,0,0,0,0,0,0,0,0
10,5,4082,1,1,9,18,36,0,0,0,0,0,0,0,0
10,5,3903,0,0,117,234,469,0,0,0,0,0,0,0,0
0,0,0,0,0,0,0,0,0,0,0,0,0,0,0,0
10,4,1140,0,1,152,305,611,10,4,655,0,2,160,321,643
10,4,815,0,0,204,408,816,0,0,0,0,0,0,0,0
0,0,0,0,0,0,0,0,0,0,0,0,0,0,0,0
0,0,0,0,0,0,0,0,0,0,0,0,0,0,0,0
10,6,4095,1,0,84,168,337,0,0,0,0,0,0,0,0
10,5,3327,1,0,45,90,181,0,0,0,0,0,0,0,0
10,6,3819,1,0,122,245,491,0,0,0,0,0,0,0,0
10,6,4030,1,0,5,10,20,0,0,0,0,0,0,0,0
10,6,2811,0,1,6,13,27,0,0,0,0,0,0,0,0
10,6,4078,1,1,123,247,495,0,0,0,0,0,0,0,0
10,6,4091,1,0,179,358,716,9,4,1009,1,4,193,387,775
10,6,2751,0,2,173,346,692,0,0,0,0,0,0,0,0
10,6,4026,1,1,96,193,387,2,6,1707,0,15,85,170,341
10,6,4095,1,0,33,66,133,9,6,2026,1,5,20,40,80
2,4,647,0,14,60,120,240,0,0,0,0,0,0,0,0
10,5,1590,0,0,165,330,660,10,4,3192,1,1,50,101,202
10,4,2210,0,0,112,224,449,0,0,0,0,0,0,0,0
0,0,0,0,0,0,0,0,0,0,0,0,0,0,0,0
10,5,4092,0,0,24,48,97,0,0,0,0,0,0,0,0
10,4,458,0,0,157,314,629,0,0,0,0,0,0,0,0
0,0,0,0,0,0,0,0,0,0,0,0,0,0,0,0
10,5,3527,1,0,136,273,546,5,4,3125,1,9,209,418,836
8,4,463,0,3,152,305,611,0,0,0,0,0,0,0,0
10,6,3839,0,0,161,322,645,10,5,1834,0,0,132,264,529
10,5,3752,1,1,219,438,877,0,0,0,0,0,0,0,0
8,5,1359,0,3,183,366,733,10,4,3853,1,2,214,429,858
10,4,4080,0,0,184,368,737,0,0,0,0,0,0,0,0
0,0,0,0,0,0,0,0,0,0,0,0,0,0,0,0
0,0,0,0,0,0,0,0,0,0,0,0,0,0,0,0
0,0,0,0,0,0,0,0,0,0,0,0,0,0,0,0
10,6,4095,1,0,74,148,297,0,0,0,0,0,0,0,0
10,5,2875,0,0,54,108,216,0,0,0,0,0,0,0,0
0,0,0,0,0,0,0,0,0,0,0,0,0,0,0,0
10,5,3291,1,0,9,19,39,9,5,3921,1,3,14,29,59
10,6,1945,1,0,122,245,491,0,0,0,0,0,0,0,0
10,6,4010,1,1,76,153,306,0,0,0,0,0,0,0,0
10,6,3071,0,1,49,98,197,0,0,0,0,0,0,0,0
9,4,250,1,3,154,308,616,0,0,0,0,0,0,0,0
4,6,3045,0,10,210,420,840,10,5,1002,1,2,198,397,795
8,5,511,0,3,119,238,476,0,0,0,0,0,0,0,0
10,6,2734,0,0,11,23,46,0,0,0,0,0,0,0,0
10,5,2702,0,0,10,21,42,10,4,2865,1,1,19,38,77
8,4,3010,0,5,123,246,493,0,0,0,0,0,0,0,0
10,5,4092,0,0,190,380,761,0,0,0,0,0,0,0,0
10,5,2763,0,1,161,323,647,0,0,0,0,0,0,0,0
10,5,2155,0,1,201,402,805,7,5,3816,1,7,215,430,861
10,6,3754,1,1,149,298,597,0,0,0,0,0,0,0,0
10,6,2815,0,1,202,404,808,0,0,0,0,0,0,0,0
10,4,975,0,0,149,298,597,0,0,0,0,0,0,0,0
10,6,4010,1,1,90,181,362,0,0,0,0,0,0,0,0
10,5,4047,0,0,35,70,141,10,4,158,0,1,26,52,105
10,6,4095,1,0,198,396,793,0,0,0,0,0,0,0,0
10,5,3752,1,1,200,400,801,9,4,3233,1,3,191,382,764
0,0,0,0,0,0,0,0,0,0,0,0,0,0,0,0
8,5,3017,0,4,193,387,775,10,4,4016,1,0,216,432,864
10,6,4095,1,0,85,170,341,0,0,0,0,0,0,0,0
10,5,1023,1,0,40,80,161,0,0,0,0,0,0,0,0
10,6,4095,1,0,23,46,93,0,0,0,0,0,0,0,0
10,6,4095,1,0,103,206,413,10,4,543,0,2,89,179,358
0,0,0,0,0,0,0,0,0,0,0,0,0,0,0,0
10,6,4095,1,0,97,194,389,10,4,3714,1,1,85,170,341
10,6,4095,1,0,32,64,129,8,4,1776,0,5,27,55,111
10,6,4095,1,0,176,352,705,0,0,0,0,0,0,0,0
9,6,4073,1,3,175,351,702,0,0,0,0,0,0,0,0
10,6,4074,1,2,91,183,367,0,0,0,0,0,0,0,0
10,5,699,0,1,124,249,499,0,0,0,0,0,0,0,0
10,5,3178,1,1,4,8,17,0,0,0,0,0,0,0,0
10,6,4095,1,0,15,30,61,10,4,1144,0,2,25,50,101
10,5,4083,0,0,177,354,709,0,0,0,0,0,0,0,0
0,0,0,0,0,0,0,0,0,0,0,0,0,0,0,0
10,6,1659,0,2,135,271,542,0,0,0,0,0,0,0,0
10,6,2815,0,1,113,226,452,4,5,363,0,9,143,287,574
2,6,1707,0,15,193,386,773,0,0,0,0,0,0,0,0
0,0,0,0,0,0,0,0,0,0,0,0,0,0,0,0
10,5,3303,1,1,174,349,699,2,5,1362,0,14,180,360,721
6,5,2748,0,8,170,340,681,7,4,4000,1,8,183,367,735
5,5,2803,1,11,65,130,261,0,0,0,0,0,0,0,0
3,4,3244,1,14,78,157,314,0,0,0,0,0,0,0,0
10,6,4095,1,0,56,112,225,0,0,0,0,0,0,0,0
10,5,1023,1,0,72,144,289,0,0,0,0,0,0,0,0
10,5,2767,0,1,170,340,680,0,0,0,0,0,0,0,0
3,6,2811,1,12,193,386,772,10,5,919,1,0,165,330,661
10,6,2735,0,1,220,441,883,0,0,0,0,0,0,0,0
10,6,2750,0,0,130,261,523,0,0,0,0,0,0,0,0
10,5,3903,0,0,220,440,881,0,0,0,0,0,0,0,0
10,6,4095,1,0,165,330,661,0,0,0,0,0,0,0,0
2,4,155,0,15,209,418,836,0,0,0,0,0,0,0,0
10,6,4094,1,1,35,70,140,0,0,0,0,0,0,0,0
10,5,3327,1,0,91,182,365,0,0,0,0,0,0,0,0
10,6,4095,1,0,9,18,37,0,0,0,0,0,0,0,0
10,6,4078,1,1,116,233,467,0,0,0,0,0,0,0,0
10,6,2810,1,0,109,219,438,0,0,0,0,0,0,0,0
8,5,2556,0,3,48,96,192,0,0,0,0,0,0,0,0
2,4,3320,0,12,122,244,488,0,0,0,0,0,0,0,0
5,5,997,1,10,217,435,871,0,0,0,0,0,0,0,0
10,4,190,1,0,71,143,287,0,0,0,0,0,0,0,0
9,6,3035,1,5,5,10,21,0,0,0,0,0,0,0,0
10,6,4031,0,0,21,42,85,0,0,0,0,0,0,0,0
10,6,1454,0,2,70,140,281,0,0,0,0,0,0,0,0
10,6,4095,1,0,59,118,237,0,0,0,0,0,0,0,0
10,6,2815,0,1,78,156,312,0,0,0,0,0,0,0,0
10,5,2988,0,0,49,99,199,0,0,0,0,0,0,0,0
0,0,0,0,0,0,0,0,0,0,0,0,0,0,0,0
10,6,2749,1,0,68,137,274,0,0,0,0,0,0,0,0
10,6,2750,0,0,57,115,231,0,0,0,0,0,0,0,0
10,5,4092,0,0,141,282,565,0,0,0,0,0,0,0,0
9,4,3984,1,5,218,437,874,0,0,0,0,0,0,0,0
7,5,2838,1,7,112,225,450,10,4,3696,1,0,98,196,393
10,6,2734,0,0,28,57,114,0,0,0,0,0,0,0,0
10,6,4095,1,0,9,18,37,0,0,0,0,0,0,0,0
10,6,3050,1,0,144,289,578,0,0,0,0,0,0,0,0
10,5,3903,0,0,207,414,829,0,0,0,0,0,0,0,0
10,5,3903,0,0,87,174,349,0,0,0,0,0,0,0,0
10,6,4074,1,2,37,75,151,0,0,0,0,0,0,0,0
10,5,3903,0,0,147,294,589,0,0,0,0,0,0,0,0
10,4,254,1,2,163,326,653,0,0,0,0,0,0,0,0
10,6,4095,1,0,205,410,821,0,0,0,0,0,0,0,0
10,4,1020,1,0,39,78,157,0,0,0,0,0,0,0,0
10,6,1447,0,2,87,174,348,10,6,2479,0,2,94,189,378
0,0,0,0,0,0,0,0,0,0,0,0,0,0,0,0
9,5,2847,1,5,56,113,226,0,0,0,0,0,0,0,0
0,0,0,0,0,0,0,0,0,0,0,0,0,0,0,0
10,6,4095,1,0,101,202,405,0,0,0,0,0,0,0,0
10,6,2905,1,1,90,181,363,0,0,0,0,0,0,0,0
10,5,4092,0,0,35,70,141,0,0,0,0,0,0,0,0
8,4,1356,0,4,184,369,738,0,0,0,0,0,0,0,0
10,6,4095,1,0,184,368,737,0,0,0,0,0,0,0,0
6,4,3363,0,7,156,312,624,0,0,0,0,0,0,0,0
0,0,0,0,0,0,0,0,0,0,0,0,0,0,0,0
6,4,3891,0,6,14,29,59,0,0,0,0,0,0,0,0
10,6,3002,1,0,18,37,74,10,4,1020,1,0,3,6,13
2,5,2139,0,14,50,100,200,0,0,0,0,0,0,0,0
10,6,4095,1,0,65,130,261,0,0,0,0,0,0,0,0
10,6,4095,1,0,63,126,253,0,0,0,0,0,0,0,0
10,6,4095,1,0,195,390,781,0,0,0,0,0,0,0,0
10,4,3891,0,0,156,312,625,0,0,0,0,0,0,0,0
10,4,975,0,0,189,378,757,0,0,0,0,0,0,0,0
10,4,2528,0,1,152,305,610,0,0,0,0,0,0,0,0
10,6,4095,1,0,165,330,661,0,0,0,0,0,0,0,0
10,6,4095,1,0,185,370,741,0,0,0,0,0,0,0,0
0,0,0,0,0,0,0,0,0,0,0,0,0,0,0,0
10,5,4083,0,0,68,136,273,0,0,0,0,0,0,0,0
10,6,4095,1,0,58,116,233,0,0,0,0,0,0,0,0
0,0,0,0,0,0,0,0,0,0,0,0,0,0,0,0
8,4,1267,0,3,157,314,628,9,4,1102,1,3,197,395,790
10,4,3644,0,0,180,360,721,0,0,0,0,0,0,0,0
10,6,4095,1,0,93,186,373,0,0,0,0,0,0,0,0
8,6,1407,0,4,32,65,130,0,0,0,0,0,0,0,0
10,4,3760,0,0,75,151,303,0,0,0,0,0,0,0,0
0,0,0,0,0,0,0,0,0,0,0,0,0,0,0,0
8,6,4095,0,5,119,239,479,0,0,0,0,0,0,0,0
10,6,4095,1,0,61,122,245,0,0,0,0,0,0,0,0
10,6,2734,0,0,64,129,258,0,0,0,0,0,0,0,0
4,5,3305,0,10,199,398,797,8,4,87,0,4,4,9,18
0,0,0,0,0,0,0,0,0,0,0,0,0,0,0,0
0,0,0,0,0,0,0,0,0,0,0,0,0,0,0,0
3,4,233,1,15,16,33,66,0,0,0,0,0,0,0,0
0,0,0,0,0,0,0,0,0,0,0,0,0,0,0,0
7,4,3808,1,7,67,134,269,0,0,0,0,0,0,0,0
10,6,4095,1,0,180,360,721,0,0,0,0,0,0,0,0
10,6,4095,1,0,172,344,689,0,0,0,0,0,0,0,0
10,6,2794,1,0,197,395,790,0,0,0,0,0,0,0,0
10,6,4095,1,0,153,306,613,0,0,0,0,0,0,0,0
10,6,4095,1,0,55,110,221,0,0,0,0,0,0,0,0
0,0,0,0,0,0,0,0,0,0,0,0,0,0,0,0
3,6,1721,1,13,88,176,353,0,0,0,0,0,0,0,0
10,6,4095,1,0,79,158,317,0,0,0,0,0,0,0,0
10,6,4095,1,0,47,94,189,0,0,0,0,0,0,0,0
10,6,4095,1,0,55,110,221,0,0,0,0,0,0,0,0
10,6,4095,1,0,73,146,293,0,0,0,0,0,0,0,0
10,6,4095,1,0,84,168,337,4,6,3670,0,11,77,155,311
10,5,3811,0,0,44,88,176,0,0,0,0,0,0,0,0
3,6,3501,1,14,74,148,297,0,0,0,0,0,0,0,0
8,4,3134,0,5,59,118,237,0,0,0,0,0,0,0,0
10,6,2986,1,0,116,232,465,0,0,0,0,0,0,0,0
10,6,4095,1,0,9,18,37,0,0,0,0,0,0,0,0
10,6,2986,1,0,12,24,49,0,0,0,0,0,0,0,0
10,6,4095,1,0,116,232,465,0,0,0,0,0,0,0,0
0,0,0,0,0,0,0,0,0,0,0,0,0,0,0,0
10,4,2280,1,0,193,387,774,0,0,0,0,0,0,0,0
0,0,0,0,0,0,0,0,0,0,0,0,0,0,0,0
0,0,0,0,0,0,0,0,0,0,0,0,0,0,0,0
9,6,3067,1,5,42,85,170,10,5,3327,1,0,25,50,101
10,5,3327,1,0,103,206,413,0,0,0,0,0,0,0,0
10,5,3723,0,0,93,187,375,0,0,0,0,0,0,0,0
10,6,4091,1,0,35,70,140,10,5,762,1,0,14,29,59
10,6,3067,0,0,47,94,188,9,4,185,1,3,59,119,238
10,6,4094,1,1,82,164,328,0,0,0,0,0,0,0,0
10,5,1246,0,1,121,242,485,0,0,0,0,0,0,0,0
10,5,1866,0,0,62,124,248,5,4,3300,1,9,76,153,307
6,6,1982,0,7,31,62,124,0,0,0,0,0,0,0,0
7,6,1765,1,6,75,151,302,2,5,1764,0,14,48,96,192
0,0,0,0,0,0,0,0,0,0,0,0,0,0,0,0
10,6,4095,1,0,50,100,201,0,0,0,0,0,0,0,0
3,5,3420,1,14,60,120,240,0,0,0,0,0,0,0,0
10,5,3327,1,0,3,6,13,10,5,3764,1,2,9,18,37
10,5,2282,1,0,112,225,450,0,0,0,0,0,0,0,0
10,4,628,1,0,190,380,760,0,0,0,0,0,0,0,0
0,0,0,0,0,0,0,0,0,0,0,0,0,0,0,0
10,6,4095,1,0,24,48,97,0,0,0,0,0,0,0,0
10,6,4095,1,0,102,204,409,0,0,0,0,0,0,0,0
10,6,4095,1,0,117,234,469,0,0,0,0,0,0,0,0
10,5,1022,1,1,70,140,280,10,4,930,1,1,62,125,250
8,5,1019,0,4,213,427,854,10,4,604,0,2,92,184,369
9,4,3780,1,3,100,200,400,0,0,0,0,0,0,0,0
3,5,3756,1,14,180,361,722,0,0,0,0,0,0,0,0
10,5,1002,1,2,190,381,763,0,0,0,0,0,0,0,0
10,5,4092,0,0,22,44,89,0,0,0,0,0,0,0,0
10,5,4047,0,0,105,210,421,0,0,0,0,0,0,0,0
9,5,1839,1,3,207,415,830,0,0,0,0,0,0,0,0
0,0,0,0,0,0,0,0,0,0,0,0,0,0,0,0
3,4,167,1,12,81,162,325,0,0,0,0,0,0,0,0
10,4,956,0,0,203,406,812,9,4,2183,1,5,210,421,843
7,4,3907,1,6,147,294,589,0,0,0,0,0,0,0,0
10,6,4030,1,0,217,434,868,0,0,0,0,0,0,0,0
10,6,2794,1,0,215,431,862,0,0,0,0,0,0,0,0
0,0,0,0,0,0,0,0,0,0,0,0,0,0,0,0
7,5,2282,1,6,144,288,576,0,0,0,0,0,0,0,0
8,6,3754,0,4,211,423,847,0,0,0,0,0,0,0,0
10,6,4095,1,0,107,214,429,0,0,0,0,0,0,0,0
10,6,4095,1,0,21,42,85,0,0,0,0,0,0,0,0
10,5,3825,1,2,59,119,238,6,5,1263,0,8,52,104,208
10,6,4095,1,0,72,144,289,0,0,0,0,0,0,0,0
5,5,411,1,11,82,164,329,0,0,0,0,0,0,0,0
10,6,2799,0,1,50,100,200,0,0,0,0,0,0,0,0
10,6,2670,0,0,67,134,269,0,0,0,0,0,0,0,0
7,6,4070,1,8,70,140,280,10,5,2281,1,1,49,98,197
10,5,4092,0,0,119,238,477,0,0,0,0,0,0,0,0
10,6,4030,1,0,135,270,540,0,0,0,0,0,0,0,0
8,6,3770,0,5,220,440,880,0,0,0,0,0,0,0,0
10,6,2794,1,0,65,131,262,7,4,1297,1,6,69,139,279
10,6,3838,1,0,61,122,244,0,0,0,0,0,0,0,0
10,6,4090,1,1,24,49,99,10,6,2045,1,0,36,73,146
10,6,2815,0,1,82,164,328,10,6,4095,1,0,91,182,365
10,6,4095,1,0,166,332,665,0,0,0,0,0,0,0,0
10,6,4095,1,0,186,372,745,0,0,0,0,0,0,0,0
10,4,3338,1,0,179,358,717,4,4,2825,0,11,161,322,644
8,4,3333,0,3,146,292,584,0,0,0,0,0,0,0,0
6,5,1415,0,8,194,389,778,0,0,0,0,0,0,0,0
8,5,1023,0,5,5,11,23,0,0,0,0,0,0,0,0
8,4,508,0,4,103,206,412,0,0,0,0,0,0,0,0
0,0,0,0,0,0,0,0,0,0,0,0,0,0,0,0
10,6,4095,1,0,134,268,537,0,0,0,0,0,0,0,0
6,5,4083,0,6,216,433,867,0,0,0,0,0,0,0,0
10,5,3903,0,0,14,28,57,0,0,0,0,0,0,0,0
10,6,4011,1,0,14,29,59,0,0,0,0,0,0,0,0
10,6,2794,1,0,111,223,446,0,0,0,0,0,0,0,0
10,6,4095,1,0,95,190,381,0,0,0,0,0,0,0,0
10,6,4095,1,0,33,66,133,0,0,0,0,0,0,0,0
6,4,2111,0,8,105,210,421,0,0,0,0,0,0,0,0
10,6,4095,1,0,155,310,621,7,6,1717,1,6,145,291,582
10,4,3853,1,2,138,277,554,0,0,0,0,0,0,0,0
10,4,1011,0,0,196,392,785,0,0,0,0,0,0,0,0
3,4,2220,1,12,74,149,298,0,0,0,0,0,0,0,0
10,6,4075,1,0,45,90,180,0,0,0,0,0,0,0,0
10,6,4094,1,1,15,30,60,0,0,0,0,0,0,0,0
10,6,2794,1,0,114,229,458,0,0,0,0,0,0,0,0
10,6,4095,1,0,143,286,573,0,0,0,0,0,0,0,0
0,0,0,0,0,0,0,0,0,0,0,0,0,0,0,0
8,5,3508,0,4,167,334,669,0,0,0,0,0,0,0,0
0,0,0,0,0,0,0,0,0,0,0,0,0,0,0,0
9,4,4048,1,4,147,295,591,0,0,0,0,0,0,0,0
10,6,2731,0,1,172,345,690,0,0,0,0,0,0,0,0
0,0,0,0,0,0,0,0,0,0,0,0,0,0,0,0
10,6,2779,0,0,145,291,582,7,4,3024,1,8,158,317,635
10,6,4095,1,0,151,302,605,0,0,0,0,0,0,0,0
0,0,0,0,0,0,0,0,0,0,0,0,0,0,0,0
0,0,0,0,0,0,0,0,0,0,0,0,0,0,0,0
10,5,702,0,0,200,401,803,9,5,2739,1,4,211,423,846
10,6,4095,1,0,21,42,85,0,0,0,0,0,0,0,0
3,4,830,1,15,26,52,105,0,0,0,0,0,0,0,0
10,5,990,1,1,97,195,391,0,0,0,0,0,0,0,0
10,4,4080,0,0,83,166,333,0,0,0,0,0,0,0,0
0,0,0,0,0,0,0,0,0,0,0,0,0,0,0,0
10,6,4095,1,0,102,204,409,0,0,0,0,0,0,0,0
10,6,4075,1,0,27,54,108,0,0,0,0,0,0,0,0
10,5,983,1,1,36,73,146,8,5,3692,0,5,48,97,195
8,4,1776,0,5,8,17,35,0,0,0,0,0,0,0,0
3,4,2888,1,14,101,202,404,0,0,0,0,0,0,0,0
0,0,0,0,0,0,0,0,0,0,0,0,0,0,0,0
10,5,2702,0,0,64,129,258,0,0,0,0,0,0,0,0
10,6,4095,1,0,62,124,249,0,0,0,0,0,0,0,0
0,0,0,0,0,0,0,0,0,0,0,0,0,0,0,0
10,5,2270,0,0,29,59,118,8,4,155,0,3,4,8,16
10,6,2799,0,1,199,398,796,0,0,0,0,0,0,0,0
10,6,2542,0,1,152,305,610,0,0,0,0,0,0,0,0
10,6,4095,1,0,200,400,801,0,0,0,0,0,0,0,0
0,0,0,0,0,0,0,0,0,0,0,0,0,0,0,0
0,0,0,0,0,0,0,0,0,0,0,0,0,0,0,0
10,5,3816,1,1,133,267,534,5,5,1415,1,11,143,286,572
10,5,638,0,1,131,263,526,0,0,0,0,0,0,0,0
2,5,2963,0,13,204,408,817,0,0,0,0,0,0,0,0
0,0,0,0,0,0,0,0,0,0,0,0,0,0,0,0
0,0,0,0,0,0,0,0,0,0,0,0,0,0,0,0
0,0,0,0,0,0,0,0,0,0,0,0,0,0,0,0
3,4,3020,1,12,51,102,205,0,0,0,0,0,0,0,0
10,5,1778,0,1,208,417,834,0,0,0,0,0,0,0,0
0,0,0,0,0,0,0,0,0,0,0,0,0,0,0,0
0,0,0,0,0,0,0,0,0,0,0,0,0,0,0,0
0,0,0,0,0,0,0,0,0,0,0,0,0,0,0,0
10,4,4080,0,0,219,438,877,0,0,0,0,0,0,0,0
10,6,4095,1,0,132,264,529,0,0,0,0,0,0,0,0
0,0,0,0,0,0,0,0,0,0,0,0,0,0,0,0
0,0,0,0,0,0,0,0,0,0,0,0,0,0,0,0
9,4,4033,1,3,80,160,321,0,0,0,0,0,0,0,0
6,4,604,0,7,187,375,750,0,0,0,0,0,0,0,0
10,4,847,0,1,137,275,551,0,0,0,0,0,0,0,0
0,0,0,0,0,0,0,0,0,0,0,0,0,0,0,0
10,5,1007,1,0,131,262,524,0,0,0,0,0,0,0,0
10,6,3583,0,1,220,440,880,0,0,0,0,0,0,0,0
10,6,4095,1,0,138,276,553,0,0,0,0,0,0,0,0
0,0,0,0,0,0,0,0,0,0,0,0,0,0,0,0
10,6,2982,1,1,214,428,857,0,0,0,0,0,0,0,0
3,4,3780,1,15,137,275,551,0,0,0,0,0,0,0,0
10,5,4092,0,0,194,388,777,0,0,0,0,0,0,0,0
10,6,4095,1,0,43,86,173,0,0,0,0,0,0,0,0
10,6,4095,1,0,86,172,345,0,0,0,0,0,0,0,0
10,5,4092,0,0,138,276,553,0,0,0,0,0,0,0,0
10,6,4095,1,0,214,428,857,0,0,0,0,0,0,0,0
10,6,4095,1,0,8,16,33,0,0,0,0,0,0,0,0
10,6,4095,1,0,117,234,469,0,0,0,0,0,0,0,0
10,6,4095,1,0,83,166,333,0,0,0,0,0,0,0,0
10,5,3903,0,0,45,90,181,0,0,0,0,0,0,0,0
10,6,4095,1,0,140,280,561,0,0,0,0,0,0,0,0
10,4,3324,1,0,210,420,841,0,0,0,0,0,0,0,0
10,6,3999,1,0,196,393,787,7,4,3920,1,6,202,404,808
10,5,2702,0,0,155,311,622,3,5,510,1,12,169,339,679
10,4,839,1,0,217,434,869,0,0,0,0,0,0,0,0
8,5,2428,0,3,145,291,583,0,0,0,0,0,0,0,0
10,6,4095,1,0,209,418,837,0,0,0,0,0,0,0,0
10,5,2020,1,0,176,352,705,10,5,1023,1,0,187,374,749
0,0,0,0,0,0,0,0,0,0,0,0,0,0,0,0
3,4,3126,1,14,142,285,570,0,0,0,0,0,0,0,0
10,6,4079,1,0,211,422,844,0,0,0,0,0,0,0,0
3,5,3836,1,13,153,306,613,0,0,0,0,0,0,0,0
0,0,0,0,0,0,0,0,0,0,0,0,0,0,0,0
9,4,3760,1,5,196,393,786,0,0,0,0,0,0,0,0
0,0,0,0,0,0,0,0,0,0,0,0,0,0,0,0
10,6,1726,0,2,138,277,554,0,0,0,0,0,0,0,0
10,6,3759,0,0,184,369,739,0,0,0,0,0,0,0,0
10,4,4016,1,0,180,360,720,0,0,0,0,0,0,0,0
10,6,3799,1,1,182,364,729,0,0,0,0,0,0,0,0
10,5,3979,1,0,16,33,67,0,0,0,0,0,0,0,0
10,6,4095,1,0,109,218,437,0,0,0,0,0,0,0,0
9,6,1790,1,4,219,438,877,0,0,0,0,0,0,0,0
0,0,0,0,0,0,0,0,0,0,0,0,0,0,0,0
6,4,498,0,6,155,310,620,0,0,0,0,0,0,0,0
9,5,2484,1,5,217,435,871,0,0,0,0,0,0,0,0
10,6,2789,1,2,175,350,700,9,4,89,1,4,180,360,720
10,6,4095,1,0,176,352,705,0,0,0,0,0,0,0,0
10,6,3070,1,0,167,334,668,0,0,0,0,0,0,0,0
10,6,2811,0,1,184,369,739,0,0,0,0,0,0,0,0
10,6,4095,1,0,100,200,401,0,0,0,0,0,0,0,0
0,0,0,0,0,0,0,0,0,0,0,0,0,0,0,0
10,6,3839,0,0,75,150,301,0,0,0,0,0,0,0,0
9,6,1726,1,3,53,106,213,4,5,3318,0,10,48,97,194
2,5,3987,0,12,160,320,641,0,0,0,0,0,0,0,0
10,6,4095,1,0,173,346,693,0,0,0,0,0,0,0,0
10,6,2798,0,0,18,37,75,10,4,3206,1,2,32,64,129
10,4,4080,0,0,107,214,429,0,0,0,0,0,0,0,0
0,0,0,0,0,0,0,0,0,0,0,0,0,0,0,0
10,4,4035,1,0,139,278,557,10,4,764,0,2,161,322,645
0,0,0,0,0,0,0,0,0,0,0,0,0,0,0,0
10,6,4095,1,0,91,182,365,7,4,4064,1,8,117,234,469
8,4,2480,0,3,29,58,116,0,0,0,0,0,0,0,0
10,6,4095,1,0,191,382,765,0,0,0,0,0,0,0,0
10,6,4095,1,0,159,318,637,0,0,0,0,0,0,0,0
0,0,0,0,0,0,0,0,0,0,0,0,0,0,0,0
10,6,4091,1,0,198,396,792,0,0,0,0,0,0,0,0
3,5,765,1,15,157,315,631,0,0,0,0,0,0,0,0
9,5,3221,1,3,39,79,159,0,0,0,0,0,0,0,0
10,6,4095,1,0,116,232,465,0,0,0,0,0,0,0,0
10,6,4095,1,0,9,18,37,0,0,0,0,0,0,0,0
10,4,3868,1,1,146,293,586,0,0,0,0,0,0,0,0
10,5,2758,1,0,131,262,525,0,0,0,0,0,0,0,0
10,6,4090,1,1,134,269,539,0,0,0,0,0,0,0,0
10,5,1940,1,1,193,387,774,8,4,157,0,4,216,433,866
0,0,0,0,0,0,0,0,0,0,0,0,0,0,0,0
8,4,1648,0,4,207,415,831,0,0,0,0,0,0,0,0
10,6,4095,1,0,147,294,589,0,0,0,0,0,0,0,0
10,5,1023,1,0,205,410,821,0,0,0,0,0,0,0,0
10,4,4080,0,0,136,272,545,0,0,0,0,0,0,0,0
10,6,1509,1,0,131,263,527,0,0,0,0,0,0,0,0
7,5,3653,1,8,214,428,856,0,0,0,0,0,0,0,0
10,4,831,1,0,123,246,493,0,0,0,0,0,0,0,0
3,4,3984,1,15,19,39,78,0,0,0,0,0,0,0,0
5,5,2703,1,11,30,60,120,10,4,2380,0,2,65,131,262
8,4,1392,0,4,62,125,251,0,0,0,0,0,0,0,0
0,0,0,0,0,0,0,0,0,0,0,0,0,0,0,0
10,5,1023,1,0,204,408,817,0,0,0,0,0,0,0,0
10,5,4047,0,0,147,294,589,0,0,0,0,0,0,0,0
10,6,4095,1,0,25,50,101,0,0,0,0,0,0,0,0
0,0,0,0,0,0,0,0,0,0,0,0,0,0,0,0
10,6,3414,1,1,104,209,419,0,0,0,0,0,0,0,0
10,6,4095,1,0,143,286,573,0,0,0,0,0,0,0,0
10,6,4095,1,0,208,416,833,0,0,0,0,0,0,0,0
10,6,3435,0,0,46,92,185,10,5,442,0,1,89,178,357
10,5,1023,1,0,60,120,241,0,0,0,0,0,0,0,0
10,6,3071,0,1,40,80,161,0,0,0,0,0,0,0,0
10,6,2814,0,0,88,177,355,0,0,0,0,0,0,0,0
10,6,3839,0,0,70,140,281,0,0,0,0,0,0,0,0
10,6,4079,1,0,59,118,236,0,0,0,0,0,0,0,0
0,0,0,0,0,0,0,0,0,0,0,0,0,0,0,0
8,6,3950,0,5,142,284,568,0,0,0,0,0,0,0,0
10,5,3903,0,0,205,410,821,0,0,0,0,0,0,0,0
10,5,4092,0,0,187,374,749,0,0,0,0,0,0,0,0
10,6,4095,1,0,164,328,657,0,0,0,0,0,0,0,0
10,6,4027,1,0,75,150,300,0,0,0,0,0,0,0,0
10,6,4010,1,1,50,101,202,0,0,0,0,0,0,0,0
10,6,4095,1,0,116,232,465,0,0,0,0,0,0,0,0
10,5,1023,1,0,12,24,49,0,0,0,0,0,0,0,0
0,0,0,0,0,0,0,0,0,0,0,0,0,0,0,0
10,5,4092,0,0,143,286,573,0,0,0,0,0,0,0,0
0,0,0,0,0,0,0,0,0,0,0,0,0,0,0,0
10,4,3056,0,2,132,265,530,0,0,0,0,0,0,0,0
10,6,1718,0,0,121,242,484,0,0,0,0,0,0,0,0
10,4,2768,1,1,64,128,256,0,0,0,0,0,0,0,0
10,6,1899,0,1,75,150,301,8,5,1359,0,3,83,166,333
10,6,3755,1,0,46,93,186,0,0,0,0,0,0,0,0
8,5,3658,0,5,188,377,755,10,4,1011,0,0,198,396,793
3,5,2879,1,12,140,280,561,0,0,0,0,0,0,0,0
10,5,3903,0,0,29,58,117,0,0,0,0,0,0,0,0
10,6,1786,0,1,80,161,322,0,0,0,0,0,0,0,0
2,5,1018,0,12,24,49,99,9,4,215,1,5,16,33,67
0,0,0,0,0,0,0,0,0,0,0,0,0,0,0,0
10,4,2948,1,2,131,263,527,0,0,0,0,0,0,0,0
0,0,0,0,0,0,0,0,0,0,0,0,0,0,0,0
10,6,2731,0,1,159,319,638,0,0,0,0,0,0,0,0
10,6,4095,1,0,191,382,765,0,0,0,0,0,0,0,0
10,5,2219,0,1,36,73,146,0,0,0,0,0,0,0,0
10,5,1019,1,0,90,180,360,0,0,0,0,0,0,0,0
10,5,4012,1,0,210,421,843,7,4,1872,1,7,200,400,800
10,5,2639,0,2,178,357,715,10,4,3521,1,2,185,370,740
5,5,4052,1,10,216,433,866,0,0,0,0,0,0,0,0
10,6,4095,1,0,179,358,717,0,0,0,0,0,0,0,0
10,6,3071,0,1,171,342,685,0,0,0,0,0,0,0,0
10,6,4095,1,0,44,88,177,0,0,0,0,0,0,0,0
8,4,1360,0,5,123,247,494,0,0,0,0,0,0,0,0
2,6,2667,0,14,19,38,77,10,5,1477,1,0,3,7,14
10,6,4095,1,0,133,266,533,0,0,0,0,0,0,0,0
0,0,0,0,0,0,0,0,0,0,0,0,0,0,0,0
10,4,173,1,1,119,238,477,0,0,0,0,0,0,0,0
0,0,0,0,0,0,0,0,0,0,0,0,0,0,0,0
0,0,0,0,0,0,0,0,0,0,0,0,0,0,0,0
10,5,4092,0,0,147,294,589,0,0,0,0,0,0,0,0
2,5,854,0,12,197,395,791,0,0,0,0,0,0,0,0
10,4,2275,0,1,170,341,683,0,0,0,0,0,0,0,0
3,6,3498,1,14,87,174,349,0,0,0,0,0,0,0,0
0,0,0,0,0,0,0,0,0,0,0,0,0,0,0,0
10,4,1227,0,2,217,435,870,0,0,0,0,0,0,0,0
10,5,3655,1,0,133,266,533,0,0,0,0,0,0,0,0
10,6,4091,1,0,148,296,592,10,5,955,1,0,163,326,652
0,0,0,0,0,0,0,0,0,0,0,0,0,0,0,0
10,6,4095,1,0,54,108,217,0,0,0,0,0,0,0,0
10,5,2984,1,0,74,148,297,9,5,2859,1,5,202,404,809
5,5,4068,1,9,90,181,363,2,5,3000,0,14,72,145,291
10,6,4095,1,0,47,94,189,0,0,0,0,0,0,0,0
10,6,1787,0,2,218,437,875,0,0,0,0,0,0,0,0
10,5,4024,1,1,6,13,27,0,0,0,0,0,0,0,0
10,6,4095,1,0,124,248,497,0,0,0,0,0,0,0,0
10,6,4095,1,0,6,12,25,0,0,0,0,0,0,0,0
10,6,1493,1,0,4,9,18,0,0,0,0,0,0,0,0
6,4,2876,0,7,114,229,458,0,0,0,0,0,0,0,0
10,6,4095,1,0,53,106,213,0,0,0,0,0,0,0,0
10,6,4095,1,0,72,144,289,0,0,0,0,0,0,0,0
10,6,4095,1,0,169,338,677,0,0,0,0,0,0,0,0
10,4,3279,1,0,181,362,725,0,0,0,0,0,0,0,0
10,4,3324,1,0,154,308,617,0,0,0,0,0,0,0,0
10,4,831,1,0,196,392,785,0,0,0,0,0,0,0,0
0,0,0,0,0,0,0,0,0,0,0,0,0,0,0,0
10,5,3327,1,0,184,368,737,0,0,0,0,0,0,0,0
10,6,4095,1,0,104,208,417,0,0,0,0,0,0,0,0
10,5,1023,1,0,25,50,101,0,0,0,0,0,0,0,0
10,6,4095,1,0,139,278,557,9,5,3028,1,3,146,293,587
10,5,1023,1,0,212,424,849,0,0,0,0,0,0,0,0
0,0,0,0,0,0,0,0,0,0,0,0,0,0,0,0
10,5,4092,0,0,182,364,729,0,0,0,0,0,0,0,0
10,6,4095,1,0,170,340,681,0,0,0,0,0,0,0,0
10,5,4019,0,0,220,440,880,0,0,0,0,0,0,0,0
10,6,4095,1,0,132,264,529,0,0,0,0,0,0,0,0
10,6,4095,1,0,76,152,305,0,0,0,0,0,0,0,0
10,6,1786,0,1,43,87,174,9,6,3566,1,5,49,98,197
3,6,3754,1,14,100,201,402,0,0,0,0,0,0,0,0
10,5,1489,1,0,12,25,50,0,0,0,0,0,0,0,0
10,5,3895,1,1,113,227,455,0,0,0,0,0,0,0,0
0,0,0,0,0,0,0,0,0,0,0,0,0,0,0,0
0,0,0,0,0,0,0,0,0,0,0,0,0,0,0,0
5,4,4048,1,10,92,185,370,0,0,0,0,0,0,0,0
2,4,3342,0,13,12,25,50,0,0,0,0,0,0,0,0
10,6,4095,1,0,211,422,845,0,0,0,0,0,0,0,0
10,4,3142,1,1,178,356,712,0,0,0,0,0,0,0,0
10,6,2471,0,1,219,438,877,0,0,0,0,0,0,0,0
10,4,1555,0,2,203,406,813,0,0,0,0,0,0,0,0
10,5,1118,0,2,102,204,408,0,0,0,0,0,0,0,0
0,0,0,0,0,0,0,0,0,0,0,0,0,0,0,0
0,0,0,0,0,0,0,0,0,0,0,0,0,0,0,0
0,0,0,0,0,0,0,0,0,0,0,0,0,0,0,0
10,6,2554,0,0,123,247,494,0,0,0,0,0,0,0,0
9,4,996,1,5,100,200,401,0,0,0,0,0,0,0,0
10,6,4095,1,0,97,194,389,0,0,0,0,0,0,0,0
10,4,2284,0,1,16,32,64,0,0,0,0,0,0,0,0
0,0,0,0,0,0,0,0,0,0,0,0,0,0,0,0
10,6,4095,1,0,91,182,365,0,0,0,0,0,0,0,0
10,5,4047,0,0,38,76,153,0,0,0,0,0,0,0,0
10,5,4092,0,0,16,32,65,0,0,0,0,0,0,0,0
0,0,0,0,0,0,0,0,0,0,0,0,0,0,0,0
10,6,3775,0,0,112,224,448,3,4,117,1,14,104,209,419
10,6,4095,1,0,13,26,53,0,0,0,0,0,0,0,0
10,6,4095,1,0,112,224,449,0,0,0,0,0,0,0,0
10,6,2494,0,1,88,177,354,8,5,2893,0,5,80,161,323
10,6,3006,0,0,68,137,275,0,0,0,0,0,0,0,0
10,5,1692,0,2,91,182,365,0,0,0,0,0,0,0,0
10,4,4080,0,0,44,88,177,0,0,0,0,0,0,0,0
10,4,2636,0,1,59,119,238,0,0,0,0,0,0,0,0
10,5,1999,0,2,37,74,148,10,5,1821,1,0,61,122,244
8,4,465,0,4,6,12,24,0,0,0,0,0,0,0,0
0,0,0,0,0,0,0,0,0,0,0,0,0,0,0,0
8,4,620,0,3,206,413,826,0,0,0,0,0,0,0,0
3,4,1820,1,12,187,374,749,0,0,0,0,0,0,0,0
0,0,0,0,0,0,0,0,0,0,0,0,0,0,0,0
9,4,3536,1,3,218,437,874,2,4,1456,0,15,172,344,688
10,6,2807,0,0,132,265,531,9,6,1510,1,5,138,277,554
10,6,3754,1,1,150,300,601,0,0,0,0,0,0,0,0
2,5,1679,0,15,213,427,854,0,0,0,0,0,0,0,0
10,6,2795,0,0,142,285,571,10,5,4008,1,2,136,272,545
10,5,4083,0,0,209,418,837,0,0,0,0,0,0,0,0
10,6,2731,0,1,187,375,750,0,0,0,0,0,0,0,0
3,5,2507,1,12,165,331,663,0,0,0,0,0,0,0,0
10,6,3839,0,0,206,412,825,10,5,693,1,2,194,388,776
0,0,0,0,0,0,0,0,0,0,0,0,0,0,0,0
10,6,3007,0,1,147,294,588,0,0,0,0,0,0,0,0
10,6,4095,1,0,181,362,725,0,0,0,0,0,0,0,0
10,5,3327,1,0,169,338,677,0,0,0,0,0,0,0,0
10,5,1241,1,0,25,51,103,0,0,0,0,0,0,0,0
10,4,3788,0,0,93,186,373,0,0,0,0,0,0,0,0
8,5,4045,0,3,195,390,781,0,0,0,0,0,0,0,0
10,6,2795,0,0,188,377,755,10,4,2251,0,0,182,365,731
10,6,2734,0,0,73,147,294,0,0,0,0,0,0,0,0
9,5,933,1,4,10,20,40,0,0,0,0,0,0,0,0
10,6,2814,0,0,52,105,211,0,0,0,0,0,0,0,0
2,6,1781,0,13,109,218,436,7,4,3884,1,6,103,207,415
10,5,4092,0,0,15,30,61,0,0,0,0,0,0,0,0
10,5,1023,1,0,88,176,353,0,0,0,0,0,0,0,0
0,0,0,0,0,0,0,0,0,0,0,0,0,0,0,0
9,4,1266,1,4,170,340,681,0,0,0,0,0,0,0,0
0,0,0,0,0,0,0,0,0,0,0,0,0,0,0,0
2,5,3752,0,12,45,90,181,7,4,2369,1,7,55,111,223
10,6,4095,1,0,74,148,297,0,0,0,0,0,0,0,0
10,6,4094,1,1,156,312,624,0,0,0,0,0,0,0,0
10,6,4095,1,0,196,392,785,0,0,0,0,0,0,0,0
10,4,3240,1,2,215,430,861,0,0,0,0,0,0,0,0
10,6,4095,1,0,135,270,541,0,0,0,0,0,0,0,0
10,6,4095,1,0,30,60,121,0,0,0,0,0,0,0,0
10,6,4095,1,0,99,198,397,0,0,0,0,0,0,0,0
10,5,2303,0,1,207,414,829,0,0,0,0,0,0,0,0
10,4,936,1,2,220,440,881,0,0,0,0,0,0,0,0
0,0,0,0,0,0,0,0,0,0,0,0,0,0,0,0
10,6,2982,1,1,145,290,581,0,0,0,0,0,0,0,0
10,4,214,1,2,161,322,645,0,0,0,0,0,0,0,0
10,6,3734,1,2,196,392,784,0,0,0,0,0,0,0,0
0,0,0,0,0,0,0,0,0,0,0,0,0,0,0,0
10,6,4095,1,0,179,358,717,0,0,0,0,0,0,0,0
6,5,2239,0,7,113,226,453,0,0,0,0,0,0,0,0
10,4,3696,1,0,172,344,689,0,0,0,0,0,0,0,0
10,6,4095,1,0,155,310,621,0,0,0,0,0,0,0,0
10,6,4095,1,0,197,394,789,0,0,0,0,0,0,0,0
10,4,1412,0,0,180,361,722,2,4,2736,0,15,157,315,631
10,4,3891,0,0,177,354,709,0,0,0,0,0,0,0,0
10,5,622,0,1,147,294,589,0,0,0,0,0,0,0,0
10,5,1023,1,0,203,406,813,0,0,0,0,0,0,0,0
10,6,2987,0,0,206,413,827,0,0,0,0,0,0,0,0
10,6,4095,1,0,145,290,581,0,0,0,0,0,0,0,0
0,0,0,0,0,0,0,0,0,0,0,0,0,0,0,0
6,6,1886,0,7,162,325,650,0,0,0,0,0,0,0,0
10,6,1493,1,0,188,377,754,10,5,733,1,1,197,394,789
10,5,1006,1,1,114,228,456,2,5,2871,0,13,104,209,418
7,6,3029,1,8,7,15,30,0,0,0,0,0,0,0,0
10,6,2795,0,0,14,29,59,10,5,3254,1,2,8,17,34
10,6,4095,1,0,141,282,565,0,0,0,0,0,0,0,0
10,5,3044,1,2,133,266,533,0,0,0,0,0,0,0,0
10,6,3071,0,1,209,418,837,0,0,0,0,0,0,0,0
10,4,4044,0,0,171,342,685,0,0,0,0,0,0,0,0
10,4,3788,0,0,142,284,569,0,0,0,0,0,0,0,0
2,4,2512,0,12,210,421,843,0,0,0,0,0,0,0,0
10,4,3460,1,2,133,267,534,0,0,0,0,0,0,0,0
10,6,4095,1,0,217,434,869,0,0,0,0,0,0,0,0
10,6,3071,0,1,67,134,269,0,0,0,0,0,0,0,0
10,6,4095,1,0,59,118,237,0,0,0,0,0,0,0,0
10,5,4047,0,0,64,128,257,0,0,0,0,0,0,0,0
10,5,955,1,0,44,88,176,0,0,0,0,0,0,0,0
3,6,2734,1,13,80,161,322,10,5,4092,0,0,27,54,109
10,5,922,1,1,207,414,829,9,4,314,1,4,212,425,851
0,0,0,0,0,0,0,0,0,0,0,0,0,0,0,0
2,4,444,0,15,31,62,124,0,0,0,0,0,0,0,0
0,0,0,0,0,0,0,0,0,0,0,0,0,0,0,0
0,0,0,0,0,0,0,0,0,0,0,0,0,0,0,0
10,6,1645,0,0,107,214,428,7,5,3569,1,7,99,199,399
10,6,4079,1,0,19,38,76,0,0,0,0,0,0,0,0
10,6,4095,1,0,151,302,605,0,0,0,0,0,0,0,0
10,4,186,1,0,153,307,614,0,0,0,0,0,0,0,0
5,4,993,1,10,134,268,536,8,4,3980,0,5,164,329,658
6,5,1738,0,6,93,187,375,10,4,866,1,0,168,336,673
5,4,3728,1,10,41,82,164,0,0,0,0,0,0,0,0
0,0,0,0,0,0,0,0,0,0,0,0,0,0,0,0
10,6,4095,1,0,65,130,261,0,0,0,0,0,0,0,0
10,5,4092,0,0,61,122,245,0,0,0,0,0,0,0,0
8,4,175,0,3,34,69,138,0,0,0,0,0,0,0,0
10,4,218,1,1,131,262,525,6,4,1543,0,7,140,281,562
10,4,191,0,2,165,330,660,0,0,0,0,0,0,0,0
10,6,4027,1,0,202,404,808,10,5,1677,0,0,158,316,632
6,5,3436,0,6,119,239,479,0,0,0,0,0,0,0,0
10,5,2761,1,1,150,300,601,0,0,0,0,0,0,0,0
10,6,3818,1,1,92,185,370,10,4,692,1,1,119,238,477
0,0,0,0,0,0,0,0,0,0,0,0,0,0,0,0
10,5,986,1,2,92,185,370,2,4,2544,0,15,178,356,712
9,6,2799,1,4,183,367,734,3,5,2476,1,12,208,417,834
10,6,2733,1,0,132,264,529,8,5,3882,0,4,21,42,84
0,0,0,0,0,0,0,0,0,0,0,0,0,0,0,0
10,5,3327,1,0,49,98,197,0,0,0,0,0,0,0,0
10,6,3481,1,1,153,307,615,0,0,0,0,0,0,0,0
10,6,4095,1,0,198,396,793,0,0,0,0,0,0,0,0
10,6,2794,1,0,217,435,870,0,0,0,0,0,0,0,0
0,0,0,0,0,0,0,0,0,0,0,0,0,0,0,0
10,5,2206,0,0,134,268,537,0,0,0,0,0,0,0,0
0,0,0,0,0,0,0,0,0,0,0,0,0,0,0,0
10,4,2672,0,1,157,315,630,0,0,0,0,0,0,0,0
8,4,914,0,3,82,165,331,0,0,0,0,0,0,0,0
9,4,3273,1,3,169,339,678,3,4,181,1,15,143,286,573
10,4,3628,1,0,151,303,607,0,0,0,0,0,0,0,0
10,6,4095,1,0,155,310,621,0,0,0,0,0,0,0,0
0,0,0,0,0,0,0,0,0,0,0,0,0,0,0,0
8,5,858,0,4,214,429,858,6,4,691,0,8,139,278,557
3,5,1017,1,15,195,391,783,2,4,4080,0,13,169,338,676
0,0,0,0,0,0,0,0,0,0,0,0,0,0,0,0
10,6,4095,1,0,152,304,609,0,0,0,0,0,0,0,0
10,6,4095,1,0,184,368,737,0,0,0,0,0,0,0,0
10,6,2734,0,0,167,335,670,0,0,0,0,0,0,0,0
10,6,4095,1,0,24,48,97,0,0,0,0,0,0,0,0
10,4,3056,0,2,190,381,762,0,0,0,0,0,0,0,0
0,0,0,0,0,0,0,0,0,0,0,0,0,0,0,0
10,6,4095,1,0,83,166,333,0,0,0,0,0,0,0,0
10,6,4095,1,0,43,86,173,0,0,0,0,0,0,0,0
0,0,0,0,0,0,0,0,0,0,0,0,0,0,0,0
9,6,2651,1,4,158,317,635,0,0,0,0,0,0,0,0
0,0,0,0,0,0,0,0,0,0,0,0,0,0,0,0
10,6,3759,0,0,51,103,207,0,0,0,0,0,0,0,0
10,6,4095,1,0,74,148,297,0,0,0,0,0,0,0,0
10,6,4055,1,1,211,423,846,0,0,0,0,0,0,0,0
10,5,1023,1,0,138,276,553,0,0,0,0,0,0,0,0
10,6,4095,1,0,39,78,157,0,0,0,0,0,0,0,0
10,6,4031,0,0,87,174,349,9,6,4057,1,3,97,194,389
0,0,0,0,0,0,0,0,0,0,0,0,0,0,0,0
0,0,0,0,0,0,0,0,0,0,0,0,0,0,0,0
10,6,2731,0,1,132,265,530,0,0,0,0,0,0,0,0
10,6,4095,1,0,212,424,849,0,0,0,0,0,0,0,0
0,0,0,0,0,0,0,0,0,0,0,0,0,0,0,0
10,6,1367,0,2,137,275,551,3,4,909,1,15,143,287,575
10,6,4058,1,2,211,423,846,0,0,0,0,0,0,0,0
10,6,4095,1,0,205,410,821,0,0,0,0,0,0,0,0
10,5,4017,1,2,147,294,589,10,5,490,0,0,161,322,645
3,4,850,1,14,210,420,841,0,0,0,0,0,0,0,0
10,5,599,0,1,34,69,139,8,4,2384,0,3,39,78,157
10,6,2455,0,0,93,186,372,5,4,348,1,11,71,142,284
10,6,4095,1,0,72,144,289,0,0,0,0,0,0,0,0
3,5,1884,1,12,39,78,157,9,4,2284,1,4,33,67,134
10,6,4095,1,0,180,360,721,0,0,0,0,0,0,0,0
10,6,3071,0,1,171,342,685,0,0,0,0,0,0,0,0
10,6,3926,1,2,163,326,652,10,6,3674,1,1,186,372,744
8,6,2809,0,4,149,299,599,0,0,0,0,0,0,0,0
0,0,0,0,0,0,0,0,0,0,0,0,0,0,0,0
10,6,4095,1,0,202,404,809,0,0,0,0,0,0,0,0
6,5,1866,0,6,164,329,658,0,0,0,0,0,0,0,0
10,5,4083,0,0,187,374,749,0,0,0,0,0,0,0,0
10,6,4070,1,2,22,45,90,8,4,2834,0,5,46,93,186
10,6,4095,1,0,68,136,273,0,0,0,0,0,0,0,0
10,5,3903,0,0,58,116,233,0,0,0,0,0,0,0,0
10,6,3771,0,0,70,141,283,0,0,0,0,0,0,0,0
10,5,4047,0,0,52,104,209,0,0,0,0,0,0,0,0
10,6,2794,1,0,76,153,306,0,0,0,0,0,0,0,0
10,6,4095,1,0,36,72,145,0,0,0,0,0,0,0,0
10,6,4095,1,0,89,178,357,10,5,683,0,1,120,241,482
10,5,4092,0,0,24,48,97,0,0,0,0,0,0,0,0
10,4,255,0,0,101,202,405,0,0,0,0,0,0,0,0
9,5,686,1,4,199,398,796,0,0,0,0,0,0,0,0
10,6,3994,1,2,167,334,669,10,6,2745,1,0,174,348,697
10,6,4095,1,0,23,46,93,0,0,0,0,0,0,0,0
10,6,4095,1,0,106,212,425,0,0,0,0,0,0,0,0
0,0,0,0,0,0,0,0,0,0,0,0,0,0,0,0
10,5,1003,1,0,13,26,52,10,5,3044,1,2,39,78,157
10,6,2798,0,0,106,213,427,0,0,0,0,0,0,0,0
10,6,4095,1,0,77,154,309,0,0,0,0,0,0,0,0
10,6,4095,1,0,48,96,193,0,0,0,0,0,0,0,0
0,0,0,0,0,0,0,0,0,0,0,0,0,0,0,0
7,4,3115,1,6,52,105,210,0,0,0,0,0,0,0,0
10,6,4095,1,0,60,120,241,3,5,3355,1,13,45,90,181
10,6,3754,1,1,24,48,97,0,0,0,0,0,0,0,0
10,6,4095,1,0,104,208,417,0,0,0,0,0,0,0,0
10,6,4095,1,0,27,54,109,0,0,0,0,0,0,0,0
10,6,4095,1,0,101,202,405,0,0,0,0,0,0,0,0
10,4,1801,1,0,59,118,236,0,0,0,0,0,0,0,0
0,0,0,0,0,0,0,0,0,0,0,0,0,0,0,0
10,4,255,0,0,23,46,93,0,0,0,0,0,0,0,0
0,0,0,0,0,0,0,0,0,0,0,0,0,0,0,0
2,4,111,0,15,52,104,208,0,0,0,0,0,0,0,0
10,4,3324,1,0,219,438,877,0,0,0,0,0,0,0,0
0,0,0,0,0,0,0,0,0,0,0,0,0,0,0,0
10,5,1734,0,0,15,30,60,10,4,1011,0,0,172,344,689
8,5,3646,0,5,213,426,853,0,0,0,0,0,0,0,0
10,5,4083,0,0,120,240,481,0,0,0,0,0,0,0,0
10,6,4075,1,0,7,14,28,0,0,0,0,0,0,0,0
3,4,1010,1,15,34,68,137,0,0,0,0,0,0,0,0
10,6,4095,1,0,81,162,325,0,0,0,0,0,0,0,0
10,6,4095,1,0,102,204,409,0,0,0,0,0,0,0,0
10,5,4092,0,0,24,48,97,0,0,0,0,0,0,0,0
10,5,761,1,2,63,127,254,10,5,2020,1,0,73,146,293
10,6,3066,1,0,6,13,27,0,0,0,0,0,0,0,0
4,5,379,0,9,61,123,247,0,0,0,0,0,0,0,0
10,6,4095,1,0,140,280,561,0,0,0,0,0,0,0,0
10,5,3327,1,0,211,422,845,0,0,0,0,0,0,0,0
10,5,3327,1,0,110,220,441,0,0,0,0,0,0,0,0
9,5,921,1,3,5,10,20,10,4,3891,0,0,16,32,65
10,6,4095,1,0,38,76,153,0,0,0,0,0,0,0,0
10,6,2734,0,0,88,177,354,0,0,0,0,0,0,0,0
10,6,2815,0,1,92,184,368,0,0,0,0,0,0,0,0
10,6,4095,1,0,37,74,149,0,0,0,0,0,0,0,0
2,4,2866,0,13,184,369,738,0,0,0,0,0,0,0,0
10,5,4092,0,0,157,314,629,0,0,0,0,0,0,0,0
10,5,1780,0,0,146,292,585,10,5,767,0,1,196,392,784
9,4,3284,1,4,167,335,671,0,0,0,0,0,0,0,0
0,0,0,0,0,0,0,0,0,0,0,0,0,0,0,0
10,5,4092,0,0,45,90,181,0,0,0,0,0,0,0,0
10,6,4095,1,0,83,166,333,0,0,0,0,0,0,0,0
10,4,3324,1,0,7,14,29,0,0,0,0,0,0,0,0
10,6,4095,1,0,3,6,13,0,0,0,0,0,0,0,0
10,5,3903,0,0,121,242,485,0,0,0,0,0,0,0,0
10,6,3754,1,1,18,36,73,0,0,0,0,0,0,0,0
10,6,4095,1,0,107,214,429,0,0,0,0,0,0,0,0
10,6,4010,1,1,207,415,830,0,0,0,0,0,0,0,0
10,4,1221,1,0,173,347,695,0,0,0,0,0,0,0,0
6,5,2350,0,7,217,435,871,6,4,1760,0,8,200,400,801
0,0,0,0,0,0,0,0,0,0,0,0,0,0,0,0
10,6,4095,1,0,61,122,245,0,0,0,0,0,0,0,0
10,4,3279,1,0,67,134,269,0,0,0,0,0,0,0,0
0,0,0,0,0,0,0,0,0,0,0,0,0,0,0,0
10,5,4092,0,0,24,48,97,0,0,0,0,0,0,0,0
10,6,4095,1,0,102,204,409,0,0,0,0,0,0,0,0
10,6,4095,1,0,140,280,561,10,6,4095,1,0,147,294,589
10,6,3743,0,0,203,407,815,10,5,1022,1,1,218,436,872
0,0,0,0,0,0,0,0,0,0,0,0,0,0,0,0
10,5,3436,0,0,109,218,437,10,5,2869,1,2,122,244,488
10,6,2489,1,0,28,56,112,10,5,2879,0,1,3,6,13
10,6,1877,1,1,3,7,14,0,0,0,0,0,0,0,0
4,6,1407,0,10,93,186,372,6,4,691,0,8,86,172,345
3,5,2302,1,12,91,182,364,0,0,0,0,0,0,0,0
10,4,1004,1,0,212,424,848,0,0,0,0,0,0,0,0
0,0,0,0,0,0,0,0,0,0,0,0,0,0,0,0
10,4,2016,0,2,115,230,460,4,4,299,0,9,71,143,286
0,0,0,0,0,0,0,0,0,0,0,0,0,0,0,0
0,0,0,0,0,0,0,0,0,0,0,0,0,0,0,0
10,4,3744,1,2,215,430,860,0,0,0,0,0,0,0,0
10,6,2746,0,0,194,389,778,0,0,0,0,0,0,0,0
10,5,1023,1,0,31,62,125,0,0,0,0,0,0,0,0
10,6,4095,1,0,95,190,381,0,0,0,0,0,0,0,0
0,0,0,0,0,0,0,0,0,0,0,0,0,0,0,0
0,0,0,0,0,0,0,0,0,0,0,0,0,0,0,0
0,0,0,0,0,0,0,0,0,0,0,0,0,0,0,0
10,4,952,1,1,171,343,687,0,0,0,0,0,0,0,0
10,5,3059,0,1,218,436,873,8,4,303,0,4,44,88,177
9,4,249,1,5,159,318,636,0,0,0,0,0,0,0,0
10,6,3926,1,2,27,54,108,10,4,831,1,0,51,102,205
10,5,1023,1,0,69,138,277,0,0,0,0,0,0,0,0
0,0,0,0,0,0,0,0,0,0,0,0,0,0,0,0
10,5,505,1,0,73,146,293,0,0,0,0,0,0,0,0
10,6,3067,0,0,181,362,724,0,0,0,0,0,0,0,0
10,4,2187,0,1,171,343,686,0,0,0,0,0,0,0,0
10,6,4095,1,0,172,344,689,0,0,0,0,0,0,0,0
10,5,1023,1,0,180,360,721,0,0,0,0,0,0,0,0
10,6,2746,0,0,171,343,686,0,0,0,0,0,0,0,0
0,0,0,0,0,0,0,0,0,0,0,0,0,0,0,0
10,5,3883,1,0,156,313,627,0,0,0,0,0,0,0,0
10,5,3327,1,0,195,390,781,0,0,0,0,0,0,0,0
10,5,750,0,0,140,281,563,0,0,0,0,0,0,0,0
10,6,4095,1,0,210,420,841,0,0,0,0,0,0,0,0
10,5,4083,0,0,79,158,317,0,0,0,0,0,0,0,0
10,6,4026,1,1,46,93,187,0,0,0,0,0,0,0,0
10,6,4095,1,0,39,78,157,0,0,0,0,0,0,0,0
10,5,2978,1,0,89,179,358,0,0,0,0,0,0,0,0
10,6,3754,1,1,12,24,49,0,0,0,0,0,0,0,0
6,4,3664,0,8,122,245,491,0,0,0,0,0,0,0,0
10,4,1827,0,2,8,17,35,0,0,0,0,0,0,0,0
0,0,0,0,0,0,0,0,0,0,0,0,0,0,0,0
9,6,3502,1,5,117,234,468,0,0,0,0,0,0,0,0
10,4,255,0,0,196,392,785,0,0,0,0,0,0,0,0
10,4,255,0,0,155,310,621,0,0,0,0,0,0,0,0
10,5,991,1,0,102,204,408,0,0,0,0,0,0,0,0
10,4,255,0,0,49,98,197,0,0,0,0,0,0,0,0
10,5,2012,0,1,56,113,227,0,0,0,0,0,0,0,0
10,6,4075,1,0,70,140,280,0,0,0,0,0,0,0,0
10,6,4095,1,0,24,48,97,0,0,0,0,0,0,0,0
10,6,4095,1,0,104,208,417,0,0,0,0,0,0,0,0
2,4,620,0,15,121,243,486,0,0,0,0,0,0,0,0
6,6,2686,0,7,12,24,48,2,5,1845,0,12,28,56,112
10,6,4011,1,0,116,233,467,0,0,0,0,0,0,0,0
10,6,4014,1,1,208,417,835,0,0,0,0,0,0,0,0
10,6,4095,1,0,143,286,573,0,0,0,0,0,0,0,0
10,5,1023,1,0,215,430,861,0,0,0,0,0,0,0,0
10,6,4095,1,0,135,270,541,0,0,0,0,0,0,0,0
0,0,0,0,0,0,0,0,0,0,0,0,0,0,0,0
10,5,1007,1,0,33,66,132,0,0,0,0,0,0,0,0
10,6,4095,1,0,95,190,381,0,0,0,0,0,0,0,0
0,0,0,0,0,0,0,0,0,0,0,0,0,0,0,0
0,0,0,0,0,0,0,0,0,0,0,0,0,0,0,0
10,6,4095,1,0,180,360,721,0,0,0,0,0,0,0,0
10,6,4095,1,0,170,340,681,0,0,0,0,0,0,0,0
10,5,1003,1,0,174,348,696,0,0,0,0,0,0,0,0
10,6,4095,1,0,171,342,685,0,0,0,0,0,0,0,0
10,6,4079,1,0,23,46,92,10,5,491,0,2,114,229,458
10,5,4092,0,0,22,44,89,0,0,0,0,0,0,0,0
10,6,4095,1,0,107,214,429,0,0,0,0,0,0,0,0
10,6,2810,1,0,203,407,814,0,0,0,0,0,0,0,0
10,6,4095,1,0,147,294,589,0,0,0,0,0,0,0,0
10,6,4095,1,0,32,64,129,0,0,0,0,0,0,0,0
0,0,0,0,0,0,0,0,0,0,0,0,0,0,0,0
9,6,1967,1,3,116,232,465,8,5,1788,0,4,63,126,253
10,6,4095,1,0,56,112,225,0,0,0,0,0,0,0,0
10,6,4095,1,0,70,140,281,0,0,0,0,0,0,0,0
10,6,2746,0,0,175,351,702,0,0,0,0,0,0,0,0
10,6,1461,0,0,176,353,707,0,0,0,0,0,0,0,0
10,6,3774,1,0,97,195,391,0,0,0,0,0,0,0,0
10,6,4095,1,0,28,56,113,0,0,0,0,0,0,0,0
10,6,1791,0,2,21,42,84,5,6,3989,1,9,30,61,122
0,0,0,0,0,0,0,0,0,0,0,0,0,0,0,0
0,0,0,0,0,0,0,0,0,0,0,0,0,0,0,0
10,6,4031,0,0,103,206,413,0,0,0,0,0,0,0,0
2,5,886,0,12,29,58,116,0,0,0,0,0,0,0,0
10,5,919,1,0,39,78,157,10,5,3870,1,1,71,143,286
10,6,3754,1,1,66,132,265,0,0,0,0,0,0,0,0
10,6,4095,1,0,91,182,365,0,0,0,0,0,0,0,0
10,6,4095,1,0,37,74,149,10,4,2106,1,0,7,15,30
10,6,1710,0,1,67,134,269,0,0,0,0,0,0,0,0
10,6,4095,1,0,62,124,249,0,0,0,0,0,0,0,0
6,6,1406,0,8,122,245,491,0,0,0,0,0,0,0,0
9,5,1847,1,4,21,42,85,0,0,0,0,0,0,0,0
10,6,4095,1,0,191,382,765,0,0,0,0,0,0,0,0
10,6,2751,0,2,161,322,644,0,0,0,0,0,0,0,0
10,4,1236,1,0,120,241,483,0,0,0,0,0,0,0,0
10,5,2362,0,0,6,12,25,0,0,0,0,0,0,0,0
10,5,2668,0,1,18,37,74,0,0,0,0,0,0,0,0
10,6,4095,1,0,133,266,533,0,0,0,0,0,0,0,0
10,5,2968,1,1,133,266,532,0,0,0,0,0,0,0,0
4,4,1603,0,9,209,418,836,0,0,0,0,0,0,0,0
10,6,4031,0,0,89,178,357,0,0,0,0,0,0,0,0
10,6,4095,1,0,39,78,157,0,0,0,0,0,0,0,0
10,5,1023,1,0,169,338,677,0,0,0,0,0,0,0,0
2,5,2239,0,14,198,396,792,0,0,0,0,0,0,0,0
0,0,0,0,0,0,0,0,0,0,0,0,0,0,0,0
3,6,3931,1,14,45,91,182,3,6,2734,1,13,69,139,278
10,4,2094,0,0,65,131,262,0,0,0,0,0,0,0,0
0,0,0,0,0,0,0,0,0,0,0,0,0,0,0,0
0,0,0,0,0,0,0,0,0,0,0,0,0,0,0,0
10,5,4028,1,0,154,308,616,6,5,1563,0,8,148,297,594
0,0,0,0,0,0,0,0,0,0,0,0,0,0,0,0
2,5,2605,0,13,143,286,573,5,4,1852,1,11,135,270,540
10,4,3299,1,0,134,268,536,0,0,0,0,0,0,0,0
10,4,995,1,0,160,320,640,10,4,3424,1,2,172,345,690
0,0,0,0,0,0,0,0,0,0,0,0,0,0,0,0
10,5,1018,1,2,86,172,344,2,5,1708,0,15,69,139,279
10,6,4095,1,0,43,86,173,0,0,0,0,0,0,0,0
10,6,3754,1,1,57,114,229,0,0,0,0,0,0,0,0
10,6,4031,0,0,84,168,337,0,0,0,0,0,0,0,0
10,6,3754,1,1,15,30,61,0,0,0,0,0,0,0,0
10,4,106,0,2,112,225,451,0,0,0,0,0,0,0,0
10,4,971,1,0,212,424,848,0,0,0,0,0,0,0,0
9,5,438,1,4,134,269,538,3,4,3244,1,14,144,289,578
10,4,3458,1,0,210,420,841,0,0,0,0,0,0,0,0
10,6,4013,1,2,160,321,642,0,0,0,0,0,0,0,0
10,6,2987,0,0,218,437,875,10,4,4035,1,0,211,422,845
10,4,455,0,1,142,284,569,0,0,0,0,0,0,0,0
0,0,0,0,0,0,0,0,0,0,0,0,0,0,0,0
10,6,3839,0,0,132,264,529,0,0,0,0,0,0,0,0
10,6,3701,1,2,219,438,876,0,0,0,0,0,0,0,0
10,6,4095,1,0,107,214,429,2,5,3068,0,15,101,202,404
10,6,4095,1,0,22,44,89,0,0,0,0,0,0,0,0
10,6,2747,0,1,37,75,151,0,0,0,0,0,0,0,0
10,6,4095,1,0,91,182,365,0,0,0,0,0,0,0,0
10,6,4095,1,0,117,234,469,0,0,0,0,0,0,0,0
10,6,4095,1,0,12,24,49,0,0,0,0,0,0,0,0
10,6,2735,0,1,48,97,195,0,0,0,0,0,0,0,0
10,6,4095,1,0,77,154,309,0,0,0,0,0,0,0,0
10,6,2413,0,0,122,244,488,0,0,0,0,0,0,0,0
6,6,2651,0,7,29,59,118,0,0,0,0,0,0,0,0
0,0,0,0,0,0,0,0,0,0,0,0,0,0,0,0
8,5,2977,0,3,133,267,534,0,0,0,0,0,0,0,0
10,5,3725,1,1,188,376,753,9,5,506,1,4,181,362,724
0,0,0,0,0,0,0,0,0,0,0,0,0,0,0,0
10,6,3067,0,0,54,108,216,0,0,0,0,0,0,0,0
10,6,4095,1,0,75,150,301,0,0,0,0,0,0,0,0
0,0,0,0,0,0,0,0,0,0,0,0,0,0,0,0
10,6,4095,1,0,100,200,401,10,4,171,0,2,117,234,469
10,5,4083,0,0,25,50,101,0,0,0,0,0,0,0,0
10,6,4095,1,0,88,176,353,0,0,0,0,0,0,0,0
9,4,1011,1,5,53,107,215,0,0,0,0,0,0,0,0
9,6,2815,1,4,207,415,831,7,5,2532,1,6,107,215,430
10,6,2471,0,1,25,50,101,0,0,0,0,0,0,0,0
10,5,3903,0,0,27,54,109,0,0,0,0,0,0,0,0
10,6,4095,1,0,101,202,405,0,0,0,0,0,0,0,0
0,0,0,0,0,0,0,0,0,0,0,0,0,0,0,0
8,4,2865,0,4,138,277,555,0,0,0,0,0,0,0,0
10,5,3731,1,0,175,351,702,0,0,0,0,0,0,0,0
10,6,4090,1,1,192,385,771,0,0,0,0,0,0,0,0
10,5,3867,1,1,219,439,878,0,0,0,0,0,0,0,0
8,4,1148,0,4,159,319,639,0,0,0,0,0,0,0,0
10,5,4092,0,0,211,422,845,0,0,0,0,0,0,0,0
10,6,3750,1,1,115,230,460,0,0,0,0,0,0,0,0
10,5,4047,0,0,12,24,49,0,0,0,0,0,0,0,0
10,6,4095,1,0,14,28,57,0,0,0,0,0,0,0,0
0,0,0,0,0,0,0,0,0,0,0,0,0,0,0,0
0,0,0,0,0,0,0,0,0,0,0,0,0,0,0,0
10,6,4095,1,0,149,298,597,10,5,1829,1,1,155,311,623
10,6,4095,1,0,202,404,809,0,0,0,0,0,0,0,0
10,6,4095,1,0,214,428,857,0,0,0,0,0,0,0,0
9,5,1014,1,3,161,323,647,0,0,0,0,0,0,0,0
10,6,4095,1,0,220,440,881,0,0,0,0,0,0,0,0
10,5,4092,0,0,171,342,685,0,0,0,0,0,0,0,0
2,6,2986,0,13,172,344,689,7,5,2020,1,6,194,389,779
10,6,4095,1,0,133,266,533,0,0,0,0,0,0,0,0
10,4,2111,0,1,147,294,588,0,0,0,0,0,0,0,0
10,5,3747,0,0,102,205,411,0,0,0,0,0,0,0,0
8,5,447,0,4,44,89,179,8,4,2825,0,4,51,103,206
10,6,4095,1,0,94,188,377,0,0,0,0,0,0,0,0
10,6,4095,1,0,31,62,125,10,6,2807,0,0,64,129,259
8,6,3686,0,4,98,196,393,0,0,0,0,0,0,0,0
0,0,0,0,0,0,0,0,0,0,0,0,0,0,0,0
10,6,4091,1,0,149,298,596,10,5,4018,1,1,139,279,559
10,6,3754,1,1,218,436,873,0,0,0,0,0,0,0,0
10,6,4090,1,1,73,147,295,10,5,3444,1,1,86,173,347
0,0,0,0,0,0,0,0,0,0,0,0,0,0,0,0
2,5,3436,0,14,39,79,158,3,5,2808,1,13,66,133,267
9,4,868,1,4,45,91,183,2,4,1712,0,15,82,164,328
10,6,4095,1,0,209,418,837,0,0,0,0,0,0,0,0
10,5,4083,0,0,143,286,573,0,0,0,0,0,0,0,0
10,5,4024,1,1,213,427,855,0,0,0,0,0,0,0,0
10,6,2731,0,1,132,265,530,0,0,0,0,0,0,0,0
2,6,1707,0,15,204,408,817,0,0,0,0,0,0,0,0
4,4,1731,0,9,54,109,218,0,0,0,0,0,0,0,0
10,6,2794,1,0,55,111,222,0,0,0,0,0,0,0,0
10,5,2603,0,1,216,433,866,0,0,0,0,0,0,0,0
10,6,3837,1,1,133,267,535,0,0,0,0,0,0,0,0
10,5,2482,0,1,219,438,877,0,0,0,0,0,0,0,0
0,0,0,0,0,0,0,0,0,0,0,0,0,0,0,0
10,4,3744,1,2,136,272,544,0,0,0,0,0,0,0,0
10,5,1989,1,1,6,12,24,0,0,0,0,0,0,0,0
6,5,3390,0,6,86,172,344,8,4,2800,0,3,121,243,486
10,4,565,1,2,21,42,84,0,0,0,0,0,0,0,0
0,0,0,0,0,0,0,0,0,0,0,0,0,0,0,0
10,4,2856,1,0,94,189,378,0,0,0,0,0,0,0,0
8,5,1764,0,5,89,178,357,9,4,809,1,3,79,158,317
10,6,4095,1,0,31,62,125,0,0,0,0,0,0,0,0
10,6,4095,1,0,12,24,49,0,0,0,0,0,0,0,0
3,4,932,1,15,9,19,39,0,0,0,0,0,0,0,0
3,5,1833,1,14,100,200,400,0,0,0,0,0,0,0,0
8,4,125,0,5,12,25,51,0,0,0,0,0,0,0,0
10,6,2455,0,0,123,246,492,0,0,0,0,0,0,0,0
10,5,1023,1,0,116,232,465,0,0,0,0,0,0,0,0
10,6,4095,1,0,10,20,41,0,0,0,0,0,0,0,0
0,0,0,0,0,0,0,0,0,0,0,0,0,0,0,0
6,5,2412,0,8,85,171,343,0,0,0,0,0,0,0,0
9,6,2811,1,4,29,59,118,9,4,2672,1,4,23,46,93
10,4,744,1,0,80,161,322,0,0,0,0,0,0,0,0
10,6,4095,1,0,93,186,373,10,5,2695,0,0,112,224,449
0,0,0,0,0,0,0,0,0,0,0,0,0,0,0,0
10,5,1023,1,0,35,70,141,0,0,0,0,0,0,0,0
10,5,1018,1,2,121,242,484,0,0,0,0,0,0,0,0
10,6,4095,1,0,3,6,13,5,6,2751,1,11,12,24,48
10,6,4095,1,0,5,10,21,0,0,0,0,0,0,0,0
10,6,4095,1,0,123,246,493,0,0,0,0,0,0,0,0
10,5,3772,0,0,189,378,756,0,0,0,0,0,0,0,0
7,5,2984,1,6,141,282,564,0,0,0,0,0,0,0,0
0,0,0,0,0,0,0,0,0,0,0,0,0,0,0,0
0,0,0,0,0,0,0,0,0,0,0,0,0,0,0,0
6,5,1819,0,7,164,329,659,5,4,1612,1,10,191,383,766
10,6,3071,0,1,173,346,693,10,4,157,1,0,167,334,668
10,6,4095,1,0,42,84,169,0,0,0,0,0,0,0,0
10,6,2750,0,0,86,173,347,0,0,0,0,0,0,0,0
10,4,191,0,2,62,124,248,0,0,0,0,0,0,0,0
9,5,3305,1,3,43,86,173,10,4,2172,0,2,54,109,219
10,4,3315,0,0,68,136,273,0,0,0,0,0,0,0,0
7,5,3903,1,6,49,98,196,0,0,0,0,0,0,0,0
0,0,0,0,0,0,0,0,0,0,0,0,0,0,0,0
10,6,4095,1,0,25,50,101,0,0,0,0,0,0,0,0
10,6,2798,0,0,100,201,403,0,0,0,0,0,0,0,0
10,4,2611,0,1,24,48,96,0,0,0,0,0,0,0,0
10,6,4095,1,0,105,210,421,0,0,0,0,0,0,0,0
0,0,0,0,0,0,0,0,0,0,0,0,0,0,0,0
8,5,3810,0,4,192,384,768,0,0,0,0,0,0,0,0
10,6,3738,1,1,52,104,209,0,0,0,0,0,0,0,0
10,6,4095,1,0,73,146,293,0,0,0,0,0,0,0,0
10,5,4092,0,0,62,124,249,10,4,235,0,0,69,139,279
10,6,4095,1,0,64,128,257,0,0,0,0,0,0,0,0
10,6,4095,1,0,219,438,877,0,0,0,0,0,0,0,0
10,6,4095,1,0,131,262,525,0,0,0,0,0,0,0,0
0,0,0,0,0,0,0,0,0,0,0,0,0,0,0,0
10,6,4095,1,0,177,354,709,10,5,4072,1,2,192,385,770
10,6,4095,1,0,173,346,693,0,0,0,0,0,0,0,0
10,6,2990,0,0,122,245,490,0,0,0,0,0,0,0,0
10,6,4095,1,0,4,8,17,3,5,2238,1,12,18,37,75
10,6,4095,1,0,7,14,29,0,0,0,0,0,0,0,0
2,5,855,0,14,142,284,568,0,0,0,0,0,0,0,0
10,5,1023,1,0,212,424,849,0,0,0,0,0,0,0,0
10,5,4083,0,0,104,208,417,0,0,0,0,0,0,0,0
10,6,4095,1,0,22,44,89,0,0,0,0,0,0,0,0
10,6,2986,1,0,19,38,77,4,4,1071,0,9,25,51,103
10,6,4095,1,0,110,220,441,0,0,0,0,0,0,0,0
9,4,3408,1,4,143,287,575,0,0,0,0,0,0,0,0
0,0,0,0,0,0,0,0,0,0,0,0,0,0,0,0
0,0,0,0,0,0,0,0,0,0,0,0,0,0,0,0
0,0,0,0,0,0,0,0,0,0,0,0,0,0,0,0
0,0,0,0,0,0,0,0,0,0,0,0,0,0,0,0
10,4,696,0,0,145,291,582,0,0,0,0,0,0,0,0
10,6,2986,1,0,194,388,777,0,0,0,0,0,0,0,0
10,6,4094,1,1,196,392,784,0,0,0,0,0,0,0,0
10,6,4030,1,0,154,308,616,9,5,3221,1,3,162,325,651
7,6,3669,1,8,82,164,328,0,0,0,0,0,0,0,0
10,6,4078,1,1,49,99,199,0,0,0,0,0,0,0,0
10,4,1020,1,0,201,402,805,0,0,0,0,0,0,0,0
10,5,3647,0,0,149,298,597,0,0,0,0,0,0,0,0
0,0,0,0,0,0,0,0,0,0,0,0,0,0,0,0
0,0,0,0,0,0,0,0,0,0,0,0,0,0,0,0
10,5,2801,1,1,204,408,817,0,0,0,0,0,0,0,0
10,6,4095,1,0,93,186,373,0,0,0,0,0,0,0,0
9,5,933,1,4,118,236,472,0,0,0,0,0,0,0,0
7,4,3590,1,8,182,365,731,2,4,700,0,15,148,296,592
10,5,3791,0,0,186,372,745,0,0,0,0,0,0,0,0
10,6,4095,1,0,119,238,477,0,0,0,0,0,0,0,0
10,4,2616,0,0,43,87,174,0,0,0,0,0,0,0,0
0,0,0,0,0,0,0,0,0,0,0,0,0,0,0,0
8,4,1420,0,4,72,145,291,0,0,0,0,0,0,0,0
10,4,234,1,2,60,121,243,0,0,0,0,0,0,0,0
10,6,4095,1,0,33,66,133,0,0,0,0,0,0,0,0
8,4,797,0,3,116,233,467,0,0,0,0,0,0,0,0
10,5,3903,0,0,104,208,417,0,0,0,0,0,0,0,0
10,6,4095,1,0,22,44,89,0,0,0,0,0,0,0,0
2,6,3051,0,13,54,109,219,0,0,0,0,0,0,0,0
10,4,219,0,0,48,97,194,0,0,0,0,0,0,0,0
9,4,3356,1,5,28,56,112,0,0,0,0,0,0,0,0
10,6,2735,0,1,90,181,363,0,0,0,0,0,0,0,0
10,6,4095,1,0,111,222,445,0,0,0,0,0,0,0,0
7,6,3701,1,8,14,29,58,0,0,0,0,0,0,0,0
3,4,3652,1,15,23,46,93,0,0,0,0,0,0,0,0
10,6,4030,1,0,116,232,464,10,5,3932,1,1,108,216,433
10,4,1888,0,0,20,40,81,10,4,453,1,1,130,261,523
10,6,4095,1,0,79,158,317,0,0,0,0,0,0,0,0
10,6,2814,0,0,46,93,187,0,0,0,0,0,0,0,0
10,5,3327,1,0,73,146,293,0,0,0,0,0,0,0,0
10,4,1226,0,1,174,348,697,0,0,0,0,0,0,0,0
6,5,3683,0,6,183,366,732,0,0,0,0,0,0,0,0
10,6,4095,1,0,160,320,641,0,0,0,0,0,0,0,0
10,6,4095,1,0,65,130,261,0,0,0,0,0,0,0,0
10,5,4083,0,0,63,126,253,0,0,0,0,0,0,0,0
10,5,3291,1,0,153,307,615,0,0,0,0,0,0,0,0
10,4,2672,0,1,166,333,666,0,0,0,0,0,0,0,0
7,4,2826,1,6,200,400,800,0,0,0,0,0,0,0,0
10,6,4095,1,0,86,172,345,0,0,0,0,0,0,0,0
10,4,3891,0,0,40,80,161,0,0,0,0,0,0,0,0
10,6,4095,1,0,197,394,789,0,0,0,0,0,0,0,0
0,0,0,0,0,0,0,0,0,0,0,0,0,0,0,0
10,6,4095,1,0,155,310,621,0,0,0,0,0,0,0,0
10,6,4095,1,0,97,194,389,0,0,0,0,0,0,0,0
8,5,447,0,4,31,63,127,8,5,3484,0,5,18,37,74
10,5,3327,1,0,75,150,301,0,0,0,0,0,0,0,0
5,6,1787,1,11,56,113,227,9,4,852,1,4,49,99,198
0,0,0,0,0,0,0,0,0,0,0,0,0,0,0,0
10,6,4095,1,0,164,328,657,0,0,0,0,0,0,0,0
10,6,4095,1,0,66,132,265,0,0,0,0,0,0,0,0
10,5,4047,0,0,59,118,237,0,0,0,0,0,0,0,0
10,6,4095,1,0,160,320,641,0,0,0,0,0,0,0,0
0,0,0,0,0,0,0,0,0,0,0,0,0,0,0,0
10,6,4095,1,0,191,382,765,0,0,0,0,0,0,0,0
0,0,0,0,0,0,0,0,0,0,0,0,0,0,0,0
10,5,1970,0,0,70,141,282,0,0,0,0,0,0,0,0
3,4,102,1,12,59,119,239,0,0,0,0,0,0,0,0
10,6,4095,1,0,117,234,469,0,0,0,0,0,0,0,0
10,6,2734,0,0,11,23,46,0,0,0,0,0,0,0,0
10,6,2795,0,0,52,105,211,0,0,0,0,0,0,0,0
10,5,3903,0,0,73,146,293,0,0,0,0,0,0,0,0
10,6,3754,1,1,29,58,117,10,4,2976,1,0,35,70,141
10,6,4095,1,0,99,198,397,0,0,0,0,0,0,0,0
10,6,4095,1,0,55,110,221,0,0,0,0,0,0,0,0
10,6,2814,0,0,73,147,295,0,0,0,0,0,0,0,0
10,4,4035,1,0,18,36,73,0,0,0,0,0,0,0,0
10,6,4075,1,0,108,216,432,0,0,0,0,0,0,0,0
10,6,4091,1,0,213,426,852,10,4,3176,1,1,219,438,876
10,4,3980,1,0,156,312,624,0,0,0,0,0,0,0,0
10,5,4092,0,0,138,276,553,0,0,0,0,0,0,0,0
10,6,4095,1,0,211,422,845,0,0,0,0,0,0,0,0
10,6,4095,1,0,139,278,557,0,0,0,0,0,0,0,0
10,5,3903,0,0,71,142,285,0,0,0,0,0,0,0,0
10,6,4095,1,0,57,114,229,0,0,0,0,0,0,0,0
10,5,858,1,0,75,150,300,0,0,0,0,0,0,0,0
10,5,4092,0,0,24,48,97,0,0,0,0,0,0,0,0
0,0,0,0,0,0,0,0,0,0,0,0,0,0,0,0
10,6,2747,0,1,102,205,411,0,0,0,0,0,0,0,0
10,6,4095,1,0,85,170,341,0,0,0,0,0,0,0,0
10,6,2794,1,0,43,87,174,7,5,2854,1,7,35,71,143
10,6,3771,0,0,121,243,487,0,0,0,0,0,0,0,0
10,5,4008,1,2,117,234,469,0,0,0,0,0,0,0,0
10,6,1462,0,1,35,70,140,10,5,3385,1,1,42,84,169
10,6,4095,1,0,91,182,365,0,0,0,0,0,0,0,0
10,6,4090,1,1,52,105,211,0,0,0,0,0,0,0,0
10,6,4095,1,0,73,146,293,0,0,0,0,0,0,0,0
10,5,4092,0,0,11,22,45,0,0,0,0,0,0,0,0
10,4,3900,0,0,151,302,605,0,0,0,0,0,0,0,0
10,6,4095,1,0,200,400,801,0,0,0,0,0,0,0,0
9,6,1770,1,5,145,290,580,4,6,4006,0,11,140,280,561
10,6,3050,1,0,195,391,782,0,0,0,0,0,0,0,0
10,6,1885,1,0,217,434,868,0,0,0,0,0,0,0,0
10,6,4095,1,0,136,272,545,0,0,0,0,0,0,0,0
10,4,254,1,2,123,246,493,0,0,0,0,0,0,0,0
9,4,1268,1,4,12,24,48,0,0,0,0,0,0,0,0
10,6,4090,1,1,7,15,31,0,0,0,0,0,0,0,0
10,5,442,0,1,27,54,109,0,0,0,0,0,0,0,0
10,4,1268,0,0,188,376,753,0,0,0,0,0,0,0,0
9,4,3873,1,3,152,304,609,0,0,0,0,0,0,0,0
10,6,2986,1,0,193,386,773,0,0,0,0,0,0,0,0
10,6,4010,1,1,158,317,634,0,0,0,0,0,0,0,0
10,4,1020,1,0,186,372,745,0,0,0,0,0,0,0,0
10,6,4094,1,1,141,282,564,0,0,0,0,0,0,0,0
0,0,0,0,0,0,0,0,0,0,0,0,0,0,0,0
6,4,286,0,8,218,436,873,0,0,0,0,0,0,0,0
10,6,4030,1,0,41,82,164,0,0,0,0,0,0,0,0
10,5,4047,0,0,85,170,341,0,0,0,0,0,0,0,0
10,4,4044,0,0,175,350,701,0,0,0,0,0,0,0,0
6,6,1402,0,8,174,349,698,0,0,0,0,0,0,0,0
0,0,0,0,0,0,0,0,0,0,0,0,0,0,0,0
0,0,0,0,0,0,0,0,0,0,0,0,0,0,0,0
10,6,4095,1,0,62,124,249,0,0,0,0,0,0,0,0
10,6,4095,1,0,64,128,257,0,0,0,0,0,0,0,0
10,6,2746,0,0,92,185,370,0,0,0,0,0,0,0,0
10,5,1023,1,0,36,72,145,0,0,0,0,0,0,0,0
10,6,2746,0,0,55,111,222,0,0,0,0,0,0,0,0
10,6,4095,1,0,71,142,285,0,0,0,0,0,0,0,0
0,0,0,0,0,0,0,0,0,0,0,0,0,0,0,0
9,6,3733,1,3,191,383,767,0,0,0,0,0,0,0,0
8,4,1612,0,3,217,435,870,0,0,0,0,0,0,0,0
0,0,0,0,0,0,0,0,0,0,0,0,0,0,0,0
10,4,3890,1,1,138,276,552,0,0,0,0,0,0,0,0
0,0,0,0,0,0,0,0,0,0,0,0,0,0,0,0
0,0,0,0,0,0,0,0,0,0,0,0,0,0,0,0
10,6,1497,0,0,157,315,631,2,4,539,0,15,164,328,656
10,4,3855,1,0,194,388,777,0,0,0,0,0,0,0,0
10,5,2766,0,0,13,27,55,0,0,0,0,0,0,0,0
10,6,1389,0,1,115,231,463,0,0,0,0,0,0,0,0
0,0,0,0,0,0,0,0,0,0,0,0,0,0,0,0
8,5,3787,0,5,35,70,141,5,4,1101,1,11,85,171,343
10,6,4095,1,0,65,130,261,0,0,0,0,0,0,0,0
10,6,2734,0,0,48,97,194,3,6,2478,1,12,73,147,294
10,6,4095,1,0,80,160,321,0,0,0,0,0,0,0,0
10,6,3770,1,0,189,379,758,0,0,0,0,0,0,0,0
10,5,1023,1,0,161,322,645,0,0,0,0,0,0,0,0
9,5,3064,1,5,75,151,302,3,5,603,1,12,54,108,217
10,6,4095,1,0,62,124,249,0,0,0,0,0,0,0,0
10,5,1018,1,2,18,36,72,0,0,0,0,0,0,0,0
10,5,3327,1,0,108,216,433,0,0,0,0,0,0,0,0
10,5,2886,1,1,207,414,828,10,4,4080,0,0,104,208,417
10,6,4095,1,0,145,290,581,0,0,0,0,0,0,0,0
10,6,4095,1,0,34,68,137,0,0,0,0,0,0,0,0
10,6,2751,0,2,95,190,380,0,0,0,0,0,0,0,0
10,4,2317,0,0,77,154,308,0,0,0,0,0,0,0,0
10,6,2750,0,0,73,147,295,0,0,0,0,0,0,0,0
10,6,2747,0,1,55,111,223,0,0,0,0,0,0,0,0
10,6,4094,1,1,21,42,84,0,0,0,0,0,0,0,0
10,5,4047,0,0,105,210,421,0,0,0,0,0,0,0,0
6,6,1399,0,8,217,435,870,6,5,638,0,7,185,370,740
8,4,2800,0,3,61,123,246,0,0,0,0,0,0,0,0
10,4,4080,0,0,27,54,109,0,0,0,0,0,0,0,0
8,5,3432,0,4,201,402,805,2,5,1742,0,14,212,425,850
9,6,2399,1,3,131,263,527,0,0,0,0,0,0,0,0
10,6,4095,1,0,131,262,525,0,0,0,0,0,0,0,0
10,6,4095,1,0,221,442,885,0,0,0,0,0,0,0,0
0,0,0,0,0,0,0,0,0,0,0,0,0,0,0,0
10,5,4083,0,0,48,96,193,0,0,0,0,0,0,0,0
10,6,4095,1,0,78,156,313,0,0,0,0,0,0,0,0
10,6,2987,0,0,154,309,619,0,0,0,0,0,0,0,0
10,6,3547,0,0,198,397,794,10,6,3743,0,0,218,437,875
10,5,3327,1,0,156,312,625,3,4,190,1,13,173,347,695
10,6,4074,1,2,219,439,879,0,0,0,0,0,0,0,0
10,6,4095,1,0,148,296,593,0,0,0,0,0,0,0,0
10,6,3822,1,0,202,405,811,0,0,0,0,0,0,0,0
10,6,4095,1,0,20,40,81,0,0,0,0,0,0,0,0
10,6,2967,1,0,90,180,361,10,5,2623,0,1,109,218,436
10,6,2542,0,1,167,335,670,0,0,0,0,0,0,0,0
10,6,4095,1,0,177,354,709,0,0,0,0,0,0,0,0
10,4,3213,1,2,33,67,134,0,0,0,0,0,0,0,0
10,6,4095,1,0,87,174,349,0,0,0,0,0,0,0,0
10,4,4044,0,0,175,350,701,0,0,0,0,0,0,0,0
0,0,0,0,0,0,0,0,0,0,0,0,0,0,0,0
10,6,3007,0,1,177,354,708,10,4,1159,0,2,185,370,740
0,0,0,0,0,0,0,0,0,0,0,0,0,0,0,0
10,6,4075,1,0,49,98,196,0,0,0,0,0,0,0,0
10,6,4095,1,0,77,154,309,0,0,0,0,0,0,0,0
10,5,750,0,0,167,335,671,3,5,3534,1,13,201,403,807
10,4,186,1,0,25,51,102,0,0,0,0,0,0,0,0
0,0,0,0,0,0,0,0,0,0,0,0,0,0,0,0
9,5,3355,1,5,72,144,288,10,4,680,0,0,90,180,361
10,5,2524,0,1,56,113,226,9,5,3500,1,4,31,62,125
0,0,0,0,0,0,0,0,0,0,0,0,0,0,0,0
10,5,3319,1,1,10,21,43,0,0,0,0,0,0,0,0
7,5,1969,1,6,121,243,487,10,4,3952,1,1,79,159,318
10,6,4095,1,0,73,146,293,0,0,0,0,0,0,0,0
10,5,4092,0,0,55,110,221,0,0,0,0,0,0,0,0
8,5,437,0,4,61,122,245,6,4,1140,0,7,67,134,269
0,0,0,0,0,0,0,0,0,0,0,0,0,0,0,0
2,6,4007,0,12,17,35,70,10,4,2360,0,1,28,57,114
10,6,4095,1,0,171,342,685,0,0,0,0,0,0,0,0
10,4,4080,0,0,180,360,721,0,0,0,0,0,0,0,0
10,6,4095,1,0,62,124,249,0,0,0,0,0,0,0,0
10,6,4095,1,0,67,134,269,0,0,0,0,0,0,0,0
10,6,4095,1,0,167,334,669,0,0,0,0,0,0,0,0
10,6,4095,1,0,185,370,741,0,0,0,0,0,0,0,0
10,6,4087,1,1,18,37,75,0,0,0,0,0,0,0,0
10,6,2747,0,1,86,173,347,0,0,0,0,0,0,0,0
10,5,1023,1,0,107,214,429,0,0,0,0,0,0,0,0
10,6,4095,1,0,18,36,73,0,0,0,0,0,0,0,0
10,5,1023,1,0,48,96,193,0,0,0,0,0,0,0,0
10,6,4095,1,0,81,162,325,0,0,0,0,0,0,0,0
10,6,4075,1,0,177,354,708,0,0,0,0,0,0,0,0
10,6,4095,1,0,174,348,697,0,0,0,0,0,0,0,0
4,6,4070,0,10,74,148,297,10,5,2520,1,0,94,188,376
9,4,3680,1,3,36,73,146,6,4,1070,0,8,75,151,302
10,6,4095,1,0,159,318,637,0,0,0,0,0,0,0,0
10,6,4095,1,0,191,382,765,0,0,0,0,0,0,0,0
10,6,4095,1,0,202,404,809,0,0,0,0,0,0,0,0
0,0,0,0,0,0,0,0,0,0,0,0,0,0,0,0
10,5,2955,0,0,137,275,551,10,5,4082,1,1,149,298,596
10,6,4095,1,0,60,120,241,0,0,0,0,0,0,0,0
10,6,4031,0,0,69,138,277,0,0,0,0,0,0,0,0
10,6,4095,1,0,22,44,89,0,0,0,0,0,0,0,0
10,6,4095,1,0,103,206,413,0,0,0,0,0,0,0,0
4,6,2981,0,11,44,89,179,0,0,0,0,0,0,0,0
10,6,4095,1,0,68,136,273,0,0,0,0,0,0,0,0
10,6,4095,1,0,57,114,229,0,0,0,0,0,0,0,0
8,6,3686,0,4,201,402,805,0,0,0,0,0,0,0,0
10,6,4095,1,0,150,300,601,0,0,0,0,0,0,0,0
0,0,0,0,0,0,0,0,0,0,0,0,0,0,0,0
8,6,3577,0,4,55,111,223,0,0,0,0,0,0,0,0
10,5,441,1,0,174,348,696,0,0,0,0,0,0,0,0
3,5,603,1,12,178,356,713,10,4,3523,0,1,189,378,756
2,5,854,0,12,40,81,163,0,0,0,0,0,0,0,0
6,6,2731,0,7,47,94,188,7,6,3002,1,6,75,150,301
10,4,4080,0,0,188,376,753,0,0,0,0,0,0,0,0
0,0,0,0,0,0,0,0,0,0,0,0,0,0,0,0
9,6,2939,1,5,146,292,585,3,4,3792,1,15,132,265,531
10,5,1023,1,0,112,224,449,0,0,0,0,0,0,0,0
10,5,4047,0,0,14,28,57,0,0,0,0,0,0,0,0
10,6,3994,1,2,138,276,553,10,4,2754,0,0,132,265,530
10,4,1236,1,0,207,415,831,0,0,0,0,0,0,0,0
10,5,4083,0,0,214,428,857,0,0,0,0,0,0,0,0
0,0,0,0,0,0,0,0,0,0,0,0,0,0,0,0
0,0,0,0,0,0,0,0,0,0,0,0,0,0,0,0
10,4,936,1,2,183,366,733,0,0,0,0,0,0,0,0
10,6,1373,0,1,139,279,558,0,0,0,0,0,0,0,0
10,4,3324,1,0,212,424,849,0,0,0,0,0,0,0,0
9,6,2719,1,4,37,74,149,0,0,0,0,0,0,0,0
10,5,667,0,1,69,138,277,0,0,0,0,0,0,0,0
10,6,2751,0,2,174,348,696,0,0,0,0,0,0,0,0
10,6,4095,1,0,178,356,713,0,0,0,0,0,0,0,0
10,6,4095,1,0,135,270,541,0,0,0,0,0,0,0,0
10,5,4092,0,0,216,432,865,0,0,0,0,0,0,0,0
10,5,2271,0,1,63,127,255,0,0,0,0,0,0,0,0
10,6,1510,0,0,57,114,228,9,4,3651,1,5,71,142,284
0,0,0,0,0,0,0,0,0,0,0,0,0,0,0,0
10,6,4075,1,0,63,126,252,0,0,0,0,0,0,0,0
10,5,3327,1,0,63,126,253,0,0,0,0,0,0,0,0
10,6,3770,1,0,44,89,178,0,0,0,0,0,0,0,0
10,6,4095,1,0,84,168,337,0,0,0,0,0,0,0,0
10,4,255,0,0,99,198,397,0,0,0,0,0,0,0,0
10,6,3037,1,1,45,90,181,0,0,0,0,0,0,0,0
10,6,2735,0,1,30,61,123,0,0,0,0,0,0,0,0
10,6,4095,1,0,95,190,381,0,0,0,0,0,0,0,0
10,6,4095,1,0,74,148,297,0,0,0,0,0,0,0,0
4,6,2965,0,10,40,81,162,10,5,4047,0,0,51,102,205
10,6,4079,1,0,66,132,264,0,0,0,0,0,0,0,0
10,6,4095,1,0,59,118,237,0,0,0,0,0,0,0,0
10,4,255,0,0,134,268,537,0,0,0,0,0,0,0,0
10,5,1334,0,1,137,274,548,10,4,190,1,0,131,263,527
5,4,821,1,10,195,390,780,0,0,0,0,0,0,0,0
10,6,4095,1,0,216,432,865,0,0,0,0,0,0,0,0
7,5,3044,1,8,135,271,543,0,0,0,0,0,0,0,0
10,6,4095,1,0,136,272,545,0,0,0,0,0,0,0,0
0,0,0,0,0,0,0,0,0,0,0,0,0,0,0,0
10,6,4095,1,0,182,364,729,0,0,0,0,0,0,0,0
10,5,3740,1,0,134,268,537,0,0,0,0,0,0,0,0
10,5,2988,0,0,160,321,643,10,4,3488,1,1,48,96,192
0,0,0,0,0,0,0,0,0,0,0,0,0,0,0,0
7,4,2888,1,6,77,155,311,0,0,0,0,0,0,0,0
0,0,0,0,0,0,0,0,0,0,0,0,0,0,0,0
8,4,110,0,3,61,122,244,0,0,0,0,0,0,0,0
7,5,3323,1,6,109,219,439,0,0,0,0,0,0,0,0
9,5,1835,1,4,111,222,445,9,4,709,1,3,84,168,336
3,4,3595,1,13,6,13,27,0,0,0,0,0,0,0,0
4,5,3898,0,11,195,391,783,9,4,1859,1,4,174,348,696
10,4,2956,0,1,181,362,724,0,0,0,0,0,0,0,0
10,4,3056,0,2,203,407,814,0,0,0,0,0,0,0,0
0,0,0,0,0,0,0,0,0,0,0,0,0,0,0,0
10,4,4080,0,0,16,32,65,0,0,0,0,0,0,0,0
10,6,1639,0,1,10,20,40,0,0,0,0,0,0,0,0
10,6,2774,1,1,115,230,460,2,5,365,0,15,53,107,215
10,4,952,1,1,203,407,815,0,0,0,0,0,0,0,0
0,0,0,0,0,0,0,0,0,0,0,0,0,0,0,0
10,5,3903,0,0,167,334,669,0,0,0,0,0,0,0,0
8,5,3692,0,5,115,231,463,7,5,2786,1,6,122,244,488
8,5,3295,0,5,34,68,137,2,5,3044,0,12,21,42,85
10,6,2794,1,0,118,237,474,0,0,0,0,0,0,0,0
10,6,4095,1,0,123,246,493,0,0,0,0,0,0,0,0
10,4,3315,0,0,5,10,21,0,0,0,0,0,0,0,0
10,5,1023,1,0,6,12,25,0,0,0,0,0,0,0,0
10,6,4095,1,0,124,248,497,0,0,0,0,0,0,0,0
10,6,4095,1,0,84,168,337,0,0,0,0,0,0,0,0
10,6,4095,1,0,41,82,165,0,0,0,0,0,0,0,0
10,6,2799,0,1,23,46,92,0,0,0,0,0,0,0,0
10,6,4095,1,0,106,212,425,0,0,0,0,0,0,0,0
0,0,0,0,0,0,0,0,0,0,0,0,0,0,0,0
8,6,2789,0,3,166,332,665,10,4,3056,0,2,183,367,734
10,6,2990,0,0,213,427,854,0,0,0,0,0,0,0,0
10,6,3834,1,1,178,357,715,0,0,0,0,0,0,0,0
10,5,1023,1,0,172,344,689,0,0,0,0,0,0,0,0
0,0,0,0,0,0,0,0,0,0,0,0,0,0,0,0
10,6,3770,1,0,122,245,490,0,0,0,0,0,0,0,0
10,6,3774,1,0,5,11,23,0,0,0,0,0,0,0,0
10,6,4095,1,0,5,10,21,0,0,0,0,0,0,0,0
10,6,4095,1,0,123,246,493,0,0,0,0,0,0,0,0
10,6,4095,1,0,121,242,485,0,0,0,0,0,0,0,0
10,6,4095,1,0,3,6,13,0,0,0,0,0,0,0,0
10,6,3750,1,1,4,8,16,0,0,0,0,0,0,0,0
10,6,4095,1,0,122,244,489,0,0,0,0,0,0,0,0
10,5,4047,0,0,69,138,277,0,0,0,0,0,0,0,0
10,6,4095,1,0,56,112,225,0,0,0,0,0,0,0,0
0,0,0,0,0,0,0,0,0,0,0,0,0,0,0,0
10,6,4011,1,0,31,63,127,0,0,0,0,0,0,0,0
10,5,2019,0,1,94,188,376,8,4,3133,0,4,89,178,356
10,6,4095,1,0,201,402,805,0,0,0,0,0,0,0,0
10,5,4092,0,0,191,382,765,0,0,0,0,0,0,0,0
8,5,359,0,3,49,99,199,0,0,0,0,0,0,0,0
0,0,0,0,0,0,0,0,0,0,0,0,0,0,0,0
10,6,4095,1,0,186,372,745,0,0,0,0,0,0,0,0
10,6,4095,1,0,166,332,665,10,6,4095,1,0,174,348,697
10,6,4095,1,0,133,266,533,0,0,0,0,0,0,0,0
10,5,3903,0,0,131,262,525,0,0,0,0,0,0,0,0
10,6,1710,0,1,219,438,877,0,0,0,0,0,0,0,0
10,6,4095,1,0,20,40,81,0,0,0,0,0,0,0,0
10,4,255,0,0,109,218,437,0,0,0,0,0,0,0,0
10,6,4095,1,0,52,104,209,0,0,0,0,0,0,0,0
2,4,376,0,15,85,170,341,0,0,0,0,0,0,0,0
10,5,3399,0,0,9,18,36,0,0,0,0,0,0,0,0
10,5,877,1,1,104,208,417,10,4,504,0,2,115,231,463
10,6,4031,0,0,23,46,93,7,4,4000,1,8,4,9,19
10,6,2731,0,1,99,199,398,0,0,0,0,0,0,0,0
10,6,3823,0,0,27,54,108,8,5,343,0,3,17,35,70
10,6,3045,1,2,189,378,756,0,0,0,0,0,0,0,0
10,6,3070,1,0,151,302,604,2,4,3855,0,13,176,352,704
10,5,603,0,2,214,428,856,0,0,0,0,0,0,0,0
10,6,4095,1,0,48,96,193,0,0,0,0,0,0,0,0
10,4,1888,0,0,93,186,373,0,0,0,0,0,0,0,0
10,6,4095,1,0,181,362,725,0,0,0,0,0,0,0,0
10,6,2747,0,1,168,337,675,0,0,0,0,0,0,0,0
10,5,3327,1,0,110,220,441,0,0,0,0,0,0,0,0
10,5,4092,0,0,16,32,65,0,0,0,0,0,0,0,0
10,6,4095,1,0,220,440,881,0,0,0,0,0,0,0,0
10,6,4095,1,0,4,8,17,0,0,0,0,0,0,0,0
10,5,4092,0,0,7,14,29,0,0,0,0,0,0,0,0
0,0,0,0,0,0,0,0,0,0,0,0,0,0,0,0
10,6,3051,0,0,96,193,387,0,0,0,0,0,0,0,0
10,6,4095,1,0,32,64,129,0,0,0,0,0,0,0,0
10,6,2987,0,0,149,299,599,0,0,0,0,0,0,0,0
10,6,4095,1,0,201,402,805,0,0,0,0,0,0,0,0
3,4,3009,1,14,101,203,406,0,0,0,0,0,0,0,0
6,5,3631,0,6,6,12,25,0,0,0,0,0,0,0,0
10,6,4094,1,1,11,22,44,0,0,0,0,0,0,0,0
0,0,0,0,0,0,0,0,0,0,0,0,0,0,0,0
0,0,0,0,0,0,0,0,0,0,0,0,0,0,0,0
10,6,2734,0,0,150,301,602,0,0,0,0,0,0,0,0
10,5,4083,0,0,186,372,745,0,0,0,0,0,0,0,0
0,0,0,0,0,0,0,0,0,0,0,0,0,0,0,0
0,0,0,0,0,0,0,0,0,0,0,0,0,0,0,0
10,5,3327,1,0,17,34,69,0,0,0,0,0,0,0,0
10,6,3839,0,0,109,218,437,0,0,0,0,0,0,0,0
10,5,2271,0,1,184,369,739,0,0,0,0,0,0,0,0
10,5,677,1,2,164,329,659,0,0,0,0,0,0,0,0
10,5,703,0,2,103,206,412,0,0,0,0,0,0,0,0
10,5,3327,1,0,29,58,117,0,0,0,0,0,0,0,0
10,6,4095,1,0,99,198,397,0,0,0,0,0,0,0,0
10,6,4095,1,0,153,306,613,0,0,0,0,0,0,0,0
0,0,0,0,0,0,0,0,0,0,0,0,0,0,0,0
10,4,238,1,1,198,396,792,0,0,0,0,0,0,0,0
10,4,309,1,0,131,263,527,10,4,3912,1,2,157,314,628
10,6,3735,1,0,177,354,709,3,4,2868,1,15,196,392,785
10,6,4095,1,0,26,52,105,0,0,0,0,0,0,0,0
10,6,4095,1,0,103,206,413,0,0,0,0,0,0,0,0
10,4,3900,0,0,40,80,161,0,0,0,0,0,0,0,0
10,6,4095,1,0,89,178,357,0,0,0,0,0,0,0,0
10,6,4095,1,0,87,174,349,6,5,3436,0,6,63,127,255
6,6,1390,0,8,25,51,102,0,0,0,0,0,0,0,0
10,4,255,0,0,56,112,225,8,4,3338,0,5,30,61,122
10,6,4031,0,0,53,106,213,0,0,0,0,0,0,0,0
10,6,3839,0,0,213,426,853,0,0,0,0,0,0,0,0
10,6,4095,1,0,137,274,549,0,0,0,0,0,0,0,0
4,6,3750,0,11,68,136,272,0,0,0,0,0,0,0,0
10,6,4095,1,0,50,100,201,0,0,0,0,0,0,0,0
9,6,2791,1,5,170,340,680,0,0,0,0,0,0,0,0
10,5,2036,1,0,178,357,714,0,0,0,0,0,0,0,0
10,6,4095,1,0,205,410,821,0,0,0,0,0,0,0,0
10,6,4091,1,0,147,294,588,0,0,0,0,0,0,0,0
10,6,4095,1,0,115,230,461,0,0,0,0,0,0,0,0
10,6,3834,1,1,10,21,43,0,0,0,0,0,0,0,0
10,6,4095,1,0,21,42,85,0,0,0,0,0,0,0,0
10,5,3023,0,1,108,216,433,0,0,0,0,0,0,0,0
10,6,2746,0,0,28,57,114,0,0,0,0,0,0,0,0
6,5,3068,0,7,21,43,87,0,0,0,0,0,0,0,0
8,5,3692,0,5,69,139,279,0,0,0,0,0,0,0,0
10,4,453,1,1,216,433,867,0,0,0,0,0,0,0,0
3,4,3744,1,15,140,280,561,0,0,0,0,0,0,0,0
10,5,3903,0,0,130,260,521,0,0,0,0,0,0,0,0
10,6,4095,1,0,220,440,881,0,0,0,0,0,0,0,0
10,6,2687,0,2,200,401,803,2,4,860,0,15,194,388,777
0,0,0,0,0,0,0,0,0,0,0,0,0,0,0,0
10,6,2971,0,0,190,381,762,7,6,3050,1,6,166,332,665
10,5,3826,1,0,153,307,615,0,0,0,0,0,0,0,0
0,0,0,0,0,0,0,0,0,0,0,0,0,0,0,0
0,0,0,0,0,0,0,0,0,0,0,0,0,0,0,0
8,6,1957,0,4,170,340,681,10,4,2851,0,0,217,435,871
10,6,4095,1,0,55,110,221,0,0,0,0,0,0,0,0
10,6,4094,1,1,71,142,284,0,0,0,0,0,0,0,0
7,5,4076,1,6,185,371,743,9,4,397,1,4,136,273,546
10,5,942,1,0,45,91,183,0,0,0,0,0,0,0,0
9,4,1923,1,4,62,124,249,2,4,1287,0,15,56,113,227
6,5,2963,0,6,107,214,428,10,4,254,1,2,19,38,77
10,4,436,0,0,120,240,480,0,0,0,0,0,0,0,0
10,4,2755,0,1,159,318,636,0,0,0,0,0,0,0,0
6,6,1518,0,8,165,331,663,0,0,0,0,0,0,0,0
10,4,255,0,0,183,366,733,0,0,0,0,0,0,0,0
10,5,1023,1,0,190,380,761,0,0,0,0,0,0,0,0
8,5,447,0,4,161,323,647,0,0,0,0,0,0,0,0
10,6,4095,1,0,55,110,221,0,0,0,0,0,0,0,0
10,4,3552,1,0,89,178,357,0,0,0,0,0,0,0,0
4,5,1468,0,10,162,324,649,0,0,0,0,0,0,0,0
10,5,4083,0,0,183,366,733,0,0,0,0,0,0,0,0
8,6,4094,0,4,219,439,878,2,4,1078,0,14,214,428,856
10,6,1781,1,0,132,264,528,10,4,1016,1,2,146,292,584
0,0,0,0,0,0,0,0,0,0,0,0,0,0,0,0
7,4,1712,1,8,149,298,597,0,0,0,0,0,0,0,0
10,5,3466,1,0,107,214,429,10,4,3119,1,0,145,290,580
10,6,4095,1,0,131,262,525,0,0,0,0,0,0,0,0
10,4,239,0,0,18,36,72,10,4,174,0,0,32,65,130
10,6,4095,1,0,66,132,265,0,0,0,0,0,0,0,0
0,0,0,0,0,0,0,0,0,0,0,0,0,0,0,0
10,5,2861,1,1,46,93,186,0,0,0,0,0,0,0,0
10,6,4095,1,0,92,184,369,0,0,0,0,0,0,0,0
10,5,3627,1,0,102,205,411,8,4,1392,0,4,109,219,439
0,0,0,0,0,0,0,0,0,0,0,0,0,0,0,0
10,6,1723,0,2,25,51,102,0,0,0,0,0,0,0,0
10,6,4095,1,0,194,388,777,0,0,0,0,0,0,0,0
0,0,0,0,0,0,0,0,0,0,0,0,0,0,0,0
6,5,1938,0,6,147,295,590,0,0,0,0,0,0,0,0
0,0,0,0,0,0,0,0,0,0,0,0,0,0,0,0
8,4,3628,0,5,10,20,40,0,0,0,0,0,0,0,0
10,5,3326,1,1,112,224,448,0,0,0,0,0,0,0,0
10,6,4031,0,0,101,202,405,0,0,0,0,0,0,0,0
10,6,3498,1,0,17,34,69,10,6,1726,0,2,25,51,102
10,6,1718,0,0,8,16,32,0,0,0,0,0,0,0,0
10,6,2731,0,1,118,237,474,0,0,0,0,0,0,0,0
10,6,4095,1,0,155,310,621,0,0,0,0,0,0,0,0
10,6,3583,0,1,197,394,788,0,0,0,0,0,0,0,0
0,0,0,0,0,0,0,0,0,0,0,0,0,0,0,0
7,6,3995,1,6,33,66,133,0,0,0,0,0,0,0,0
10,6,4095,1,0,175,350,701,0,0,0,0,0,0,0,0
10,5,2467,0,2,176,353,706,0,0,0,0,0,0,0,0
10,5,3576,0,0,26,53,107,0,0,0,0,0,0,0,0
10,6,3070,1,0,87,174,348,0,0,0,0,0,0,0,0
10,5,938,1,1,56,113,226,0,0,0,0,0,0,0,0
10,5,1999,0,2,68,136,272,0,0,0,0,0,0,0,0
3,5,2792,1,14,55,111,222,6,4,391,0,8,46,93,186
10,5,3791,0,0,94,188,377,0,0,0,0,0,0,0,0
10,6,4095,1,0,9,18,37,0,0,0,0,0,0,0,0
10,6,2983,1,0,116,233,466,0,0,0,0,0,0,0,0
10,6,4095,1,0,152,304,609,0,0,0,0,0,0,0,0
10,6,3066,1,0,199,399,799,10,4,3315,0,0,193,386,773
0,0,0,0,0,0,0,0,0,0,0,0,0,0,0,0
10,4,3784,1,1,196,393,786,10,4,1810,0,0,205,410,820
10,6,4095,1,0,137,274,549,0,0,0,0,0,0,0,0
10,6,4094,1,1,46,92,184,0,0,0,0,0,0,0,0
10,6,4095,1,0,80,160,321,0,0,0,0,0,0,0,0
10,5,954,1,1,62,125,251,10,4,2435,0,2,174,349,698
0,0,0,0,0,0,0,0,0,0,0,0,0,0,0,0
8,4,2800,0,3,17,35,70,0,0,0,0,0,0,0,0
10,5,4072,1,2,9,19,38,8,4,909,0,3,131,262,524
10,4,658,1,0,121,242,484,0,0,0,0,0,0,0,0
10,5,2792,0,0,157,315,630,0,0,0,0,0,0,0,0
10,5,922,1,1,194,388,777,8,4,1572,0,5,200,400,800
10,5,1023,1,0,13,26,53,0,0,0,0,0,0,0,0
10,6,3758,1,0,112,225,450,0,0,0,0,0,0,0,0
8,6,1471,0,3,203,407,815,0,0,0,0,0,0,0,0
3,4,1320,1,12,154,308,616,0,0,0,0,0,0,0,0
10,6,4095,1,0,221,442,885,0,0,0,0,0,0,0,0
10,6,4095,1,0,5,10,21,0,0,0,0,0,0,0,0
10,5,2762,1,0,130,261,522,0,0,0,0,0,0,0,0
10,5,3902,1,1,123,246,492,0,0,0,0,0,0,0,0
10,6,4095,1,0,86,172,345,0,0,0,0,0,0,0,0
10,6,4094,1,1,43,86,172,0,0,0,0,0,0,0,0
10,5,503,0,1,176,353,706,4,5,3992,0,11,187,374,748
0,0,0,0,0,0,0,0,0,0,0,0,0,0,0,0
10,4,1936,1,0,30,61,123,0,0,0,0,0,0,0,0
8,4,2480,0,3,221,442,884,0,0,0,0,0,0,0,0
10,6,4095,1,0,107,214,429,0,0,0,0,0,0,0,0
10,6,4095,1,0,19,38,77,0,0,0,0,0,0,0,0
2,4,884,0,12,219,438,876,0,0,0,0,0,0,0,0
10,5,731,0,0,192,385,770,8,4,155,0,3,16,32,64
10,4,1020,1,0,91,182,365,0,0,0,0,0,0,0,0
0,0,0,0,0,0,0,0,0,0,0,0,0,0,0,0
10,6,4095,1,0,186,372,745,0,0,0,0,0,0,0,0
10,6,2734,0,0,195,391,782,0,0,0,0,0,0,0,0
0,0,0,0,0,0,0,0,0,0,0,0,0,0,0,0
7,6,2805,1,7,179,359,719,2,4,3468,0,14,186,373,747
9,4,2611,1,4,160,321,642,0,0,0,0,0,0,0,0
10,6,2734,0,0,180,361,722,0,0,0,0,0,0,0,0
10,6,4095,1,0,169,338,677,0,0,0,0,0,0,0,0
10,5,4082,1,1,97,194,388,0,0,0,0,0,0,0,0
10,6,4095,1,0,32,64,129,0,0,0,0,0,0,0,0
10,6,2943,0,1,200,400,800,0,0,0,0,0,0,0,0
10,6,4095,1,0,152,304,609,0,0,0,0,0,0,0,0
10,6,3050,1,0,26,53,106,0,0,0,0,0,0,0,0
10,6,4095,1,0,103,206,413,0,0,0,0,0,0,0,0
10,6,4095,1,0,38,76,153,0,0,0,0,0,0,0,0
10,6,3839,0,0,91,182,365,0,0,0,0,0,0,0,0
0,0,0,0,0,0,0,0,0,0,0,0,0,0,0,0
0,0,0,0,0,0,0,0,0,0,0,0,0,0,0,0
10,4,2736,0,2,164,328,656,0,0,0,0,0,0,0,0
10,5,959,0,0,202,404,808,0,0,0,0,0,0,0,0
10,6,4095,1,0,67,134,269,0,0,0,0,0,0,0,0
10,6,3967,0,0,59,118,236,7,4,186,1,6,65,130,261
6,6,1914,0,6,192,385,771,10,5,703,0,2,207,414,828
10,5,1692,0,2,167,334,669,10,4,3636,1,2,147,294,589
10,6,1769,1,0,152,304,608,0,0,0,0,0,0,0,0
8,4,3040,0,5,208,416,832,0,0,0,0,0,0,0,0
0,0,0,0,0,0,0,0,0,0,0,0,0,0,0,0
0,0,0,0,0,0,0,0,0,0,0,0,0,0,0,0
10,4,3724,0,0,45,91,183,0,0,0,0,0,0,0,0
2,4,1564,0,15,30,61,122,0,0,0,0,0,0,0,0
10,6,4095,1,0,27,54,109,0,0,0,0,0,0,0,0
10,6,4095,1,0,101,202,405,0,0,0,0,0,0,0,0
10,5,3366,1,1,200,400,800,0,0,0,0,0,0,0,0
10,4,255,0,0,143,286,573,0,0,0,0,0,0,0,0
10,4,3636,1,2,11,22,45,0,0,0,0,0,0,0,0
10,5,3903,0,0,40,80,161,0,0,0,0,0,0,0,0
7,4,3099,1,6,163,326,653,0,0,0,0,0,0,0,0
9,5,750,1,5,193,386,773,0,0,0,0,0,0,0,0
10,4,3308,1,0,19,38,76,0,0,0,0,0,0,0,0
8,4,175,0,3,138,277,554,0,0,0,0,0,0,0,0
10,4,3277,1,2,203,407,815,0,0,0,0,0,0,0,0
10,5,955,1,0,132,264,528,0,0,0,0,0,0,0,0
10,4,468,1,1,175,351,702,0,0,0,0,0,0,0,0
10,6,4026,1,1,218,437,875,0,0,0,0,0,0,0,0
10,5,4047,0,0,49,98,197,0,0,0,0,0,0,0,0
10,5,4047,0,0,80,160,321,0,0,0,0,0,0,0,0
0,0,0,0,0,0,0,0,0,0,0,0,0,0,0,0
0,0,0,0,0,0,0,0,0,0,0,0,0,0,0,0
10,6,3775,0,0,221,442,884,0,0,0,0,0,0,0,0
0,0,0,0,0,0,0,0,0,0,0,0,0,0,0,0
10,5,3327,1,0,44,88,177,0,0,0,0,0,0,0,0
10,6,4095,1,0,70,140,281,6,4,2416,0,8,63,127,255
10,6,3071,0,1,58,116,233,0,0,0,0,0,0,0,0
10,5,3327,1,0,106,212,425,0,0,0,0,0,0,0,0
10,6,4091,1,0,23,46,92,0,0,0,0,0,0,0,0
10,5,1023,1,0,164,328,657,0,0,0,0,0,0,0,0
0,0,0,0,0,0,0,0,0,0,0,0,0,0,0,0
8,6,4074,0,3,209,418,836,0,0,0,0,0,0,0,0
8,4,436,0,5,159,318,637,0,0,0,0,0,0,0,0
2,5,2583,0,13,199,398,796,0,0,0,0,0,0,0,0
10,5,1845,1,1,123,246,492,0,0,0,0,0,0,0,0
10,6,1390,0,2,9,18,36,0,0,0,0,0,0,0,0
10,6,4030,1,0,3,6,12,0,0,0,0,0,0,0,0
10,6,3823,0,0,121,242,484,0,0,0,0,0,0,0,0
10,6,4095,1,0,96,192,385,0,0,0,0,0,0,0,0
4,6,3673,0,11,13,27,55,0,0,0,0,0,0,0,0
10,6,4095,1,0,211,422,845,0,0,0,0,0,0,0,0
10,6,4095,1,0,139,278,557,0,0,0,0,0,0,0,0
10,4,876,0,0,155,311,622,0,0,0,0,0,0,0,0
10,6,4095,1,0,121,242,485,0,0,0,0,0,0,0,0
10,6,4095,1,0,3,6,13,0,0,0,0,0,0,0,0
10,5,3622,1,1,13,26,53,0,0,0,0,0,0,0,0
10,4,4035,1,0,124,248,497,0,0,0,0,0,0,0,0
0,0,0,0,0,0,0,0,0,0,0,0,0,0,0,0
9,5,509,1,5,26,52,104,0,0,0,0,0,0,0,0
10,6,4095,1,0,12,24,49,0,0,0,0,0,0,0,0
2,5,367,0,15,179,358,716,5,4,3792,1,9,212,425,850
0,0,0,0,0,0,0,0,0,0,0,0,0,0,0,0
0,0,0,0,0,0,0,0,0,0,0,0,0,0,0,0
6,4,2800,0,8,152,305,611,0,0,0,0,0,0,0,0
10,5,3327,1,0,42,84,169,0,0,0,0,0,0,0,0
10,6,4095,1,0,84,168,337,0,0,0,0,0,0,0,0
10,6,4095,1,0,74,148,297,0,0,0,0,0,0,0,0
10,6,3558,1,1,51,102,205,4,5,1355,0,9,32,65,130
10,4,4016,1,0,120,240,480,0,0,0,0,0,0,0,0
10,6,4095,1,0,71,142,285,0,0,0,0,0,0,0,0
10,6,4095,1,0,55,110,221,0,0,0,0,0,0,0,0
8,5,3426,0,5,189,379,758,0,0,0,0,0,0,0,0
10,6,4095,1,0,163,326,653,0,0,0,0,0,0,0,0
10,5,4092,0,0,213,426,853,0,0,0,0,0,0,0,0
0,0,0,0,0,0,0,0,0,0,0,0,0,0,0,0
10,6,4095,1,0,61,122,245,0,0,0,0,0,0,0,0
10,5,4046,1,1,68,136,272,0,0,0,0,0,0,0,0
10,6,3753,1,2,109,218,436,0,0,0,0,0,0,0,0
5,5,1214,1,11,25,51,102,0,0,0,0,0,0,0,0
2,6,1623,0,14,120,241,483,0,0,0,0,0,0,0,0
10,6,4095,1,0,190,380,761,0,0,0,0,0,0,0,0
10,6,4095,1,0,161,322,645,0,0,0,0,0,0,0,0
10,4,754,1,0,216,433,867,0,0,0,0,0,0,0,0
8,5,3544,0,4,162,324,649,10,4,1020,1,0,91,182,365
10,5,3444,1,1,167,335,671,0,0,0,0,0,0,0,0
10,6,4095,1,0,160,320,641,0,0,0,0,0,0,0,0
10,5,4047,0,0,112,224,449,0,0,0,0,0,0,0,0
10,6,3831,1,0,16,33,67,0,0,0,0,0,0,0,0
8,5,2804,0,4,122,245,491,0,0,0,0,0,0,0,0
8,4,125,0,5,47,95,191,0,0,0,0,0,0,0,0
10,6,4095,1,0,95,190,381,0,0,0,0,0,0,0,0
10,6,4095,1,0,155,310,621,0,0,0,0,0,0,0,0
10,6,3006,0,0,196,393,787,0,0,0,0,0,0,0,0
10,6,4095,1,0,45,90,181,0,0,0,0,0,0,0,0
10,4,1858,0,0,53,106,212,0,0,0,0,0,0,0,0
10,6,2717,1,0,196,392,784,8,5,3746,0,4,166,333,667
9,4,924,1,5,140,280,561,0,0,0,0,0,0,0,0
10,6,4095,1,0,55,110,221,0,0,0,0,0,0,0,0
10,6,4095,1,0,71,142,285,10,5,663,0,0,65,130,260
0,0,0,0,0,0,0,0,0,0,0,0,0,0,0,0
0,0,0,0,0,0,0,0,0,0,0,0,0,0,0,0
0,0,0,0,0,0,0,0,0,0,0,0,0,0,0,0
8,5,3614,0,5,61,123,247,0,0,0,0,0,0,0,0
10,6,4095,1,0,69,138,277,10,5,1829,1,1,77,155,311
8,6,3693,0,4,148,297,594,10,5,3722,1,1,142,284,569
7,6,2901,1,8,135,270,541,0,0,0,0,0,0,0,0
2,5,2613,0,12,192,384,768,3,5,413,1,13,198,396,792
0,0,0,0,0,0,0,0,0,0,0,0,0,0,0,0
10,6,4094,1,1,35,70,140,0,0,0,0,0,0,0,0
10,6,4095,1,0,91,182,365,0,0,0,0,0,0,0,0
7,4,3145,1,8,144,289,578,3,4,1252,1,13,162,325,651
0,0,0,0,0,0,0,0,0,0,0,0,0,0,0,0
8,6,3678,0,5,96,193,386,0,0,0,0,0,0,0,0
10,6,1749,1,1,26,53,107,0,0,0,0,0,0,0,0
10,6,3514,1,0,98,197,394,0,0,0,0,0,0,0,0
9,5,3973,1,3,209,418,836,4,4,3460,0,11,202,405,810
9,4,825,1,3,160,321,643,0,0,0,0,0,0,0,0
9,4,1293,1,4,218,437,874,0,0,0,0,0,0,0,0
8,4,175,0,3,154,309,618,0,0,0,0,0,0,0,0
8,6,1387,0,3,202,404,808,0,0,0,0,0,0,0,0
9,5,1999,1,3,94,189,378,2,4,1336,0,15,101,203,406
0,0,0,0,0,0,0,0,0,0,0,0,0,0,0,0
0,0,0,0,0,0,0,0,0,0,0,0,0,0,0,0
10,5,3327,1,0,13,26,53,0,0,0,0,0,0,0,0
10,6,4095,1,0,141,282,565,0,0,0,0,0,0,0,0
10,6,4095,1,0,210,420,841,0,0,0,0,0,0,0,0
10,6,3834,1,1,94,189,379,0,0,0,0,0,0,0,0
10,6,4095,1,0,34,68,137,0,0,0,0,0,0,0,0
10,5,1876,1,1,197,395,790,8,5,3914,0,4,204,409,819
9,4,2960,1,3,215,431,862,0,0,0,0,0,0,0,0
0,0,0,0,0,0,0,0,0,0,0,0,0,0,0,0
10,4,860,0,0,11,22,45,0,0,0,0,0,0,0,0
10,6,2990,0,0,202,405,810,4,5,4082,0,11,72,145,291
10,5,3791,0,0,39,78,157,0,0,0,0,0,0,0,0
0,0,0,0,0,0,0,0,0,0,0,0,0,0,0,0
10,6,4095,1,0,92,184,369,0,0,0,0,0,0,0,0
10,5,2283,0,0,33,67,135,0,0,0,0,0,0,0,0
10,6,4095,1,0,212,424,849,0,0,0,0,0,0,0,0
10,6,4095,1,0,139,278,557,0,0,0,0,0,0,0,0
10,6,3775,0,0,73,146,292,0,0,0,0,0,0,0,0
10,6,2798,0,0,53,107,215,8,4,331,0,4,71,142,284
10,6,4095,1,0,76,152,305,0,0,0,0,0,0,0,0
10,6,3422,0,0,50,100,200,10,4,3900,0,0,45,90,181
10,6,2735,0,1,206,413,827,0,0,0,0,0,0,0,0
9,6,3051,1,5,159,319,638,10,5,3811,0,0,131,262,524
6,6,2670,0,6,218,437,875,0,0,0,0,0,0,0,0
10,6,4095,1,0,183,366,733,0,0,0,0,0,0,0,0
9,5,3540,1,3,218,437,874,2,5,2855,0,13,146,293,586
9,5,3412,1,3,165,330,661,0,0,0,0,0,0,0,0
10,6,4095,1,0,183,366,733,0,0,0,0,0,0,0,0
10,6,4095,1,0,183,366,733,0,0,0,0,0,0,0,0
8,6,3946,0,4,206,413,827,0,0,0,0,0,0,0,0
9,4,1585,1,5,141,283,567,2,4,2544,0,15,149,298,596
4,5,3812,0,11,177,354,708,2,5,1019,0,13,195,390,780
10,4,255,0,0,137,274,549,0,0,0,0,0,0,0,0
8,4,1267,0,3,201,402,804,0,0,0,0,0,0,0,0
10,6,4095,1,0,146,292,585,0,0,0,0,0,0,0,0
8,6,2489,0,5,139,279,558,0,0,0,0,0,0,0,0
7,4,738,1,6,188,376,752,0,0,0,0,0,0,0,0
10,6,3770,1,0,181,363,726,0,0,0,0,0,0,0,0
10,5,3786,1,1,168,337,674,0,0,0,0,0,0,0,0
10,6,2734,0,0,36,73,146,10,5,1940,1,1,152,305,610
10,4,255,0,0,92,184,369,0,0,0,0,0,0,0,0
10,6,4095,1,0,47,94,189,0,0,0,0,0,0,0,0
10,6,4095,1,0,82,164,329,0,0,0,0,0,0,0,0
10,4,2360,0,1,160,321,642,0,0,0,0,0,0,0,0
10,5,762,1,0,88,177,355,10,4,2264,1,0,67,134,269
10,4,4080,0,0,63,126,253,0,0,0,0,0,0,0,0
10,6,4095,1,0,121,242,485,0,0,0,0,0,0,0,0
10,6,2794,1,0,122,245,490,0,0,0,0,0,0,0,0
10,5,3068,0,1,5,10,21,10,4,1233,1,0,131,263,527
10,6,2775,0,0,49,98,197,9,4,1293,1,4,22,45,90
10,5,3327,1,0,80,160,321,0,0,0,0,0,0,0,0
5,4,3129,1,9,189,378,757,0,0,0,0,0,0,0,0
10,6,4095,1,0,191,382,765,0,0,0,0,0,0,0,0
10,5,2271,0,1,132,265,531,10,5,621,1,0,144,288,576
10,4,2768,1,1,205,410,820,0,0,0,0,0,0,0,0
8,5,2885,0,3,113,226,452,0,0,0,0,0,0,0,0
10,6,3838,1,0,108,216,432,0,0,0,0,0,0,0,0
10,6,3830,1,1,205,411,822,0,0,0,0,0,0,0,0
10,6,2810,1,0,146,293,586,0,0,0,0,0,0,0,0
10,6,2986,1,0,156,312,625,0,0,0,0,0,0,0,0
10,6,4095,1,0,194,388,777,0,0,0,0,0,0,0,0
9,5,3748,1,3,72,145,291,0,0,0,0,0,0,0,0
10,6,3518,0,0,10,21,43,0,0,0,0,0,0,0,0
10,6,4095,1,0,119,238,477,0,0,0,0,0,0,0,0
10,5,3327,1,0,64,128,257,0,0,0,0,0,0,0,0
2,6,1707,0,15,51,102,205,0,0,0,0,0,0,0,0
10,5,365,0,1,145,291,583,8,4,2032,0,4,196,393,787
10,6,4095,1,0,169,338,677,0,0,0,0,0,0,0,0
0,0,0,0,0,0,0,0,0,0,0,0,0,0,0,0
0,0,0,0,0,0,0,0,0,0,0,0,0,0,0,0
0,0,0,0,0,0,0,0,0,0,0,0,0,0,0,0
8,5,3662,0,5,209,418,836,0,0,0,0,0,0,0,0
10,6,1493,1,0,140,281,562,0,0,0,0,0,0,0,0
10,5,2219,0,1,148,297,594,0,0,0,0,0,0,0,0
0,0,0,0,0,0,0,0,0,0,0,0,0,0,0,0
10,6,1967,0,2,160,321,643,0,0,0,0,0,0,0,0
10,6,2987,0,0,176,353,707,10,5,939,0,0,185,371,743
10,6,4095,1,0,164,328,657,0,0,0,0,0,0,0,0
10,4,3891,0,0,188,376,753,0,0,0,0,0,0,0,0
2,5,894,0,14,209,419,838,10,4,3244,1,0,171,343,687
9,4,3664,1,5,140,281,563,0,0,0,0,0,0,0,0
10,5,4092,0,0,163,326,653,0,0,0,0,0,0,0,0
10,5,4083,0,0,15,30,61,0,0,0,0,0,0,0,0
9,5,917,1,4,95,191,383,10,5,747,0,0,110,221,443
0,0,0,0,0,0,0,0,0,0,0,0,0,0,0,0
6,5,377,0,6,20,40,81,0,0,0,0,0,0,0,0
10,5,4047,0,0,107,214,429,0,0,0,0,0,0,0,0
10,5,1486,0,2,181,363,726,10,4,3356,1,0,166,332,665
10,5,3416,1,1,80,161,322,0,0,0,0,0,0,0,0
8,4,1852,0,3,172,344,689,0,0,0,0,0,0,0,0
6,4,2876,0,7,150,301,602,0,0,0,0,0,0,0,0
10,5,3629,1,1,216,432,865,9,4,3220,1,4,206,413,826
10,6,3754,1,1,60,120,241,0,0,0,0,0,0,0,0
10,6,2986,1,0,68,136,273,0,0,0,0,0,0,0,0
10,6,1877,1,1,202,405,810,0,0,0,0,0,0,0,0
10,6,4095,1,0,150,300,601,0,0,0,0,0,0,0,0
6,5,2382,0,7,157,315,631,10,4,2736,0,2,146,292,584
0,0,0,0,0,0,0,0,0,0,0,0,0,0,0,0
0,0,0,0,0,0,0,0,0,0,0,0,0,0,0,0
10,4,723,0,1,142,285,570,0,0,0,0,0,0,0,0
0,0,0,0,0,0,0,0,0,0,0,0,0,0,0,0
10,5,2748,0,2,142,284,568,10,4,255,0,0,160,320,641
10,4,3900,0,0,158,316,633,0,0,0,0,0,0,0,0
10,5,1023,1,0,21,42,85,9,4,2191,1,4,56,112,225
10,6,4095,1,0,108,216,433,0,0,0,0,0,0,0,0
10,4,93,0,1,9,19,38,0,0,0,0,0,0,0,0
0,0,0,0,0,0,0,0,0,0,0,0,0,0,0,0
10,5,4047,0,0,170,340,681,0,0,0,0,0,0,0,0
10,5,3323,1,0,181,362,724,0,0,0,0,0,0,0,0
10,5,1023,1,0,78,156,313,0,0,0,0,0,0,0,0
10,5,2863,0,1,51,102,204,0,0,0,0,0,0,0,0
0,0,0,0,0,0,0,0,0,0,0,0,0,0,0,0
0,0,0,0,0,0,0,0,0,0,0,0,0,0,0,0
10,6,2734,0,0,84,169,338,9,4,229,1,5,91,182,365
10,5,2607,0,1,60,121,243,0,0,0,0,0,0,0,0
10,5,1023,1,0,74,148,297,5,5,997,1,10,82,165,331
10,6,3071,0,1,15,30,61,4,6,3930,0,11,26,52,104
0,0,0,0,0,0,0,0,0,0,0,0,0,0,0,0
10,6,4094,1,1,62,124,248,0,0,0,0,0,0,0,0
10,6,4095,1,0,66,132,265,0,0,0,0,0,0,0,0
0,0,0,0,0,0,0,0,0,0,0,0,0,0,0,0
7,4,3620,1,8,32,65,130,0,0,0,0,0,0,0,0
10,4,2087,0,0,10,20,41,7,4,756,1,7,17,34,68
8,5,1532,0,4,101,202,404,2,5,2732,0,15,90,181,363
10,6,4095,1,0,145,290,581,0,0,0,0,0,0,0,0
10,5,4092,0,0,207,414,829,0,0,0,0,0,0,0,0
10,4,3040,0,0,199,399,799,0,0,0,0,0,0,0,0
10,6,4095,1,0,151,302,605,0,0,0,0,0,0,0,0
0,0,0,0,0,0,0,0,0,0,0,0,0,0,0,0
10,6,2981,1,2,51,102,204,0,0,0,0,0,0,0,0
10,5,3903,0,0,78,156,313,0,0,0,0,0,0,0,0
10,6,4030,1,0,65,130,260,0,0,0,0,0,0,0,0
2,6,3991,0,12,49,98,197,0,0,0,0,0,0,0,0
10,6,2459,0,1,186,372,745,10,4,2946,1,0,196,393,786
10,6,4095,1,0,40,80,161,0,0,0,0,0,0,0,0
3,6,2398,1,12,56,112,224,0,0,0,0,0,0,0,0
10,5,1023,1,0,56,112,225,0,0,0,0,0,0,0,0
10,6,4091,1,0,167,334,668,0,0,0,0,0,0,0,0
10,6,4095,1,0,185,370,741,10,4,3251,0,0,204,408,816
10,6,4095,1,0,109,218,437,0,0,0,0,0,0,0,0
10,5,4083,0,0,19,38,77,0,0,0,0,0,0,0,0
10,5,2215,0,0,189,378,757,0,0,0,0,0,0,0,0
10,6,4095,1,0,163,326,653,0,0,0,0,0,0,0,0
10,6,3429,1,2,143,287,574,0,0,0,0,0,0,0,0
10,6,3050,1,0,207,415,830,8,5,3661,0,4,199,399,798
10,6,4095,1,0,111,222,445,0,0,0,0,0,0,0,0
10,5,3772,0,0,26,52,104,10,4,191,0,2,15,30,60
10,6,2805,1,1,36,72,144,0,0,0,0,0,0,0,0
10,6,4094,1,1,92,184,368,2,6,4075,0,12,87,175,351
10,5,4083,0,0,118,236,473,0,0,0,0,0,0,0,0
10,6,4095,1,0,11,22,45,0,0,0,0,0,0,0,0
10,5,4047,0,0,193,386,773,0,0,0,0,0,0,0,0
10,6,2479,0,2,158,317,634,0,0,0,0,0,0,0,0
10,6,4026,1,1,133,267,535,0,0,0,0,0,0,0,0
10,6,3754,1,1,218,436,873,0,0,0,0,0,0,0,0
10,6,4095,1,0,220,440,881,0,0,0,0,0,0,0,0
3,4,1412,1,14,142,285,570,0,0,0,0,0,0,0,0
10,6,2798,0,0,219,439,879,0,0,0,0,0,0,0,0
10,5,4092,0,0,7,14,29,0,0,0,0,0,0,0,0
6,5,1528,0,8,118,236,472,0,0,0,0,0,0,0,0
10,6,4095,1,0,166,332,665,0,0,0,0,0,0,0,0
10,6,4095,1,0,184,368,737,0,0,0,0,0,0,0,0
10,6,4095,1,0,142,284,569,0,0,0,0,0,0,0,0
10,6,4095,1,0,209,418,837,0,0,0,0,0,0,0,0
10,6,1973,1,1,87,174,348,9,4,945,1,3,94,189,378
10,6,2794,1,0,42,85,170,0,0,0,0,0,0,0,0
3,6,2711,1,13,111,222,445,9,5,3748,1,3,87,175,351
3,6,3758,1,14,25,51,103,10,5,3790,1,0,6,13,27
0,0,0,0,0,0,0,0,0,0,0,0,0,0,0,0
10,5,3048,1,0,96,193,386,8,5,3242,0,4,110,221,443
0,0,0,0,0,0,0,0,0,0,0,0,0,0,0,0
6,4,1904,0,8,167,334,669,0,0,0,0,0,0,0,0
7,4,230,1,8,176,352,704,0,0,0,0,0,0,0,0
10,6,3806,1,0,80,161,322,0,0,0,0,0,0,0,0
10,5,4083,0,0,47,94,189,0,0,0,0,0,0,0,0
10,6,4095,1,0,89,178,357,0,0,0,0,0,0,0,0
10,6,3759,0,0,36,73,147,10,6,1791,0,2,47,94,188
0,0,0,0,0,0,0,0,0,0,0,0,0,0,0,0
10,5,1023,1,0,45,90,181,0,0,0,0,0,0,0,0
10,6,4095,1,0,83,166,333,0,0,0,0,0,0,0,0
10,6,4095,1,0,101,202,405,0,0,0,0,0,0,0,0
10,6,4095,1,0,27,54,109,0,0,0,0,0,0,0,0
10,6,4095,1,0,22,44,89,0,0,0,0,0,0,0,0
10,6,4095,1,0,103,206,413,0,0,0,0,0,0,0,0
10,5,3327,1,0,66,132,265,0,0,0,0,0,0,0,0
10,6,3030,1,1,58,116,232,0,0,0,0,0,0,0,0
10,6,2814,0,0,100,201,403,7,4,3859,1,6,115,230,461
10,5,4092,0,0,25,50,101,10,5,3643,0,0,44,88,176
2,4,3180,0,13,109,219,438,0,0,0,0,0,0,0,0
6,5,506,0,6,58,116,232,0,0,0,0,0,0,0,0
3,5,3752,1,15,14,28,57,0,0,0,0,0,0,0,0
10,5,854,1,1,92,185,371,0,0,0,0,0,0,0,0
0,0,0,0,0,0,0,0,0,0,0,0,0,0,0,0
10,6,4095,1,0,10,20,41,0,0,0,0,0,0,0,0
10,5,3903,0,0,116,232,465,0,0,0,0,0,0,0,0
10,6,4095,1,0,65,130,261,0,0,0,0,0,0,0,0
10,6,4095,1,0,64,128,257,0,0,0,0,0,0,0,0
10,6,4095,1,0,110,220,441,7,5,3740,1,6,119,238,476
0,0,0,0,0,0,0,0,0,0,0,0,0,0,0,0
3,5,1377,1,12,19,39,79,0,0,0,0,0,0,0,0
3,6,3065,1,14,13,27,54,2,6,4094,0,12,37,74,148
10,6,4031,0,0,78,156,313,2,5,3068,0,15,71,142,284
0,0,0,0,0,0,0,0,0,0,0,0,0,0,0,0
10,6,4095,1,0,57,114,229,0,0,0,0,0,0,0,0
0,0,0,0,0,0,0,0,0,0,0,0,0,0,0,0
5,4,3728,1,10,175,350,700,0,0,0,0,0,0,0,0
10,6,3071,0,1,59,118,237,0,0,0,0,0,0,0,0
10,6,1374,0,2,71,142,284,3,4,567,1,13,111,223,447
10,4,4044,0,0,58,116,233,0,0,0,0,0,0,0,0
8,5,3538,0,4,68,137,274,0,0,0,0,0,0,0,0
10,6,4095,1,0,59,118,237,0,0,0,0,0,0,0,0
3,6,4093,1,15,78,156,312,10,4,914,1,1,66,132,265
10,6,2746,0,0,81,163,326,0,0,0,0,0,0,0,0
10,6,2667,0,1,69,138,277,0,0,0,0,0,0,0,0
0,0,0,0,0,0,0,0,0,0,0,0,0,0,0,0
10,6,4095,1,0,218,436,873,0,0,0,0,0,0,0,0
10,6,4095,1,0,134,268,537,0,0,0,0,0,0,0,0
4,5,3606,0,11,89,179,359,0,0,0,0,0,0,0,0
9,6,2523,1,4,17,34,68,0,0,0,0,0,0,0,0
9,5,1246,1,4,23,46,92,0,0,0,0,0,0,0,0
0,0,0,0,0,0,0,0,0,0,0,0,0,0,0,0
10,4,975,0,0,190,380,761,0,0,0,0,0,0,0,0
10,5,1593,0,0,137,274,548,0,0,0,0,0,0,0,0
0,0,0,0,0,0,0,0,0,0,0,0,0,0,0,0
10,5,703,0,2,136,272,544,0,0,0,0,0,0,0,0
10,6,4095,1,0,201,402,805,0,0,0,0,0,0,0,0
10,6,4095,1,0,151,302,605,0,0,0,0,0,0,0,0
10,6,2746,0,0,89,179,358,0,0,0,0,0,0,0,0
10,6,4095,1,0,39,78,157,0,0,0,0,0,0,0,0
2,4,3040,0,13,100,201,403,0,0,0,0,0,0,0,0
10,6,4095,1,0,69,138,277,0,0,0,0,0,0,0,0
10,6,2731,0,1,60,121,242,0,0,0,0,0,0,0,0
10,6,4095,1,0,217,434,869,0,0,0,0,0,0,0,0
0,0,0,0,0,0,0,0,0,0,0,0,0,0,0,0
9,6,1770,1,5,149,298,596,0,0,0,0,0,0,0,0
9,5,2972,1,5,217,434,869,0,0,0,0,0,0,0,0
0,0,0,0,0,0,0,0,0,0,0,0,0,0,0,0
7,5,3639,1,6,196,392,785,0,0,0,0,0,0,0,0
0,0,0,0,0,0,0,0,0,0,0,0,0,0,0,0
6,5,2702,0,6,180,360,720,2,5,1997,0,13,45,90,181
10,6,4091,1,0,205,410,820,10,4,930,1,1,211,423,846
10,4,748,0,1,187,374,748,0,0,0,0,0,0,0,0
0,0,0,0,0,0,0,0,0,0,0,0,0,0,0,0
0,0,0,0,0,0,0,0,0,0,0,0,0,0,0,0
10,6,4095,1,0,73,146,293,0,0,0,0,0,0,0,0
10,6,4095,1,0,53,106,213,6,5,2351,0,8,39,78,156
10,6,4095,1,0,149,298,597,0,0,0,0,0,0,0,0
10,4,2882,1,0,183,366,733,0,0,0,0,0,0,0,0
10,6,4095,1,0,113,226,453,0,0,0,0,0,0,0,0
10,5,3307,1,0,14,29,59,0,0,0,0,0,0,0,0
7,4,3119,1,6,102,205,411,0,0,0,0,0,0,0,0
3,4,3744,1,15,104,208,417,0,0,0,0,0,0,0,0
10,6,4095,1,0,33,66,133,0,0,0,0,0,0,0,0
10,6,2471,0,1,116,232,465,10,4,254,1,2,78,156,313
10,6,2734,0,0,8,17,34,0,0,0,0,0,0,0,0
10,5,1023,1,0,117,234,469,0,0,0,0,0,0,0,0
10,4,760,1,0,173,347,695,0,0,0,0,0,0,0,0
0,0,0,0,0,0,0,0,0,0,0,0,0,0,0,0
8,4,107,0,4,91,182,364,0,0,0,0,0,0,0,0
10,5,685,1,0,182,364,729,0,0,0,0,0,0,0,0
10,6,4079,1,0,51,102,204,9,4,237,1,4,167,335,671
10,5,3903,0,0,175,350,701,0,0,0,0,0,0,0,0
10,6,4095,1,0,176,352,705,0,0,0,0,0,0,0,0
10,6,2727,0,0,21,42,85,0,0,0,0,0,0,0,0
10,6,4095,1,0,74,148,297,0,0,0,0,0,0,0,0
4,6,1407,0,10,49,98,196,10,4,1360,0,0,54,108,217
10,6,4079,1,0,173,346,692,0,0,0,0,0,0,0,0
10,6,1631,0,2,172,344,689,0,0,0,0,0,0,0,0
10,4,3279,1,0,208,416,833,0,0,0,0,0,0,0,0
10,5,2282,1,0,142,285,570,0,0,0,0,0,0,0,0
10,6,4095,1,0,149,298,597,0,0,0,0,0,0,0,0
10,5,1699,0,2,203,407,814,0,0,0,0,0,0,0,0
0,0,0,0,0,0,0,0,0,0,0,0,0,0,0,0
9,4,2000,1,5,74,148,296,0,0,0,0,0,0,0,0
9,4,984,1,4,141,282,565,0,0,0,0,0,0,0,0
10,4,3393,1,2,172,345,690,0,0,0,0,0,0,0,0
10,6,4095,1,0,20,40,81,0,0,0,0,0,0,0,0
10,6,3839,0,0,106,212,425,0,0,0,0,0,0,0,0
10,6,2794,1,0,39,79,158,0,0,0,0,0,0,0,0
10,6,4095,1,0,90,180,361,0,0,0,0,0,0,0,0
10,5,4047,0,0,75,150,301,0,0,0,0,0,0,0,0
10,6,4095,1,0,51,102,205,0,0,0,0,0,0,0,0
10,6,4095,1,0,90,180,361,0,0,0,0,0,0,0,0
10,5,4047,0,0,38,76,153,0,0,0,0,0,0,0,0
10,6,4095,1,0,209,418,837,0,0,0,0,0,0,0,0
0,0,0,0,0,0,0,0,0,0,0,0,0,0,0,0
10,5,3193,1,2,156,312,625,0,0,0,0,0,0,0,0
2,4,2275,0,14,145,291,583,0,0,0,0,0,0,0,0
10,6,4095,1,0,194,388,777,0,0,0,0,0,0,0,0
10,6,3519,0,1,167,334,668,8,4,1612,0,3,174,349,698
10,6,4095,1,0,185,370,741,0,0,0,0,0,0,0,0
10,6,4095,1,0,207,414,829,0,0,0,0,0,0,0,0
10,5,4047,0,0,145,290,581,0,0,0,0,0,0,0,0
10,6,4095,1,0,138,276,553,0,0,0,0,0,0,0,0
10,6,4095,1,0,214,428,857,0,0,0,0,0,0,0,0
7,6,4074,1,8,80,160,321,0,0,0,0,0,0,0,0
10,6,4095,1,0,57,114,229,0,0,0,0,0,0,0,0
10,6,1786,0,1,19,39,78,4,5,3613,0,11,63,126,252
10,6,4095,1,0,83,166,333,0,0,0,0,0,0,0,0
0,0,0,0,0,0,0,0,0,0,0,0,0,0,0,0
10,6,4095,1,0,164,328,657,0,0,0,0,0,0,0,0
10,5,3903,0,0,189,378,757,7,4,3656,1,7,180,361,722
10,6,4095,1,0,105,210,421,0,0,0,0,0,0,0,0
10,5,4047,0,0,23,46,93,0,0,0,0,0,0,0,0
8,5,3783,0,5,18,36,72,0,0,0,0,0,0,0,0
10,6,4095,1,0,82,164,329,0,0,0,0,0,0,0,0
0,0,0,0,0,0,0,0,0,0,0,0,0,0,0,0
10,6,3039,0,0,14,29,59,0,0,0,0,0,0,0,0
10,5,939,0,0,108,217,435,10,4,2186,1,0,114,228,457
10,6,3999,1,0,121,243,487,0,0,0,0,0,0,0,0
10,6,4095,1,0,4,8,17,0,0,0,0,0,0,0,0
10,6,4095,1,0,3,6,13,0,0,0,0,0,0,0,0
10,6,4095,1,0,121,242,485,0,0,0,0,0,0,0,0
8,5,1359,0,3,172,344,689,0,0,0,0,0,0,0,0
9,4,4036,1,4,141,282,564,0,0,0,0,0,0,0,0
10,6,4095,1,0,157,314,629,0,0,0,0,0,0,0,0
10,6,1406,0,2,153,306,613,3,5,3580,1,12,147,294,588
10,4,831,1,0,198,396,793,0,0,0,0,0,0,0,0
2,5,1788,0,15,102,204,408,0,0,0,0,0,0,0,0
8,6,4086,0,3,13,26,52,8,5,3058,0,5,6,12,25
10,6,4093,1,2,112,225,451,0,0,0,0,0,0,0,0
10,6,4026,1,1,44,89,179,10,4,1165,0,0,30,60,120
10,6,4095,1,0,84,168,337,0,0,0,0,0,0,0,0
9,6,1431,1,3,208,417,834,0,0,0,0,0,0,0,0
7,5,3350,1,7,147,295,590,10,4,3320,1,1,132,264,528
10,6,4095,1,0,144,288,577,0,0,0,0,0,0,0,0
10,6,3770,1,0,204,409,818,0,0,0,0,0,0,0,0
10,6,4095,1,0,147,294,589,0,0,0,0,0,0,0,0
10,6,4095,1,0,163,326,653,0,0,0,0,0,0,0,0
10,6,4079,1,0,190,380,760,0,0,0,0,0,0,0,0
10,6,4095,1,0,134,268,537,0,0,0,0,0,0,0,0
10,6,4095,1,0,218,436,873,0,0,0,0,0,0,0,0
10,5,3903,0,0,119,238,477,0,0,0,0,0,0,0,0
4,6,4009,0,10,32,64,129,8,5,1523,0,3,21,43,87
10,6,3583,0,1,122,244,488,0,0,0,0,0,0,0,0
10,6,4095,1,0,62,124,249,0,0,0,0,0,0,0,0
10,6,4063,1,0,63,126,252,0,0,0,0,0,0,0,0
0,0,0,0,0,0,0,0,0,0,0,0,0,0,0,0
10,5,745,1,2,200,400,801,0,0,0,0,0,0,0,0
10,4,110,1,2,169,339,678,0,0,0,0,0,0,0,0
10,6,3054,1,0,203,407,815,0,0,0,0,0,0,0,0
10,5,4083,0,0,147,294,589,0,0,0,0,0,0,0,0
10,5,4092,0,0,164,328,657,0,0,0,0,0,0,0,0
10,5,3327,1,0,186,372,745,0,0,0,0,0,0,0,0
10,6,3071,0,1,212,424,849,0,0,0,0,0,0,0,0
10,6,4095,1,0,140,280,561,0,0,0,0,0,0,0,0
10,6,2475,0,1,42,84,169,0,0,0,0,0,0,0,0
10,6,3498,1,0,87,174,349,0,0,0,0,0,0,0,0
10,6,4095,1,0,105,210,421,0,0,0,0,0,0,0,0
10,6,4095,1,0,24,48,97,0,0,0,0,0,0,0,0
10,6,3754,1,1,98,196,393,0,0,0,0,0,0,0,0
9,6,3957,1,3,25,50,100,10,6,4027,1,0,65,130,260
10,6,2774,1,1,212,424,848,0,0,0,0,0,0,0,0
10,6,4095,1,0,39,78,157,0,0,0,0,0,0,0,0
0,0,0,0,0,0,0,0,0,0,0,0,0,0,0,0
9,5,1955,1,4,42,84,169,0,0,0,0,0,0,0,0
10,6,4095,1,0,134,268,537,0,0,0,0,0,0,0,0
9,5,3535,1,4,160,321,642,10,4,1233,1,0,131,263,527
8,4,791,0,5,198,397,794,0,0,0,0,0,0,0,0
10,6,2750,0,0,41,83,167,7,6,3801,1,8,46,93,187
10,5,4072,1,2,206,413,826,0,0,0,0,0,0,0,0
10,6,2734,0,0,144,289,578,0,0,0,0,0,0,0,0
10,6,4095,1,0,58,116,233,10,5,1007,1,0,52,104,208
10,6,4095,1,0,70,140,281,0,0,0,0,0,0,0,0
10,5,1768,0,1,28,57,114,0,0,0,0,0,0,0,0
10,6,4095,1,0,97,194,389,0,0,0,0,0,0,0,0
10,6,2734,0,0,136,273,546,0,0,0,0,0,0,0,0
10,6,4095,1,0,216,432,865,0,0,0,0,0,0,0,0
10,5,3026,1,1,33,66,133,0,0,0,0,0,0,0,0
0,0,0,0,0,0,0,0,0,0,0,0,0,0,0,0
10,5,2862,1,0,94,189,379,2,4,1776,0,15,68,136,272
0,0,0,0,0,0,0,0,0,0,0,0,0,0,0,0
10,6,4095,1,0,59,118,237,10,4,1230,0,1,104,209,418
10,6,4094,1,1,67,134,268,0,0,0,0,0,0,0,0
3,4,1736,1,12,173,347,694,0,0,0,0,0,0,0,0
2,6,1691,0,14,147,294,588,8,5,623,0,3,173,347,694
8,5,1199,0,3,170,341,682,9,5,2767,1,4,197,395,790
5,6,1710,1,11,71,143,286,0,0,0,0,0,0,0,0
10,5,3327,1,0,50,100,201,0,0,0,0,0,0,0,0
10,6,3770,1,0,104,209,418,0,0,0,0,0,0,0,0
10,5,2447,0,2,21,43,87,0,0,0,0,0,0,0,0
10,6,2794,1,0,98,197,394,0,0,0,0,0,0,0,0
10,5,959,0,0,88,176,352,0,0,0,0,0,0,0,0
10,6,4091,1,0,8,16,32,0,0,0,0,0,0,0,0
10,4,3824,0,0,106,212,425,0,0,0,0,0,0,0,0
4,4,1392,0,10,124,248,496,0,0,0,0,0,0,0,0
10,5,2502,1,0,67,134,268,10,4,3314,1,1,62,124,248
10,6,4095,1,0,67,134,269,0,0,0,0,0,0,0,0
10,6,4095,1,0,150,300,601,0,0,0,0,0,0,0,0
10,5,2607,0,1,196,393,787,0,0,0,0,0,0,0,0
10,6,4010,1,1,73,147,294,0,0,0,0,0,0,0,0
10,6,4011,1,0,54,109,219,0,0,0,0,0,0,0,0
10,6,4095,1,0,160,320,641,0,0,0,0,0,0,0,0
10,6,4095,1,0,191,382,765,0,0,0,0,0,0,0,0
10,6,4091,1,0,57,114,228,0,0,0,0,0,0,0,0
10,6,3006,0,0,68,137,275,0,0,0,0,0,0,0,0
10,6,3759,0,0,145,291,583,0,0,0,0,0,0,0,0
10,4,3114,1,1,163,327,654,0,0,0,0,0,0,0,0
0,0,0,0,0,0,0,0,0,0,0,0,0,0,0,0
10,6,1982,0,1,145,291,583,8,6,3758,0,5,138,276,552
10,6,4095,1,0,165,330,661,0,0,0,0,0,0,0,0
10,6,2653,1,0,145,291,583,0,0,0,0,0,0,0,0
10,4,3279,1,0,176,352,705,0,0,0,0,0,0,0,0
0,0,0,0,0,0,0,0,0,0,0,0,0,0,0,0
10,6,4095,1,0,34,68,137,0,0,0,0,0,0,0,0
10,6,1367,0,2,92,185,371,10,5,1019,1,0,73,146,292
10,4,1011,0,0,165,330,661,0,0,0,0,0,0,0,0
10,6,3755,1,0,186,373,746,0,0,0,0,0,0,0,0
10,6,4095,1,0,14,28,57,0,0,0,0,0,0,0,0
10,4,3186,1,0,105,211,422,0,0,0,0,0,0,0,0
9,4,249,1,5,123,246,492,0,0,0,0,0,0,0,0
7,6,3822,1,6,98,196,393,0,0,0,0,0,0,0,0
10,5,2635,0,1,18,36,73,0,0,0,0,0,0,0,0
3,6,3669,1,15,38,77,154,0,0,0,0,0,0,0,0
8,6,2794,0,5,121,243,487,0,0,0,0,0,0,0,0
10,5,4092,0,0,32,64,129,0,0,0,0,0,0,0,0
8,6,1407,0,4,92,185,370,0,0,0,0,0,0,0,0
10,6,4095,1,0,217,434,869,0,0,0,0,0,0,0,0
10,6,4095,1,0,134,268,537,0,0,0,0,0,0,0,0
10,6,3559,1,0,18,37,74,10,6,2410,0,0,24,48,96
10,6,2731,0,1,104,209,418,10,4,2109,1,0,75,151,302
10,6,4095,1,0,106,212,425,0,0,0,0,0,0,0,0
10,6,4095,1,0,19,38,77,0,0,0,0,0,0,0,0
10,5,3059,0,1,108,216,433,0,0,0,0,0,0,0,0
0,0,0,0,0,0,0,0,0,0,0,0,0,0,0,0
10,5,4019,0,0,11,22,44,10,4,1121,0,0,16,33,66
10,4,234,1,2,154,309,619,0,0,0,0,0,0,0,0
9,4,253,1,4,16,32,64,0,0,0,0,0,0,0,0
0,0,0,0,0,0,0,0,0,0,0,0,0,0,0,0
0,0,0,0,0,0,0,0,0,0,0,0,0,0,0,0
0,0,0,0,0,0,0,0,0,0,0,0,0,0,0,0
0,0,0,0,0,0,0,0,0,0,0,0,0,0,0,0
10,6,4095,1,0,189,378,757,0,0,0,0,0,0,0,0
0,0,0,0,0,0,0,0,0,0,0,0,0,0,0,0
10,5,1022,1,1,173,346,692,0,0,0,0,0,0,0,0
2,6,2986,0,13,120,240,481,0,0,0,0,0,0,0,0
10,6,2795,0,0,19,39,79,10,5,1197,0,0,25,50,100
10,6,1791,0,2,107,214,428,0,0,0,0,0,0,0,0
10,6,4095,1,0,152,304,609,0,0,0,0,0,0,0,0
10,6,4031,0,0,198,396,793,0,0,0,0,0,0,0,0
6,5,381,0,7,217,435,870,0,0,0,0,0,0,0,0
8,5,1019,0,4,217,435,870,0,0,0,0,0,0,0,0
8,6,1391,0,3,213,426,853,3,4,238,1,14,193,386,772
7,4,826,1,8,149,299,598,0,0,0,0,0,0,0,0
10,5,4083,0,0,213,426,853,0,0,0,0,0,0,0,0
10,4,2872,1,0,63,127,255,7,4,3292,1,7,97,194,389
10,6,4095,1,0,63,126,253,0,0,0,0,0,0,0,0
10,6,4095,1,0,54,108,217,0,0,0,0,0,0,0,0
10,6,4095,1,0,74,148,297,0,0,0,0,0,0,0,0
6,5,619,0,8,197,395,791,0,0,0,0,0,0,0,0
10,5,2262,1,1,134,268,536,0,0,0,0,0,0,0,0
10,6,2810,1,0,132,265,530,0,0,0,0,0,0,0,0
10,4,3252,1,2,202,404,809,0,0,0,0,0,0,0,0
10,6,4095,1,0,198,396,793,0,0,0,0,0,0,0,0
10,6,4095,1,0,153,306,613,0,0,0,0,0,0,0,0
10,5,4092,0,0,170,340,681,0,0,0,0,0,0,0,0
10,6,4095,1,0,180,360,721,0,0,0,0,0,0,0,0
8,6,3994,0,3,155,311,623,10,5,3986,1,2,136,272,545
10,6,4095,1,0,178,356,713,0,0,0,0,0,0,0,0
10,4,764,0,2,209,418,837,0,0,0,0,0,0,0,0
3,5,2302,1,12,98,196,392,8,4,150,0,5,79,158,317
10,6,4095,1,0,37,74,149,0,0,0,0,0,0,0,0
3,5,3060,1,15,212,425,850,0,0,0,0,0,0,0,0
10,6,2746,0,0,193,387,774,0,0,0,0,0,0,0,0
10,4,995,1,0,184,368,736,0,0,0,0,0,0,0,0
10,4,255,0,0,113,226,453,0,0,0,0,0,0,0,0
10,6,4062,1,1,86,173,347,0,0,0,0,0,0,0,0
9,5,989,1,3,52,105,210,0,0,0,0,0,0,0,0
8,4,3154,0,4,68,136,273,0,0,0,0,0,0,0,0
10,6,4095,1,0,61,122,245,0,0,0,0,0,0,0,0
10,4,1225,1,0,206,412,824,0,0,0,0,0,0,0,0
10,6,3805,1,2,59,118,237,0,0,0,0,0,0,0,0
0,0,0,0,0,0,0,0,0,0,0,0,0,0,0,0
10,6,2815,0,1,53,106,212,0,0,0,0,0,0,0,0
8,4,1712,0,4,140,280,561,0,0,0,0,0,0,0,0
10,6,4095,1,0,152,304,609,0,0,0,0,0,0,0,0
0,0,0,0,0,0,0,0,0,0,0,0,0,0,0,0
10,5,3762,1,0,200,401,802,0,0,0,0,0,0,0,0
10,6,4095,1,0,116,232,465,0,0,0,0,0,0,0,0
10,5,3903,0,0,12,24,49,0,0,0,0,0,0,0,0
0,0,0,0,0,0,0,0,0,0,0,0,0,0,0,0
10,6,4095,1,0,173,346,693,0,0,0,0,0,0,0,0
5,6,2395,1,11,156,312,624,10,4,3352,1,1,193,387,775
10,6,4095,1,0,106,212,425,0,0,0,0,0,0,0,0
10,6,4095,1,0,20,40,81,0,0,0,0,0,0,0,0
10,6,4079,1,0,22,44,88,0,0,0,0,0,0,0,0
10,6,4095,1,0,104,208,417,0,0,0,0,0,0,0,0
10,5,2740,1,0,55,110,221,0,0,0,0,0,0,0,0
10,5,4092,0,0,73,146,293,0,0,0,0,0,0,0,0
10,6,3833,1,2,45,91,182,0,0,0,0,0,0,0,0
10,5,3327,1,0,83,166,333,0,0,0,0,0,0,0,0
0,0,0,0,0,0,0,0,0,0,0,0,0,0,0,0
0,0,0,0,0,0,0,0,0,0,0,0,0,0,0,0
10,4,4064,1,2,183,367,734,0,0,0,0,0,0,0,0
10,6,4095,1,0,192,384,769,0,0,0,0,0,0,0,0
10,5,3722,1,1,172,344,689,0,0,0,0,0,0,0,0
10,6,3445,1,1,180,361,723,0,0,0,0,0,0,0,0
10,6,4095,1,0,187,374,749,0,0,0,0,0,0,0,0
0,0,0,0,0,0,0,0,0,0,0,0,0,0,0,0
10,4,2435,0,2,136,273,546,0,0,0,0,0,0,0,0
10,5,2703,0,1,99,199,399,0,0,0,0,0,0,0,0
0,0,0,0,0,0,0,0,0,0,0,0,0,0,0,0
10,6,2986,1,0,27,54,109,0,0,0,0,0,0,0,0
10,4,753,1,2,190,381,762,0,0,0,0,0,0,0,0
10,5,2847,0,0,185,371,743,6,4,764,0,7,197,395,790
10,5,2652,0,0,30,60,121,8,5,3261,0,4,5,10,20
10,4,126,0,2,87,174,349,7,4,3094,1,8,46,93,187
10,4,575,0,2,144,288,576,0,0,0,0,0,0,0,0
10,6,4095,1,0,180,360,721,0,0,0,0,0,0,0,0
10,6,3839,0,0,197,394,789,0,0,0,0,0,0,0,0
10,5,4047,0,0,155,310,621,0,0,0,0,0,0,0,0
9,5,923,1,5,46,92,184,0,0,0,0,0,0,0,0
10,6,4095,1,0,69,138,277,0,0,0,0,0,0,0,0
10,5,1023,1,0,133,266,533,0,0,0,0,0,0,0,0
10,6,4094,1,1,219,438,876,0,0,0,0,0,0,0,0
6,5,2412,0,8,12,25,51,4,4,3617,0,10,35,71,143
10,6,4095,1,0,96,192,385,0,0,0,0,0,0,0,0
0,0,0,0,0,0,0,0,0,0,0,0,0,0,0,0
0,0,0,0,0,0,0,0,0,0,0,0,0,0,0,0
10,4,3279,1,0,201,402,805,0,0,0,0,0,0,0,0
8,6,1535,0,3,150,301,603,0,0,0,0,0,0,0,0
4,5,1724,0,9,53,106,213,0,0,0,0,0,0,0,0
10,6,2746,0,0,62,125,250,0,0,0,0,0,0,0,0
10,6,3770,1,0,12,25,50,0,0,0,0,0,0,0,0
10,6,3055,0,0,117,234,468,0,0,0,0,0,0,0,0
8,5,1404,0,4,38,77,155,0,0,0,0,0,0,0,0
10,6,4095,1,0,77,154,309,4,5,1468,0,10,72,144,289
10,6,4095,1,0,153,306,613,0,0,0,0,0,0,0,0
10,6,4095,1,0,197,394,789,0,0,0,0,0,0,0,0
10,4,4044,0,0,113,226,453,0,0,0,0,0,0,0,0
10,5,3903,0,0,12,24,49,0,0,0,0,0,0,0,0
0,0,0,0,0,0,0,0,0,0,0,0,0,0,0,0
10,6,4095,1,0,41,82,165,0,0,0,0,0,0,0,0
10,6,4095,1,0,84,168,337,0,0,0,0,0,0,0,0
6,6,3839,0,6,17,35,70,0,0,0,0,0,0,0,0
10,6,4095,1,0,108,216,433,0,0,0,0,0,0,0,0
10,6,1402,0,2,74,148,296,0,0,0,0,0,0,0,0
2,5,2635,0,14,35,70,141,0,0,0,0,0,0,0,0
9,6,4073,1,3,167,335,670,0,0,0,0,0,0,0,0
10,6,4095,1,0,184,368,737,0,0,0,0,0,0,0,0
0,0,0,0,0,0,0,0,0,0,0,0,0,0,0,0
2,6,2986,0,13,83,166,333,3,5,446,1,12,121,243,486
10,6,2922,1,0,172,344,689,0,0,0,0,0,0,0,0
10,6,2746,0,0,180,361,722,0,0,0,0,0,0,0,0
10,6,2746,0,0,24,49,98,0,0,0,0,0,0,0,0
10,6,4078,1,1,104,209,419,0,0,0,0,0,0,0,0
10,5,4092,0,0,145,290,581,0,0,0,0,0,0,0,0
10,5,4092,0,0,205,410,821,0,0,0,0,0,0,0,0
10,5,2024,0,0,17,35,70,0,0,0,0,0,0,0,0
10,6,4095,1,0,109,218,437,0,0,0,0,0,0,0,0
10,6,4095,1,0,209,418,837,0,0,0,0,0,0,0,0
10,6,4031,0,0,143,286,573,0,0,0,0,0,0,0,0
10,5,870,1,1,114,228,456,0,0,0,0,0,0,0,0
10,4,653,1,0,10,20,41,0,0,0,0,0,0,0,0
0,0,0,0,0,0,0,0,0,0,0,0,0,0,0,0
0,0,0,0,0,0,0,0,0,0,0,0,0,0,0,0
10,6,4095,1,0,51,102,205,2,4,1474,0,14,174,348,696
10,6,4095,1,0,75,150,301,3,5,1448,1,12,80,160,320
10,6,4095,1,0,187,374,749,0,0,0,0,0,0,0,0
10,6,4091,1,0,164,328,656,0,0,0,0,0,0,0,0
10,6,2731,0,1,13,27,54,0,0,0,0,0,0,0,0
10,5,2770,1,0,112,224,449,0,0,0,0,0,0,0,0
9,6,2814,1,5,200,401,802,0,0,0,0,0,0,0,0
10,6,4091,1,0,163,326,652,0,0,0,0,0,0,0,0
10,6,4095,1,0,208,416,833,0,0,0,0,0,0,0,0
10,4,2700,0,2,143,287,575,0,0,0,0,0,0,0,0
10,5,4092,0,0,144,288,577,0,0,0,0,0,0,0,0
6,4,467,0,8,180,361,723,0,0,0,0,0,0,0,0
0,0,0,0,0,0,0,0,0,0,0,0,0,0,0,0
0,0,0,0,0,0,0,0,0,0,0,0,0,0,0,0
0,0,0,0,0,0,0,0,0,0,0,0,0,0,0,0
8,4,1648,0,4,70,141,283,0,0,0,0,0,0,0,0
2,6,2030,0,14,44,89,178,3,4,795,1,14,49,99,199
0,0,0,0,0,0,0,0,0,0,0,0,0,0,0,0
4,4,1740,0,9,56,113,226,0,0,0,0,0,0,0,0
10,6,4095,1,0,184,368,737,0,0,0,0,0,0,0,0
10,6,4095,1,0,168,336,673,0,0,0,0,0,0,0,0
10,6,4095,1,0,22,44,89,0,0,0,0,0,0,0,0
10,6,4095,1,0,106,212,425,0,0,0,0,0,0,0,0
10,5,2861,1,1,136,273,546,0,0,0,0,0,0,0,0
10,5,3903,0,0,214,428,857,0,0,0,0,0,0,0,0
7,4,795,1,6,71,142,285,0,0,0,0,0,0,0,0
10,6,4095,1,0,62,124,249,0,0,0,0,0,0,0,0
10,6,4095,1,0,66,132,265,0,0,0,0,0,0,0,0
10,4,2852,1,2,219,438,876,0,0,0,0,0,0,0,0
10,6,2987,0,0,134,269,539,0,0,0,0,0,0,0,0
10,6,4095,1,0,217,434,869,0,0,0,0,0,0,0,0
0,0,0,0,0,0,0,0,0,0,0,0,0,0,0,0
10,6,3071,0,1,166,332,665,0,0,0,0,0,0,0,0
10,6,3066,1,0,186,373,747,0,0,0,0,0,0,0,0
10,6,4095,1,0,30,60,121,0,0,0,0,0,0,0,0
10,5,3895,1,1,9,19,39,0,0,0,0,0,0,0,0
3,5,3412,1,15,186,372,745,10,4,3315,0,0,95,190,381
10,4,566,1,0,74,148,297,0,0,0,0,0,0,0,0
10,6,4011,1,0,81,163,327,3,6,1722,1,12,105,211,422
2,5,2699,0,14,14,29,58,2,4,235,0,13,3,7,15
10,6,4095,1,0,121,242,485,0,0,0,0,0,0,0,0
10,5,4047,0,0,3,6,13,0,0,0,0,0,0,0,0
10,6,3754,1,1,4,8,17,0,0,0,0,0,0,0,0
10,6,3754,1,1,122,244,489,4,6,4074,0,11,114,229,458
2,5,939,0,14,154,309,618,7,4,3154,1,7,159,319,638
10,6,4095,1,0,172,344,689,10,4,2947,0,1,200,400,800
0,0,0,0,0,0,0,0,0,0,0,0,0,0,0,0
10,6,1627,0,2,167,334,668,0,0,0,0,0,0,0,0
10,5,3626,1,1,189,379,758,0,0,0,0,0,0,0,0
10,6,4095,1,0,168,336,673,0,0,0,0,0,0,0,0
5,5,2175,1,10,153,307,615,8,4,107,0,4,21,42,84
10,5,1748,1,0,96,193,387,8,5,1023,0,5,90,181,363
10,6,2523,0,1,33,66,133,10,4,121,1,0,41,82,164
10,5,3311,1,0,163,326,652,0,0,0,0,0,0,0,0
5,6,1447,1,11,192,384,768,0,0,0,0,0,0,0,0
10,6,4095,1,0,152,304,609,0,0,0,0,0,0,0,0
10,5,3887,1,0,162,324,648,0,0,0,0,0,0,0,0
10,6,2746,0,0,216,433,866,0,0,0,0,0,0,0,0
10,5,4076,1,0,136,272,544,0,0,0,0,0,0,0,0
10,6,4095,1,0,188,376,753,0,0,0,0,0,0,0,0
10,5,683,0,1,164,329,658,0,0,0,0,0,0,0,0
10,5,4047,0,0,144,288,577,0,0,0,0,0,0,0,0
10,6,4095,1,0,208,416,833,0,0,0,0,0,0,0,0
10,5,2962,1,1,74,148,297,0,0,0,0,0,0,0,0
10,6,1791,0,2,199,398,796,3,6,2459,1,12,133,266,533
9,4,2131,1,4,30,61,123,0,0,0,0,0,0,0,0
0,0,0,0,0,0,0,0,0,0,0,0,0,0,0,0
10,6,4095,1,0,136,272,545,0,0,0,0,0,0,0,0
9,4,3728,1,4,213,426,853,0,0,0,0,0,0,0,0
10,6,4095,1,0,30,60,121,0,0,0,0,0,0,0,0
10,5,3461,1,2,91,183,366,10,5,3019,0,0,99,198,396
10,5,2033,1,0,39,79,158,0,0,0,0,0,0,0,0
3,4,1000,1,15,11,23,46,0,0,0,0,0,0,0,0
3,6,2414,1,12,105,210,421,10,5,2412,0,2,84,168,337
8,4,1087,0,3,124,249,499,3,4,301,1,13,116,232,464
10,5,3683,0,0,50,101,202,0,0,0,0,0,0,0,0
10,5,4092,0,0,104,208,417,0,0,0,0,0,0,0,0
10,6,2937,1,1,32,64,129,10,4,604,0,2,10,20,41
0,0,0,0,0,0,0,0,0,0,0,0,0,0,0,0
3,6,2814,1,13,146,292,584,0,0,0,0,0,0,0,0
9,6,3989,1,3,213,427,855,8,4,91,0,5,218,437,874
10,6,4095,1,0,15,30,61,0,0,0,0,0,0,0,0
10,6,4095,1,0,114,228,457,9,6,1687,1,4,94,189,378
10,5,4047,0,0,164,328,657,0,0,0,0,0,0,0,0
10,5,1023,1,0,187,374,749,0,0,0,0,0,0,0,0
10,6,4095,1,0,115,230,461,0,0,0,0,0,0,0,0
10,6,4095,1,0,13,26,53,0,0,0,0,0,0,0,0
10,6,4095,1,0,156,312,625,0,0,0,0,0,0,0,0
10,5,2235,0,1,216,433,867,0,0,0,0,0,0,0,0
0,0,0,0,0,0,0,0,0,0,0,0,0,0,0,0
6,5,3772,0,6,190,380,761,0,0,0,0,0,0,0,0
10,6,4095,1,0,153,306,613,0,0,0,0,0,0,0,0
3,4,3920,1,12,65,131,263,0,0,0,0,0,0,0,0
10,5,478,0,1,69,138,277,0,0,0,0,0,0,0,0
10,6,4095,1,0,32,64,129,0,0,0,0,0,0,0,0
10,6,4095,1,0,93,186,373,0,0,0,0,0,0,0,0
10,6,4095,1,0,58,116,233,0,0,0,0,0,0,0,0
0,0,0,0,0,0,0,0,0,0,0,0,0,0,0,0
10,6,4095,1,0,71,142,285,0,0,0,0,0,0,0,0
0,0,0,0,0,0,0,0,0,0,0,0,0,0,0,0
0,0,0,0,0,0,0,0,0,0,0,0,0,0,0,0
10,6,3071,0,1,59,118,237,0,0,0,0,0,0,0,0
10,4,239,0,0,5,10,20,0,0,0,0,0,0,0,0
10,4,3760,0,0,107,215,431,2,4,754,0,13,99,199,398
10,4,2323,0,1,45,90,181,0,0,0,0,0,0,0,0
10,4,764,0,2,15,30,61,0,0,0,0,0,0,0,0
0,0,0,0,0,0,0,0,0,0,0,0,0,0,0,0
10,5,3059,0,1,44,88,177,0,0,0,0,0,0,0,0
8,6,3834,0,4,25,50,100,10,4,2258,1,0,37,74,149
10,6,4095,1,0,100,200,401,0,0,0,0,0,0,0,0
10,5,3752,1,1,58,116,233,0,0,0,0,0,0,0,0
4,5,3862,0,10,44,88,176,0,0,0,0,0,0,0,0
10,6,4095,1,0,74,148,297,0,0,0,0,0,0,0,0
10,5,637,0,0,85,170,341,7,5,1014,1,8,76,152,305
10,6,2986,1,0,148,296,593,0,0,0,0,0,0,0,0
10,6,4095,1,0,203,406,813,0,0,0,0,0,0,0,0
10,6,4095,1,0,141,282,565,0,0,0,0,0,0,0,0
6,6,1709,0,6,217,435,870,0,0,0,0,0,0,0,0
10,5,3903,0,0,56,112,225,0,0,0,0,0,0,0,0
10,6,4095,1,0,70,140,281,0,0,0,0,0,0,0,0
10,6,1495,0,1,212,424,848,0,0,0,0,0,0,0,0
10,6,2986,1,0,138,276,553,0,0,0,0,0,0,0,0
10,6,2810,1,0,48,97,194,0,0,0,0,0,0,0,0
10,6,4095,1,0,77,154,309,2,6,2731,0,14,61,123,246
0,0,0,0,0,0,0,0,0,0,0,0,0,0,0,0
10,5,3556,1,2,95,190,380,10,4,3324,1,0,103,206,413
0,0,0,0,0,0,0,0,0,0,0,0,0,0,0,0
10,6,1711,0,2,25,51,102,0,0,0,0,0,0,0,0
10,4,713,1,2,198,396,793,0,0,0,0,0,0,0,0
10,4,940,1,0,150,301,603,0,0,0,0,0,0,0,0
10,6,4095,1,0,163,326,653,0,0,0,0,0,0,0,0
6,6,2798,0,6,168,336,672,10,5,3723,0,0,211,423,847
10,4,1020,1,0,216,432,865,0,0,0,0,0,0,0,0
0,0,0,0,0,0,0,0,0,0,0,0,0,0,0,0
10,6,4095,1,0,57,114,229,0,0,0,0,0,0,0,0
10,6,3755,1,0,68,137,274,0,0,0,0,0,0,0,0
10,4,3135,1,0,65,130,261,0,0,0,0,0,0,0,0
10,6,4095,1,0,61,122,245,0,0,0,0,0,0,0,0
3,4,805,1,15,98,196,393,0,0,0,0,0,0,0,0
10,6,4095,1,0,22,44,89,0,0,0,0,0,0,0,0
10,4,239,0,0,119,238,476,0,0,0,0,0,0,0,0
10,4,2227,0,1,191,382,764,0,0,0,0,0,0,0,0
0,0,0,0,0,0,0,0,0,0,0,0,0,0,0,0
10,5,2996,1,1,168,336,673,0,0,0,0,0,0,0,0
10,6,4094,1,1,10,20,40,0,0,0,0,0,0,0,0
10,5,3327,1,0,116,232,465,0,0,0,0,0,0,0,0
10,5,3427,0,1,59,118,237,0,0,0,0,0,0,0,0
10,4,994,1,2,50,101,203,0,0,0,0,0,0,0,0
10,6,3754,1,1,52,104,209,0,0,0,0,0,0,0,0
2,6,1707,0,15,82,164,329,7,5,3025,1,8,108,217,434
9,6,3813,1,3,26,52,104,0,0,0,0,0,0,0,0
10,6,4095,1,0,206,412,825,0,0,0,0,0,0,0,0
10,5,3903,0,0,173,346,693,10,4,2736,0,2,183,366,732
10,5,2879,0,1,90,180,361,0,0,0,0,0,0,0,0
10,5,1023,1,0,36,72,145,0,0,0,0,0,0,0,0
10,6,4095,1,0,109,218,437,0,0,0,0,0,0,0,0
10,5,3791,0,0,17,34,69,0,0,0,0,0,0,0,0
10,5,4083,0,0,158,316,633,0,0,0,0,0,0,0,0
10,6,3002,1,0,192,385,770,0,0,0,0,0,0,0,0
10,4,3040,0,0,168,337,675,8,4,94,0,4,179,359,719
10,4,2190,0,0,134,269,538,0,0,0,0,0,0,0,0
10,6,3067,0,0,219,438,876,0,0,0,0,0,0,0,0
10,6,3055,0,0,132,264,528,0,0,0,0,0,0,0,0
6,5,3659,0,6,215,430,860,0,0,0,0,0,0,0,0
10,6,2794,1,0,142,285,570,0,0,0,0,0,0,0,0
10,5,3327,1,0,208,416,833,0,0,0,0,0,0,0,0
6,5,622,0,7,28,57,115,0,0,0,0,0,0,0,0
10,5,3327,1,0,109,218,437,0,0,0,0,0,0,0,0
10,6,4095,1,0,106,212,425,0,0,0,0,0,0,0,0
10,6,4095,1,0,23,46,93,0,0,0,0,0,0,0,0
10,5,4088,1,1,181,362,724,0,0,0,0,0,0,0,0
10,5,2788,1,1,188,376,752,0,0,0,0,0,0,0,0
10,6,2798,0,0,161,323,647,0,0,0,0,0,0,0,0
0,0,0,0,0,0,0,0,0,0,0,0,0,0,0,0
10,5,767,0,1,83,166,332,0,0,0,0,0,0,0,0
0,0,0,0,0,0,0,0,0,0,0,0,0,0,0,0
10,6,1499,0,2,116,232,465,8,6,3995,0,5,64,128,256
10,6,1630,0,1,32,64,128,10,4,2736,0,2,21,42,84
10,6,4095,1,0,3,6,13,0,0,0,0,0,0,0,0
10,6,1962,0,0,121,242,485,6,5,2412,0,8,108,217,435
10,6,3821,1,1,74,149,298,2,6,4075,0,12,60,121,243
10,4,186,1,0,74,149,298,0,0,0,0,0,0,0,0
0,0,0,0,0,0,0,0,0,0,0,0,0,0,0,0
4,5,447,0,9,107,214,428,0,0,0,0,0,0,0,0
10,6,4095,1,0,78,156,313,0,0,0,0,0,0,0,0
10,5,4047,0,0,47,94,189,0,0,0,0,0,0,0,0
10,5,3018,1,0,185,371,742,0,0,0,0,0,0,0,0
0,0,0,0,0,0,0,0,0,0,0,0,0,0,0,0
10,6,4095,1,0,186,372,745,0,0,0,0,0,0,0,0
10,6,2746,0,0,164,329,658,0,0,0,0,0,0,0,0
10,6,4079,1,0,83,166,332,0,0,0,0,0,0,0,0
10,5,4047,0,0,46,92,185,0,0,0,0,0,0,0,0
10,6,2667,0,1,59,118,237,0,0,0,0,0,0,0,0
10,6,4095,1,0,56,112,225,0,0,0,0,0,0,0,0
8,4,254,0,3,3,7,15,0,0,0,0,0,0,0,0
10,6,4023,1,1,121,243,487,0,0,0,0,0,0,0,0
10,6,2795,0,0,116,233,467,0,0,0,0,0,0,0,0
10,6,1630,0,1,147,294,588,10,5,1241,1,0,137,275,551
0,0,0,0,0,0,0,0,0,0,0,0,0,0,0,0
10,5,3018,1,0,193,387,774,0,0,0,0,0,0,0,0
0,0,0,0,0,0,0,0,0,0,0,0,0,0,0,0
0,0,0,0,0,0,0,0,0,0,0,0,0,0,0,0
10,4,975,0,0,64,128,257,0,0,0,0,0,0,0,0
8,5,3506,0,5,73,146,292,0,0,0,0,0,0,0,0
0,0,0,0,0,0,0,0,0,0,0,0,0,0,0,0
10,6,4095,1,0,209,418,837,0,0,0,0,0,0,0,0
6,5,1780,0,6,158,317,635,0,0,0,0,0,0,0,0
0,0,0,0,0,0,0,0,0,0,0,0,0,0,0,0
10,6,4027,1,0,169,338,676,0,0,0,0,0,0,0,0
10,6,2926,0,0,219,439,878,10,4,2508,0,2,143,286,572
9,4,302,1,3,149,299,599,3,4,4064,1,15,164,329,659
10,4,3552,1,0,146,292,585,0,0,0,0,0,0,0,0
10,6,2751,0,2,208,416,832,0,0,0,0,0,0,0,0
10,6,3755,1,0,144,289,578,0,0,0,0,0,0,0,0
0,0,0,0,0,0,0,0,0,0,0,0,0,0,0,0
2,4,1667,0,15,159,318,637,0,0,0,0,0,0,0,0
10,6,4095,1,0,69,138,277,0,0,0,0,0,0,0,0
10,6,4095,1,0,56,112,225,0,0,0,0,0,0,0,0
10,6,3002,1,0,21,43,86,0,0,0,0,0,0,0,0
10,6,4095,1,0,107,214,429,0,0,0,0,0,0,0,0
10,5,3782,1,2,113,226,453,8,5,3914,0,4,106,213,427
5,6,4069,1,9,31,63,127,0,0,0,0,0,0,0,0
10,6,2734,0,0,3,7,14,0,0,0,0,0,0,0,0
0,0,0,0,0,0,0,0,0,0,0,0,0,0,0,0
10,4,936,1,2,180,360,721,0,0,0,0,0,0,0,0
2,5,3227,0,12,153,307,614,0,0,0,0,0,0,0,0
10,5,4092,0,0,189,378,757,0,0,0,0,0,0,0,0
9,4,2764,1,3,151,303,607,0,0,0,0,0,0,0,0
0,0,0,0,0,0,0,0,0,0,0,0,0,0,0,0
10,6,2746,0,0,139,279,558,10,6,1981,0,0,194,389,778
10,6,4095,1,0,103,206,413,0,0,0,0,0,0,0,0
10,6,3834,1,1,22,45,91,0,0,0,0,0,0,0,0
10,6,3413,1,2,55,111,222,4,6,3065,0,11,62,125,250
2,6,1691,0,14,57,114,228,0,0,0,0,0,0,0,0
10,6,1983,0,2,206,412,824,0,0,0,0,0,0,0,0
9,4,455,1,4,155,311,623,0,0,0,0,0,0,0,0
9,6,4057,1,3,145,290,581,10,4,1290,0,1,150,301,603
0,0,0,0,0,0,0,0,0,0,0,0,0,0,0,0
10,6,2810,1,0,206,413,826,0,0,0,0,0,0,0,0
10,6,4095,1,0,67,134,269,10,4,190,1,0,32,65,131
10,6,4095,1,0,58,116,233,0,0,0,0,0,0,0,0
10,6,4010,1,1,110,221,442,0,0,0,0,0,0,0,0
10,6,1791,0,2,18,36,72,9,4,3908,1,4,11,23,46
10,6,4023,1,1,74,149,299,0,0,0,0,0,0,0,0
10,6,4095,1,0,41,82,165,0,0,0,0,0,0,0,0
0,0,0,0,0,0,0,0,0,0,0,0,0,0,0,0
10,5,3983,0,0,40,80,160,0,0,0,0,0,0,0,0
10,6,4090,1,1,87,175,351,10,5,1127,0,2,95,190,380
10,6,4095,1,0,107,214,429,0,0,0,0,0,0,0,0
10,6,4095,1,0,19,38,77,0,0,0,0,0,0,0,0
10,6,1374,0,2,79,158,316,0,0,0,0,0,0,0,0
10,6,4095,1,0,48,96,193,0,0,0,0,0,0,0,0
10,6,4094,1,1,137,274,548,0,0,0,0,0,0,0,0
10,6,4095,1,0,215,430,861,0,0,0,0,0,0,0,0
8,4,831,0,5,174,349,699,0,0,0,0,0,0,0,0
10,6,2670,0,0,168,336,673,0,0,0,0,0,0,0,0
10,5,1198,0,2,67,134,269,0,0,0,0,0,0,0,0
10,5,2618,0,0,58,117,234,0,0,0,0,0,0,0,0
8,4,175,0,3,134,269,538,0,0,0,0,0,0,0,0
0,0,0,0,0,0,0,0,0,0,0,0,0,0,0,0
10,4,4040,1,2,186,373,747,0,0,0,0,0,0,0,0
0,0,0,0,0,0,0,0,0,0,0,0,0,0,0,0
2,6,3007,0,14,39,78,156,0,0,0,0,0,0,0,0
10,6,4095,1,0,78,156,313,0,0,0,0,0,0,0,0
0,0,0,0,0,0,0,0,0,0,0,0,0,0,0,0
0,0,0,0,0,0,0,0,0,0,0,0,0,0,0,0
10,4,3040,0,0,187,375,751,0,0,0,0,0,0,0,0
3,5,439,1,12,45,91,182,10,4,936,1,2,87,174,349
10,4,569,1,1,140,280,561,0,0,0,0,0,0,0,0
8,6,2733,0,5,167,335,670,10,5,2583,0,0,175,350,700
10,6,2731,0,1,113,227,454,0,0,0,0,0,0,0,0
9,6,2647,1,5,6,13,26,0,0,0,0,0,0,0,0
10,6,4015,1,0,13,26,52,0,0,0,0,0,0,0,0
9,4,3408,1,4,169,339,679,0,0,0,0,0,0,0,0
10,4,314,0,1,170,340,681,0,0,0,0,0,0,0,0
10,6,4094,1,1,82,164,328,0,0,0,0,0,0,0,0
10,6,3818,1,1,46,93,186,0,0,0,0,0,0,0,0
10,6,2683,0,1,17,35,70,10,5,1854,0,1,30,61,123
0,0,0,0,0,0,0,0,0,0,0,0,0,0,0,0
0,0,0,0,0,0,0,0,0,0,0,0,0,0,0,0
10,6,2734,0,0,69,139,278,0,0,0,0,0,0,0,0
7,6,2793,1,7,55,111,223,0,0,0,0,0,0,0,0
10,6,3067,0,0,7,14,28,0,0,0,0,0,0,0,0
10,4,3155,1,0,5,10,21,0,0,0,0,0,0,0,0
10,6,4095,1,0,119,238,477,0,0,0,0,0,0,0,0
10,6,2811,0,1,176,353,707,0,0,0,0,0,0,0,0
10,5,4092,0,0,175,350,701,0,0,0,0,0,0,0,0
10,6,4095,1,0,116,232,465,0,0,0,0,0,0,0,0
10,6,4095,1,0,13,26,53,0,0,0,0,0,0,0,0
8,5,1147,0,3,192,384,769,0,0,0,0,0,0,0,0
10,5,3910,1,2,15,30,60,9,5,997,1,4,36,72,145
0,0,0,0,0,0,0,0,0,0,0,0,0,0,0,0
10,6,4095,1,0,144,288,577,0,0,0,0,0,0,0,0
9,5,1738,1,5,102,205,411,0,0,0,0,0,0,0,0
5,4,3716,1,9,92,184,369,0,0,0,0,0,0,0,0
9,6,2715,1,5,85,170,340,0,0,0,0,0,0,0,0
10,6,4095,1,0,41,82,165,0,0,0,0,0,0,0,0
10,6,2554,0,0,154,309,618,10,5,3162,1,1,148,296,592
10,6,4095,1,0,196,392,785,0,0,0,0,0,0,0,0
10,5,2622,0,0,139,279,559,0,0,0,0,0,0,0,0
8,5,411,0,3,204,408,816,0,0,0,0,0,0,0,0
10,6,2814,0,0,132,265,531,0,0,0,0,0,0,0,0
10,6,4095,1,0,217,434,869,0,0,0,0,0,0,0,0
10,6,4095,1,0,137,274,549,0,0,0,0,0,0,0,0
10,5,1990,1,0,166,332,665,3,4,575,1,12,146,292,584
7,5,922,1,7,172,345,691,8,5,2871,0,5,186,372,744
0,0,0,0,0,0,0,0,0,0,0,0,0,0,0,0
6,4,175,0,8,112,224,448,0,0,0,0,0,0,0,0
10,5,1649,0,0,5,11,23,3,5,4065,1,15,28,57,114
10,5,1023,1,0,109,218,437,0,0,0,0,0,0,0,0
10,5,3327,1,0,164,328,657,0,0,0,0,0,0,0,0
10,4,3024,1,2,202,404,808,0,0,0,0,0,0,0,0
7,6,4074,1,8,37,74,149,10,5,2618,0,0,27,55,110
10,5,746,1,0,102,205,410,0,0,0,0,0,0,0,0
3,5,2277,1,14,140,280,560,0,0,0,0,0,0,0,0
10,6,3819,1,0,122,245,491,0,0,0,0,0,0,0,0
10,5,3263,0,0,5,10,20,0,0,0,0,0,0,0,0
10,5,4083,0,0,3,6,13,0,0,0,0,0,0,0,0
10,6,4095,1,0,121,242,485,0,0,0,0,0,0,0,0
9,4,3536,1,3,29,59,118,0,0,0,0,0,0,0,0
0,0,0,0,0,0,0,0,0,0,0,0,0,0,0,0
10,6,2990,0,0,176,353,706,7,4,978,1,8,200,400,800
10,4,1020,1,0,183,366,733,0,0,0,0,0,0,0,0
10,6,4095,1,0,103,206,413,0,0,0,0,0,0,0,0
10,6,4095,1,0,26,52,105,0,0,0,0,0,0,0,0
10,6,4095,1,0,71,142,285,0,0,0,0,0,0,0,0
10,6,3071,0,1,58,116,233,0,0,0,0,0,0,0,0
10,6,4095,1,0,193,386,773,0,0,0,0,0,0,0,0
9,5,3355,1,5,167,334,668,2,5,943,0,14,155,311,623
10,6,1943,0,0,46,92,184,10,5,2788,1,1,78,156,312
10,6,2735,0,1,71,143,287,0,0,0,0,0,0,0,0
2,6,2731,0,14,26,53,106,7,5,3553,1,8,46,93,186
10,6,4095,1,0,92,184,369,0,0,0,0,0,0,0,0
10,5,1018,1,2,90,180,360,0,0,0,0,0,0,0,0
10,4,1011,0,0,39,78,157,0,0,0,0,0,0,0,0
2,5,2808,0,14,91,183,367,0,0,0,0,0,0,0,0
10,6,4095,1,0,27,54,109,0,0,0,0,0,0,0,0
0,0,0,0,0,0,0,0,0,0,0,0,0,0,0,0
10,6,4095,1,0,44,88,177,0,0,0,0,0,0,0,0
10,6,4095,1,0,81,162,325,0,0,0,0,0,0,0,0
0,0,0,0,0,0,0,0,0,0,0,0,0,0,0,0
10,5,2516,1,1,62,125,250,0,0,0,0,0,0,0,0
0,0,0,0,0,0,0,0,0,0,0,0,0,0,0,0
10,6,4095,1,0,103,206,413,0,0,0,0,0,0,0,0
10,5,1245,0,0,24,48,96,0,0,0,0,0,0,0,0
10,6,4095,1,0,97,194,389,0,0,0,0,0,0,0,0
2,6,1687,0,14,24,48,96,0,0,0,0,0,0,0,0
10,6,4095,1,0,161,322,645,0,0,0,0,0,0,0,0
10,5,1999,0,2,181,362,724,0,0,0,0,0,0,0,0
9,5,1351,1,3,61,122,245,0,0,0,0,0,0,0,0
10,6,4095,1,0,35,70,141,0,0,0,0,0,0,0,0
10,6,4095,1,0,115,230,461,0,0,0,0,0,0,0,0
10,5,3469,1,0,7,14,29,0,0,0,0,0,0,0,0
10,6,4095,1,0,10,20,41,0,0,0,0,0,0,0,0
8,5,1528,0,3,177,355,711,7,5,3569,1,7,183,367,735
0,0,0,0,0,0,0,0,0,0,0,0,0,0,0,0
10,5,935,1,0,149,299,598,0,0,0,0,0,0,0,0
0,0,0,0,0,0,0,0,0,0,0,0,0,0,0,0
9,5,1742,1,4,185,370,740,0,0,0,0,0,0,0,0
0,0,0,0,0,0,0,0,0,0,0,0,0,0,0,0
0,0,0,0,0,0,0,0,0,0,0,0,0,0,0,0
0,0,0,0,0,0,0,0,0,0,0,0,0,0,0,0
10,5,1269,1,0,119,238,476,0,0,0,0,0,0,0,0
0,0,0,0,0,0,0,0,0,0,0,0,0,0,0,0
10,6,4095,1,0,3,6,13,0,0,0,0,0,0,0,0
10,6,4095,1,0,121,242,485,0,0,0,0,0,0,0,0
10,4,3855,1,0,175,350,701,0,0,0,0,0,0,0,0
10,6,4095,1,0,177,354,709,0,0,0,0,0,0,0,0
10,6,4095,1,0,154,308,617,0,0,0,0,0,0,0,0
3,5,3492,1,15,179,359,719,2,4,2852,0,12,186,372,744
9,4,3664,1,5,81,163,327,0,0,0,0,0,0,0,0
10,6,4095,1,0,170,340,681,10,4,3275,1,0,181,362,724
10,6,4095,1,0,181,362,725,0,0,0,0,0,0,0,0
10,5,4083,0,0,23,46,93,0,0,0,0,0,0,0,0
8,5,3692,0,5,117,235,471,0,0,0,0,0,0,0,0
10,4,3628,1,0,144,289,579,0,0,0,0,0,0,0,0
10,6,2735,0,1,187,375,751,0,0,0,0,0,0,0,0
10,6,4014,1,1,153,307,615,0,0,0,0,0,0,0,0
0,0,0,0,0,0,0,0,0,0,0,0,0,0,0,0
8,6,1647,0,3,197,395,790,0,0,0,0,0,0,0,0
10,5,767,0,1,186,372,744,3,5,3901,1,14,198,397,795
10,5,3327,1,0,167,334,669,9,4,2226,1,5,156,312,624
10,6,2715,0,0,93,186,373,0,0,0,0,0,0,0,0
4,5,1468,0,10,28,56,113,5,5,1372,1,11,41,82,164
10,6,3071,0,1,14,28,57,0,0,0,0,0,0,0,0
10,6,4095,1,0,114,228,457,0,0,0,0,0,0,0,0
10,5,3327,1,0,168,336,673,0,0,0,0,0,0,0,0
10,5,1023,1,0,184,368,737,0,0,0,0,0,0,0,0
10,6,4095,1,0,91,182,365,0,0,0,0,0,0,0,0
10,4,255,0,0,155,310,621,0,0,0,0,0,0,0,0
0,0,0,0,0,0,0,0,0,0,0,0,0,0,0,0
10,6,4095,1,0,36,72,145,0,0,0,0,0,0,0,0
5,4,821,1,10,74,148,296,0,0,0,0,0,0,0,0
0,0,0,0,0,0,0,0,0,0,0,0,0,0,0,0
0,0,0,0,0,0,0,0,0,0,0,0,0,0,0,0
0,0,0,0,0,0,0,0,0,0,0,0,0,0,0,0
0,0,0,0,0,0,0,0,0,0,0,0,0,0,0,0
3,4,1810,1,13,194,388,777,0,0,0,0,0,0,0,0
0,0,0,0,0,0,0,0,0,0,0,0,0,0,0,0
0,0,0,0,0,0,0,0,0,0,0,0,0,0,0,0
0,0,0,0,0,0,0,0,0,0,0,0,0,0,0,0
10,4,826,1,2,202,405,811,0,0,0,0,0,0,0,0
10,6,4031,0,0,135,270,541,0,0,0,0,0,0,0,0
10,6,4095,1,0,216,432,865,0,0,0,0,0,0,0,0
9,6,3733,1,3,44,89,179,0,0,0,0,0,0,0,0
10,4,3855,1,0,84,168,337,0,0,0,0,0,0,0,0
10,6,1493,1,0,207,415,830,4,4,299,0,9,215,431,862
10,6,4095,1,0,143,286,573,0,0,0,0,0,0,0,0
7,6,3581,1,6,45,90,181,0,0,0,0,0,0,0,0
10,6,1877,1,1,93,187,374,0,0,0,0,0,0,0,0
10,6,2746,0,0,130,261,522,0,0,0,0,0,0,0,0
6,6,3007,0,7,196,393,786,7,4,1297,1,6,211,423,847
10,6,1785,1,0,146,292,585,0,0,0,0,0,0,0,0
9,6,1882,1,5,43,87,174,0,0,0,0,0,0,0,0
10,6,4095,1,0,85,170,341,0,0,0,0,0,0,0,0
10,4,191,0,2,9,18,36,0,0,0,0,0,0,0,0
10,6,4095,1,0,211,422,845,0,0,0,0,0,0,0,0
10,6,4095,1,0,139,278,557,0,0,0,0,0,0,0,0
10,6,4095,1,0,220,440,881,0,0,0,0,0,0,0,0
10,6,3754,1,1,132,264,529,0,0,0,0,0,0,0,0
10,6,4095,1,0,141,282,565,0,0,0,0,0,0,0,0
10,6,4095,1,0,211,422,845,0,0,0,0,0,0,0,0
2,4,3552,0,12,120,240,481,0,0,0,0,0,0,0,0
10,6,2986,1,0,9,18,37,0,0,0,0,0,0,0,0
10,6,4095,1,0,117,234,469,0,0,0,0,0,0,0,0
10,4,3891,0,0,31,62,125,0,0,0,0,0,0,0,0
10,6,4091,1,0,95,190,380,10,5,761,1,2,89,179,358
10,5,1018,1,2,159,318,636,0,0,0,0,0,0,0,0
10,5,4047,0,0,192,384,769,0,0,0,0,0,0,0,0
10,6,4095,1,0,9,18,37,0,0,0,0,0,0,0,0
10,6,4094,1,1,117,234,468,0,0,0,0,0,0,0,0
0,0,0,0,0,0,0,0,0,0,0,0,0,0,0,0
10,5,1934,0,1,178,357,714,0,0,0,0,0,0,0,0
7,5,4017,1,8,185,370,740,0,0,0,0,0,0,0,0
0,0,0,0,0,0,0,0,0,0,0,0,0,0,0,0
10,5,4092,0,0,56,112,225,0,0,0,0,0,0,0,0
10,6,1526,0,1,71,142,285,0,0,0,0,0,0,0,0
4,5,3862,0,10,142,284,568,0,0,0,0,0,0,0,0
10,6,4095,1,0,200,400,801,0,0,0,0,0,0,0,0
10,6,4095,1,0,115,230,461,0,0,0,0,0,0,0,0
8,6,1785,0,5,10,21,43,10,4,3362,1,0,16,32,65
10,6,4093,1,2,138,277,555,8,4,3334,0,4,113,226,453
10,5,3682,1,1,217,434,869,0,0,0,0,0,0,0,0
8,5,511,0,3,138,276,552,10,4,3134,1,1,133,266,532
10,5,2863,0,1,220,440,880,0,0,0,0,0,0,0,0
10,6,3737,1,2,18,36,72,0,0,0,0,0,0,0,0
10,6,4095,1,0,111,222,445,0,0,0,0,0,0,0,0
10,5,3903,0,0,175,350,701,0,0,0,0,0,0,0,0
10,6,4095,1,0,177,354,709,0,0,0,0,0,0,0,0
8,4,103,0,4,135,271,543,0,0,0,0,0,0,0,0
10,4,3135,1,0,213,426,853,0,0,0,0,0,0,0,0
10,4,171,0,2,215,430,861,0,0,0,0,0,0,0,0
10,6,4095,1,0,13,26,53,0,0,0,0,0,0,0,0
10,6,2774,1,1,209,418,836,0,0,0,0,0,0,0,0
10,4,3279,1,0,141,282,565,0,0,0,0,0,0,0,0
10,5,1006,1,1,28,56,112,0,0,0,0,0,0,0,0
10,5,3607,1,0,14,28,57,8,4,3400,0,4,29,58,117
2,5,3672,0,12,64,129,259,2,5,1355,0,15,75,150,300
9,6,2715,1,5,96,192,384,0,0,0,0,0,0,0,0
10,5,1814,1,0,30,61,123,0,0,0,0,0,0,0,0
0,0,0,0,0,0,0,0,0,0,0,0,0,0,0,0
10,6,4095,1,0,38,76,153,0,0,0,0,0,0,0,0
10,6,4095,1,0,88,176,353,0,0,0,0,0,0,0,0
10,6,4095,1,0,10,20,41,0,0,0,0,0,0,0,0
10,6,4095,1,0,119,238,477,0,0,0,0,0,0,0,0
10,6,4095,1,0,118,236,473,0,0,0,0,0,0,0,0
10,4,1011,0,0,8,16,33,0,0,0,0,0,0,0,0
10,6,4095,1,0,37,74,149,0,0,0,0,0,0,0,0
10,6,4095,1,0,88,176,353,0,0,0,0,0,0,0,0
10,6,4095,1,0,154,308,617,0,0,0,0,0,0,0,0
10,6,4094,1,1,197,394,788,0,0,0,0,0,0,0,0
10,5,3327,1,0,210,420,841,0,0,0,0,0,0,0,0
10,4,831,1,0,140,280,561,0,0,0,0,0,0,0,0
10,5,2732,0,1,19,39,79,0,0,0,0,0,0,0,0
10,6,4079,1,0,109,218,436,0,0,0,0,0,0,0,0
10,6,4095,1,0,150,300,601,0,0,0,0,0,0,0,0
5,6,1771,1,11,198,397,795,0,0,0,0,0,0,0,0
10,6,4095,1,0,109,218,437,0,0,0,0,0,0,0,0
10,6,4095,1,0,17,34,69,0,0,0,0,0,0,0,0
10,4,3315,0,0,108,216,433,0,0,0,0,0,0,0,0
10,6,4095,1,0,18,36,73,0,0,0,0,0,0,0,0
10,5,3059,0,1,185,370,741,9,4,1009,1,4,202,405,811
0,0,0,0,0,0,0,0,0,0,0,0,0,0,0,0
7,4,978,1,8,152,304,608,0,0,0,0,0,0,0,0
10,5,3883,1,0,62,125,251,9,5,2483,1,3,74,148,297
10,6,4095,1,0,35,70,141,0,0,0,0,0,0,0,0
9,5,1014,1,3,158,317,635,10,4,2189,1,0,144,288,577
10,4,2380,0,2,169,339,678,0,0,0,0,0,0,0,0
8,6,3690,0,5,99,199,398,7,5,919,1,6,105,211,423
9,4,4048,1,4,19,39,79,0,0,0,0,0,0,0,0
10,5,3064,0,0,29,58,116,0,0,0,0,0,0,0,0
10,5,766,0,0,107,214,428,0,0,0,0,0,0,0,0
10,6,4095,1,0,62,124,249,0,0,0,0,0,0,0,0
10,5,4083,0,0,63,126,253,0,0,0,0,0,0,0,0
0,0,0,0,0,0,0,0,0,0,0,0,0,0,0,0
10,6,2411,0,2,100,200,401,10,5,4002,1,1,117,235,470
0,0,0,0,0,0,0,0,0,0,0,0,0,0,0,0
10,6,3562,1,0,44,88,177,10,5,3692,1,0,32,65,130
0,0,0,0,0,0,0,0,0,0,0,0,0,0,0,0
10,6,4095,1,0,115,230,461,0,0,0,0,0,0,0,0
0,0,0,0,0,0,0,0,0,0,0,0,0,0,0,0
0,0,0,0,0,0,0,0,0,0,0,0,0,0,0,0
10,5,1486,0,2,169,339,678,10,4,2225,1,1,208,416,833
10,5,378,0,2,219,438,876,0,0,0,0,0,0,0,0
10,6,4095,1,0,82,164,329,0,0,0,0,0,0,0,0
10,6,4095,1,0,46,92,185,0,0,0,0,0,0,0,0
10,6,4074,1,2,14,29,59,0,0,0,0,0,0,0,0
10,6,4095,1,0,114,228,457,0,0,0,0,0,0,0,0
10,4,881,1,2,13,26,53,0,0,0,0,0,0,0,0
10,4,831,1,0,114,228,457,0,0,0,0,0,0,0,0
10,6,2490,0,0,69,138,277,0,0,0,0,0,0,0,0
10,6,3675,1,0,50,100,201,10,6,4095,1,0,60,120,241
10,6,4079,1,0,181,362,724,0,0,0,0,0,0,0,0
0,0,0,0,0,0,0,0,0,0,0,0,0,0,0,0
3,5,1656,1,12,184,368,737,10,4,4064,1,2,164,329,658
0,0,0,0,0,0,0,0,0,0,0,0,0,0,0,0
10,5,3247,0,0,103,206,412,0,0,0,0,0,0,0,0
10,6,4095,1,0,26,52,105,0,0,0,0,0,0,0,0
10,6,4095,1,0,174,348,697,0,0,0,0,0,0,0,0
3,5,2732,1,12,173,347,694,0,0,0,0,0,0,0,0
10,6,4095,1,0,177,354,709,0,0,0,0,0,0,0,0
10,5,1023,1,0,173,346,693,0,0,0,0,0,0,0,0
10,4,255,0,0,205,410,821,0,0,0,0,0,0,0,0
10,6,4094,1,1,145,290,580,0,0,0,0,0,0,0,0
0,0,0,0,0,0,0,0,0,0,0,0,0,0,0,0
10,6,4095,1,0,73,146,293,0,0,0,0,0,0,0,0
0,0,0,0,0,0,0,0,0,0,0,0,0,0,0,0
10,4,4080,0,0,173,346,693,0,0,0,0,0,0,0,0
10,5,4076,1,0,139,278,556,0,0,0,0,0,0,0,0
10,6,3007,0,1,161,322,644,0,0,0,0,0,0,0,0
5,6,2815,1,11,40,80,161,0,0,0,0,0,0,0,0
10,6,1754,0,0,202,404,808,0,0,0,0,0,0,0,0
10,6,1470,0,2,148,297,594,0,0,0,0,0,0,0,0
10,5,3836,0,0,114,228,457,0,0,0,0,0,0,0,0
10,5,2802,0,0,12,25,51,0,0,0,0,0,0,0,0
0,0,0,0,0,0,0,0,0,0,0,0,0,0,0,0
10,4,3315,0,0,218,436,873,0,0,0,0,0,0,0,0
10,6,3054,1,0,132,265,531,0,0,0,0,0,0,0,0
10,6,4095,1,0,33,66,133,0,0,0,0,0,0,0,0
10,5,4092,0,0,92,184,369,0,0,0,0,0,0,0,0
10,6,4078,1,1,60,121,243,0,0,0,0,0,0,0,0
10,6,4095,1,0,67,134,269,0,0,0,0,0,0,0,0
0,0,0,0,0,0,0,0,0,0,0,0,0,0,0,0
0,0,0,0,0,0,0,0,0,0,0,0,0,0,0,0
7,5,2788,1,7,150,301,603,0,0,0,0,0,0,0,0
10,6,2426,0,1,162,324,649,2,4,970,0,12,194,389,778
10,6,3835,0,0,181,362,724,0,0,0,0,0,0,0,0
10,6,4095,1,0,171,342,685,0,0,0,0,0,0,0,0
10,4,1208,0,2,192,385,770,0,0,0,0,0,0,0,0
6,6,2431,0,8,157,314,628,0,0,0,0,0,0,0,0
10,6,4091,1,0,89,178,356,0,0,0,0,0,0,0,0
10,6,2746,0,0,37,75,150,0,0,0,0,0,0,0,0
0,0,0,0,0,0,0,0,0,0,0,0,0,0,0,0
10,5,4083,0,0,63,126,253,0,0,0,0,0,0,0,0
10,6,4095,1,0,62,124,249,0,0,0,0,0,0,0,0
8,6,4015,0,5,112,224,449,3,6,2985,1,14,118,236,473
10,6,3774,1,0,14,29,59,0,0,0,0,0,0,0,0
10,6,4095,1,0,7,14,29,0,0,0,0,0,0,0,0
10,6,4095,1,0,3,6,13,0,0,0,0,0,0,0,0
10,6,3750,1,1,121,242,484,0,0,0,0,0,0,0,0
10,4,1094,0,1,89,179,358,9,4,2016,1,3,65,131,263
10,4,2187,0,1,31,63,126,0,0,0,0,0,0,0,0
10,6,4095,1,0,54,108,217,0,0,0,0,0,0,0,0
10,6,4095,1,0,56,112,225,0,0,0,0,0,0,0,0
10,5,4047,0,0,72,144,289,0,0,0,0,0,0,0,0
6,5,2703,0,7,24,48,97,0,0,0,0,0,0,0,0
10,6,4095,1,0,84,168,337,0,0,0,0,0,0,0,0
10,6,3753,1,2,42,84,168,6,5,3708,0,6,36,72,144
0,0,0,0,0,0,0,0,0,0,0,0,0,0,0,0
10,6,2015,0,1,167,335,671,0,0,0,0,0,0,0,0
10,6,3737,1,2,185,370,740,2,4,499,0,15,180,361,722
0,0,0,0,0,0,0,0,0,0,0,0,0,0,0,0
10,5,3043,0,0,189,378,756,0,0,0,0,0,0,0,0
10,6,4095,1,0,103,206,413,0,0,0,0,0,0,0,0
3,4,249,1,15,8,16,32,0,0,0,0,0,0,0,0
10,6,3823,0,0,22,44,88,0,0,0,0,0,0,0,0
10,6,4095,1,0,148,296,593,0,0,0,0,0,0,0,0
0,0,0,0,0,0,0,0,0,0,0,0,0,0,0,0
10,6,4095,1,0,204,408,817,0,0,0,0,0,0,0,0
10,5,1023,1,0,114,228,457,0,0,0,0,0,0,0,0
10,6,4095,1,0,14,28,57,0,0,0,0,0,0,0,0
10,6,2414,0,1,217,434,869,0,0,0,0,0,0,0,0
9,6,3993,1,3,135,270,540,0,0,0,0,0,0,0,0
10,6,2391,0,1,206,413,827,9,6,3823,1,5,218,437,874
10,5,3631,0,0,90,180,360,0,0,0,0,0,0,0,0
10,6,4095,1,0,36,72,145,10,6,3758,1,0,134,269,538
10,5,4047,0,0,132,264,529,0,0,0,0,0,0,0,0
0,0,0,0,0,0,0,0,0,0,0,0,0,0,0,0
10,6,4095,1,0,215,430,861,0,0,0,0,0,0,0,0
0,0,0,0,0,0,0,0,0,0,0,0,0,0,0,0
10,6,4014,1,1,156,313,627,10,6,3753,1,2,166,332,664
7,6,2794,1,6,193,386,772,10,5,693,1,2,78,156,312
0,0,0,0,0,0,0,0,0,0,0,0,0,0,0,0
10,4,255,0,0,213,426,853,0,0,0,0,0,0,0,0
10,6,4095,1,0,181,362,725,10,5,703,0,2,196,392,784
10,5,3327,1,0,171,342,685,0,0,0,0,0,0,0,0
10,5,4092,0,0,65,130,261,0,0,0,0,0,0,0,0
2,6,2731,0,14,38,77,154,3,6,3757,1,14,76,153,306
9,5,3605,1,3,87,175,351,2,4,2094,0,13,94,189,378
10,5,3194,1,0,38,77,154,0,0,0,0,0,0,0,0
10,6,3071,0,1,170,340,681,0,0,0,0,0,0,0,0
10,6,4095,1,0,182,364,729,0,0,0,0,0,0,0,0
10,5,3512,0,0,123,247,494,0,0,0,0,0,0,0,0
10,6,4095,1,0,7,14,29,0,0,0,0,0,0,0,0
0,0,0,0,0,0,0,0,0,0,0,0,0,0,0,0
10,4,3135,1,0,122,244,489,0,0,0,0,0,0,0,0
10,6,4095,1,0,38,76,153,9,5,2964,1,3,30,61,122
10,6,4095,1,0,87,174,349,0,0,0,0,0,0,0,0
10,6,2794,1,0,122,245,490,0,0,0,0,0,0,0,0
10,6,3758,1,0,4,9,18,0,0,0,0,0,0,0,0
10,5,762,1,0,118,237,475,0,0,0,0,0,0,0,0
0,0,0,0,0,0,0,0,0,0,0,0,0,0,0,0
0,0,0,0,0,0,0,0,0,0,0,0,0,0,0,0
9,5,2899,1,5,9,19,39,0,0,0,0,0,0,0,0
10,5,3898,1,1,153,307,615,10,4,570,1,0,86,173,346
10,5,762,1,0,179,359,719,9,5,2024,1,4,191,382,765
10,4,187,0,1,114,229,459,0,0,0,0,0,0,0,0
10,6,4095,1,0,53,106,213,0,0,0,0,0,0,0,0
10,5,3241,1,2,76,152,305,10,5,1589,1,0,101,203,407
10,5,3323,1,0,123,246,492,0,0,0,0,0,0,0,0
10,5,767,0,1,131,262,524,0,0,0,0,0,0,0,0
10,4,988,1,1,12,25,51,0,0,0,0,0,0,0,0
2,5,3058,0,12,214,429,859,0,0,0,0,0,0,0,0
0,0,0,0,0,0,0,0,0,0,0,0,0,0,0,0
10,6,1758,0,1,52,104,209,0,0,0,0,0,0,0,0
10,6,4095,1,0,108,216,433,0,0,0,0,0,0,0,0
9,6,2429,1,5,145,291,583,0,0,0,0,0,0,0,0
10,4,659,0,1,203,406,813,0,0,0,0,0,0,0,0
10,6,2746,0,0,23,47,94,0,0,0,0,0,0,0,0
4,6,1391,0,9,92,185,371,0,0,0,0,0,0,0,0
10,6,4095,1,0,91,182,365,0,0,0,0,0,0,0,0
10,6,2715,0,0,34,68,137,0,0,0,0,0,0,0,0
10,5,686,0,0,174,349,698,0,0,0,0,0,0,0,0
10,6,4095,1,0,177,354,709,0,0,0,0,0,0,0,0
10,6,4095,1,0,187,374,749,0,0,0,0,0,0,0,0
10,6,4095,1,0,163,326,653,0,0,0,0,0,0,0,0
10,5,3902,1,1,187,374,748,0,0,0,0,0,0,0,0
7,5,1003,1,6,153,307,614,0,0,0,0,0,0,0,0
0,0,0,0,0,0,0,0,0,0,0,0,0,0,0,0
0,0,0,0,0,0,0,0,0,0,0,0,0,0,0,0
10,6,4095,1,0,154,308,617,0,0,0,0,0,0,0,0
10,6,4074,1,2,198,397,795,0,0,0,0,0,0,0,0
10,6,4095,1,0,71,142,285,0,0,0,0,0,0,0,0
10,5,1023,1,0,58,116,233,0,0,0,0,0,0,0,0
10,4,4080,0,0,37,74,149,0,0,0,0,0,0,0,0
10,6,4095,1,0,89,178,357,0,0,0,0,0,0,0,0
10,5,1023,1,0,14,28,57,0,0,0,0,0,0,0,0
10,4,4064,1,2,113,227,454,0,0,0,0,0,0,0,0
10,6,4095,1,0,66,132,265,0,0,0,0,0,0,0,0
10,6,4095,1,0,62,124,249,0,0,0,0,0,0,0,0
10,6,2799,0,1,51,102,204,0,0,0,0,0,0,0,0
8,6,2037,0,4,78,157,314,8,4,2800,0,3,106,213,426
10,6,4095,1,0,69,138,277,0,0,0,0,0,0,0,0
10,5,3643,0,0,60,120,240,0,0,0,0,0,0,0,0
10,5,3883,1,0,36,73,147,0,0,0,0,0,0,0,0
9,6,3925,1,3,83,167,335,3,6,3775,1,12,94,188,376
10,6,4095,1,0,105,210,421,0,0,0,0,0,0,0,0
10,6,4095,1,0,23,46,93,0,0,0,0,0,0,0,0
10,6,4095,1,0,32,64,129,0,0,0,0,0,0,0,0
10,6,4095,1,0,96,192,385,10,4,122,0,1,108,216,433
10,6,4079,1,0,151,302,604,7,6,3990,1,8,176,353,707
10,6,4095,1,0,201,402,805,0,0,0,0,0,0,0,0
10,6,3055,0,0,162,324,648,0,0,0,0,0,0,0,0
10,6,4095,1,0,189,378,757,0,0,0,0,0,0,0,0
8,5,3787,0,5,97,194,389,8,5,4039,0,4,108,216,433
0,0,0,0,0,0,0,0,0,0,0,0,0,0,0,0
10,6,4095,1,0,22,44,89,0,0,0,0,0,0,0,0
10,6,4095,1,0,31,62,125,0,0,0,0,0,0,0,0
10,6,4095,1,0,98,196,393,0,0,0,0,0,0,0,0
9,6,1983,1,3,154,309,618,10,5,2893,1,0,176,352,705
0,0,0,0,0,0,0,0,0,0,0,0,0,0,0,0
9,5,1017,1,4,206,413,827,0,0,0,0,0,0,0,0
10,6,4095,1,0,50,100,201,0,0,0,0,0,0,0,0
10,6,3945,1,2,74,148,296,0,0,0,0,0,0,0,0
10,5,1023,1,0,92,184,369,0,0,0,0,0,0,0,0
10,6,3754,1,1,35,70,141,0,0,0,0,0,0,0,0
0,0,0,0,0,0,0,0,0,0,0,0,0,0,0,0
3,5,1001,1,15,31,63,126,0,0,0,0,0,0,0,0
10,6,4091,1,0,113,226,452,0,0,0,0,0,0,0,0
0,0,0,0,0,0,0,0,0,0,0,0,0,0,0,0
10,5,2702,0,0,80,161,322,10,4,462,0,1,74,149,298
10,6,4075,1,0,49,98,196,0,0,0,0,0,0,0,0
10,6,2747,0,1,60,121,243,0,0,0,0,0,0,0,0
10,6,4031,0,0,68,136,273,9,5,1847,1,4,62,124,249
10,6,4095,1,0,137,274,549,0,0,0,0,0,0,0,0
10,5,4092,0,0,214,428,857,0,0,0,0,0,0,0,0
0,0,0,0,0,0,0,0,0,0,0,0,0,0,0,0
0,0,0,0,0,0,0,0,0,0,0,0,0,0,0,0
3,4,190,1,13,120,241,483,0,0,0,0,0,0,0,0
0,0,0,0,0,0,0,0,0,0,0,0,0,0,0,0
10,5,4047,0,0,51,102,205,0,0,0,0,0,0,0,0
10,6,4095,1,0,170,340,681,0,0,0,0,0,0,0,0
10,5,4092,0,0,180,360,721,0,0,0,0,0,0,0,0
10,4,3040,0,0,80,161,323,0,0,0,0,0,0,0,0
10,6,2970,1,0,55,110,221,0,0,0,0,0,0,0,0
10,5,3327,1,0,92,184,369,0,0,0,0,0,0,0,0
10,6,4030,1,0,100,200,400,0,0,0,0,0,0,0,0
10,6,2815,0,1,29,58,116,0,0,0,0,0,0,0,0
10,6,4091,1,0,106,212,424,0,0,0,0,0,0,0,0
10,5,2803,0,1,20,40,80,0,0,0,0,0,0,0,0
10,5,2955,0,0,198,397,795,0,0,0,0,0,0,0,0
10,6,2750,0,0,143,287,575,10,6,3943,1,1,161,322,645
6,5,670,0,6,217,435,871,0,0,0,0,0,0,0,0
0,0,0,0,0,0,0,0,0,0,0,0,0,0,0,0
10,4,2500,1,1,39,79,159,0,0,0,0,0,0,0,0
9,5,1182,1,4,112,225,451,0,0,0,0,0,0,0,0
5,4,3876,1,9,178,357,715,4,4,822,0,11,190,381,762
10,5,2223,0,1,5,11,23,10,5,4042,1,1,82,165,331
0,0,0,0,0,0,0,0,0,0,0,0,0,0,0,0
10,6,3070,1,0,135,270,540,0,0,0,0,0,0,0,0
10,6,4074,1,2,170,341,683,0,0,0,0,0,0,0,0
10,6,3071,0,1,179,358,717,0,0,0,0,0,0,0,0
0,0,0,0,0,0,0,0,0,0,0,0,0,0,0,0
10,6,2986,1,0,92,184,369,0,0,0,0,0,0,0,0
10,6,3774,1,0,33,67,135,0,0,0,0,0,0,0,0
3,5,766,1,14,120,240,480,0,0,0,0,0,0,0,0
0,0,0,0,0,0,0,0,0,0,0,0,0,0,0,0
10,5,943,0,0,28,56,112,0,0,0,0,0,0,0,0
3,4,1488,1,12,151,302,605,0,0,0,0,0,0,0,0
10,6,4095,1,0,46,92,185,0,0,0,0,0,0,0,0
10,6,4095,1,0,80,160,321,0,0,0,0,0,0,0,0
10,6,4095,1,0,48,96,193,0,0,0,0,0,0,0,0
8,4,3219,0,5,28,56,112,0,0,0,0,0,0,0,0
10,6,2971,0,0,55,111,222,7,5,2887,1,6,63,127,255
0,0,0,0,0,0,0,0,0,0,0,0,0,0,0,0
10,6,4095,1,0,8,16,33,5,4,691,1,11,21,42,84
10,5,4083,0,0,117,234,469,0,0,0,0,0,0,0,0
10,5,3626,1,1,14,29,58,10,4,190,1,0,137,275,551
3,4,3920,1,12,7,15,31,3,4,254,1,15,18,36,73
10,6,2815,0,1,113,226,452,5,5,1001,1,9,119,238,476
10,6,4010,1,1,50,101,202,0,0,0,0,0,0,0,0
10,6,4095,1,0,76,152,305,0,0,0,0,0,0,0,0
10,6,4095,1,0,46,92,185,0,0,0,0,0,0,0,0
10,6,3759,0,0,82,165,331,0,0,0,0,0,0,0,0
10,4,2400,1,0,184,369,739,0,0,0,0,0,0,0,0
10,6,2735,0,1,175,351,703,0,0,0,0,0,0,0,0
10,5,4047,0,0,51,102,205,0,0,0,0,0,0,0,0
10,5,4092,0,0,77,154,309,0,0,0,0,0,0,0,0
10,4,2571,0,1,62,125,250,0,0,0,0,0,0,0,0
10,5,2234,0,0,65,131,262,0,0,0,0,0,0,0,0
8,4,1139,0,3,94,189,378,0,0,0,0,0,0,0,0
10,6,3766,1,1,21,42,85,10,6,4023,1,1,29,59,119
10,5,4047,0,0,103,206,413,0,0,0,0,0,0,0,0
10,5,2303,0,1,178,356,713,0,0,0,0,0,0,0,0
0,0,0,0,0,0,0,0,0,0,0,0,0,0,0,0
10,5,3307,1,0,173,347,695,2,4,1712,0,15,159,318,636
10,6,4095,1,0,188,376,753,0,0,0,0,0,0,0,0
10,6,3071,0,1,163,326,653,0,0,0,0,0,0,0,0
10,6,4095,1,0,113,226,453,10,5,1214,0,2,121,243,486
10,6,4095,1,0,13,26,53,0,0,0,0,0,0,0,0
10,5,3197,1,1,122,245,490,0,0,0,0,0,0,0,0
10,6,2751,0,2,30,60,120,0,0,0,0,0,0,0,0
10,5,1023,1,0,99,198,397,0,0,0,0,0,0,0,0
10,5,4047,0,0,212,424,849,9,4,301,1,4,203,407,814
10,5,3327,1,0,140,280,561,10,5,2383,0,2,153,307,614
10,5,2614,1,0,220,440,881,0,0,0,0,0,0,0,0
10,5,3548,1,0,96,193,386,10,4,1316,0,0,101,203,406
10,5,3327,1,0,167,334,669,0,0,0,0,0,0,0,0
10,6,4095,1,0,185,370,741,0,0,0,0,0,0,0,0
0,0,0,0,0,0,0,0,0,0,0,0,0,0,0,0
10,5,3903,0,0,108,216,433,0,0,0,0,0,0,0,0
7,5,4042,1,8,9,18,37,0,0,0,0,0,0,0,0
10,5,3327,1,0,47,94,189,0,0,0,0,0,0,0,0
10,6,4095,1,0,78,156,313,0,0,0,0,0,0,0,0
10,6,4095,1,0,77,154,309,0,0,0,0,0,0,0,0
10,6,4095,1,0,50,100,201,0,0,0,0,0,0,0,0
10,5,1023,1,0,14,28,57,0,0,0,0,0,0,0,0
0,0,0,0,0,0,0,0,0,0,0,0,0,0,0,0
0,0,0,0,0,0,0,0,0,0,0,0,0,0,0,0
9,5,670,1,4,205,411,823,0,0,0,0,0,0,0,0
2,4,1888,0,14,189,378,756,0,0,0,0,0,0,0,0
6,5,2419,0,8,151,302,604,0,0,0,0,0,0,0,0
10,5,1023,1,0,152,304,609,2,4,3155,0,12,145,290,580
0,0,0,0,0,0,0,0,0,0,0,0,0,0,0,0
10,6,1431,0,2,14,29,59,0,0,0,0,0,0,0,0
10,6,4095,1,0,20,40,81,0,0,0,0,0,0,0,0
8,5,1423,0,3,4,9,18,10,4,356,0,0,9,19,38
6,5,3358,0,6,88,177,354,0,0,0,0,0,0,0,0
10,6,4095,1,0,43,86,173,0,0,0,0,0,0,0,0
10,5,3359,0,1,78,157,314,0,0,0,0,0,0,0,0
10,6,4095,1,0,94,188,377,0,0,0,0,0,0,0,0
10,5,4083,0,0,34,68,137,0,0,0,0,0,0,0,0
10,6,2746,0,0,52,105,210,0,0,0,0,0,0,0,0
10,4,907,1,0,116,233,467,0,0,0,0,0,0,0,0
10,6,4095,1,0,71,142,285,0,0,0,0,0,0,0,0
0,0,0,0,0,0,0,0,0,0,0,0,0,0,0,0
10,6,4095,1,0,154,308,617,0,0,0,0,0,0,0,0
2,6,2750,0,14,215,431,862,0,0,0,0,0,0,0,0
10,6,4095,1,0,213,426,853,0,0,0,0,0,0,0,0
0,0,0,0,0,0,0,0,0,0,0,0,0,0,0,0
10,5,4047,0,0,137,274,549,0,0,0,0,0,0,0,0
10,6,4094,1,1,212,424,848,0,0,0,0,0,0,0,0
9,6,1790,1,4,146,292,585,0,0,0,0,0,0,0,0
10,6,4095,1,0,139,278,557,0,0,0,0,0,0,0,0
10,4,4080,0,0,165,330,661,0,0,0,0,0,0,0,0
10,5,4092,0,0,185,370,741,10,4,2311,0,1,191,382,764
10,6,4095,1,0,81,162,325,0,0,0,0,0,0,0,0
10,6,4095,1,0,45,90,181,0,0,0,0,0,0,0,0
10,6,3822,1,0,188,377,755,0,0,0,0,0,0,0,0
10,6,1983,0,2,163,326,652,7,4,980,1,6,12,25,51
0,0,0,0,0,0,0,0,0,0,0,0,0,0,0,0
0,0,0,0,0,0,0,0,0,0,0,0,0,0,0,0
0,0,0,0,0,0,0,0,0,0,0,0,0,0,0,0
10,6,4095,1,0,103,206,413,0,0,0,0,0,0,0,0
10,6,4095,1,0,26,52,105,0,0,0,0,0,0,0,0
10,6,3055,0,0,45,90,180,0,0,0,0,0,0,0,0
10,4,235,0,0,62,125,251,0,0,0,0,0,0,0,0
2,4,167,0,14,133,266,532,0,0,0,0,0,0,0,0
8,4,2544,0,4,191,382,765,0,0,0,0,0,0,0,0
0,0,0,0,0,0,0,0,0,0,0,0,0,0,0,0
0,0,0,0,0,0,0,0,0,0,0,0,0,0,0,0
10,6,4095,1,0,175,350,701,0,0,0,0,0,0,0,0
0,0,0,0,0,0,0,0,0,0,0,0,0,0,0,0
10,4,4080,0,0,74,148,297,0,0,0,0,0,0,0,0
0,0,0,0,0,0,0,0,0,0,0,0,0,0,0,0
10,5,2607,0,1,166,333,667,0,0,0,0,0,0,0,0
2,4,251,0,12,211,422,844,0,0,0,0,0,0,0,0
0,0,0,0,0,0,0,0,0,0,0,0,0,0,0,0
0,0,0,0,0,0,0,0,0,0,0,0,0,0,0,0
0,0,0,0,0,0,0,0,0,0,0,0,0,0,0,0
0,0,0,0,0,0,0,0,0,0,0,0,0,0,0,0
10,6,4095,1,0,68,136,273,0,0,0,0,0,0,0,0
10,5,1396,0,1,190,381,763,10,4,881,1,2,90,180,361
10,6,4095,1,0,149,298,597,0,0,0,0,0,0,0,0
10,6,4095,1,0,201,402,805,0,0,0,0,0,0,0,0
10,6,4095,1,0,83,166,333,0,0,0,0,0,0,0,0
10,6,4095,1,0,45,90,181,0,0,0,0,0,0,0,0
10,5,3323,1,0,162,324,648,0,0,0,0,0,0,0,0
10,5,1829,1,1,188,377,755,0,0,0,0,0,0,0,0
10,5,3327,1,0,76,152,305,0,0,0,0,0,0,0,0
10,6,3775,0,0,53,106,212,0,0,0,0,0,0,0,0
10,6,3775,0,0,149,298,596,0,0,0,0,0,0,0,0
10,6,4095,1,0,203,406,813,0,0,0,0,0,0,0,0
7,4,2106,1,6,148,296,593,0,0,0,0,0,0,0,0
10,6,2990,0,0,192,385,770,0,0,0,0,0,0,0,0
10,6,4095,1,0,146,292,585,0,0,0,0,0,0,0,0
10,6,4095,1,0,204,408,817,0,0,0,0,0,0,0,0
10,6,4090,1,1,144,289,579,0,0,0,0,0,0,0,0
10,6,4095,1,0,207,414,829,0,0,0,0,0,0,0,0
10,6,4095,1,0,118,236,473,0,0,0,0,0,0,0,0
10,6,3007,0,1,11,22,44,0,0,0,0,0,0,0,0
10,6,4095,1,0,164,328,657,0,0,0,0,0,0,0,0
0,0,0,0,0,0,0,0,0,0,0,0,0,0,0,0
6,5,3747,0,6,185,370,741,8,5,3405,0,5,197,395,790
10,6,4095,1,0,67,134,269,0,0,0,0,0,0,0,0
10,5,1019,1,0,61,122,244,0,0,0,0,0,0,0,0
10,5,4047,0,0,77,154,309,0,0,0,0,0,0,0,0
0,0,0,0,0,0,0,0,0,0,0,0,0,0,0,0
10,6,3675,1,0,50,100,201,0,0,0,0,0,0,0,0
10,6,4095,1,0,10,20,41,0,0,0,0,0,0,0,0
10,5,4082,1,1,118,236,472,0,0,0,0,0,0,0,0
10,5,3745,1,2,116,232,464,0,0,0,0,0,0,0,0
0,0,0,0,0,0,0,0,0,0,0,0,0,0,0,0
10,6,4095,1,0,13,26,53,0,0,0,0,0,0,0,0
10,5,2757,1,2,211,423,847,0,0,0,0,0,0,0,0
10,6,1465,0,0,140,280,560,7,4,814,1,7,133,267,534
0,0,0,0,0,0,0,0,0,0,0,0,0,0,0,0
10,5,4067,1,0,213,426,852,0,0,0,0,0,0,0,0
10,5,4047,0,0,137,274,549,10,5,1743,0,2,147,294,588
2,6,4011,0,13,214,429,859,0,0,0,0,0,0,0,0
4,4,3892,0,11,142,285,570,0,0,0,0,0,0,0,0
10,6,1893,1,1,189,379,759,7,6,2681,1,6,201,403,806
9,5,3881,1,3,164,328,657,6,5,1149,0,7,175,351,702
10,6,4095,1,0,186,372,745,0,0,0,0,0,0,0,0
0,0,0,0,0,0,0,0,0,0,0,0,0,0,0,0
10,5,3625,1,2,168,336,672,0,0,0,0,0,0,0,0
6,5,2763,0,7,169,338,677,0,0,0,0,0,0,0,0
10,6,3737,1,2,179,358,716,9,4,660,1,3,184,369,738
10,6,2789,1,2,202,404,808,8,6,3034,0,4,194,389,779
10,6,4095,1,0,174,348,697,0,0,0,0,0,0,0,0
10,5,3903,0,0,178,356,713,0,0,0,0,0,0,0,0
10,5,703,0,2,203,406,812,10,4,3424,1,2,196,393,786
9,4,809,1,3,142,284,569,0,0,0,0,0,0,0,0
10,6,2734,0,0,136,273,546,0,0,0,0,0,0,0,0
0,0,0,0,0,0,0,0,0,0,0,0,0,0,0,0
10,6,2533,1,1,158,317,635,10,4,3619,0,0,166,333,667
9,5,1007,1,5,201,403,807,0,0,0,0,0,0,0,0
10,6,3051,0,0,53,107,215,0,0,0,0,0,0,0,0
10,6,4095,1,0,72,144,289,0,0,0,0,0,0,0,0
10,6,3822,1,0,70,141,283,0,0,0,0,0,0,0,0
7,4,3920,1,6,99,198,396,0,0,0,0,0,0,0,0
0,0,0,0,0,0,0,0,0,0,0,0,0,0,0,0
9,4,1922,1,5,23,47,95,2,4,2594,0,13,30,60,120
0,0,0,0,0,0,0,0,0,0,0,0,0,0,0,0
10,6,4095,1,0,144,288,577,0,0,0,0,0,0,0,0
10,6,3002,1,0,206,413,826,0,0,0,0,0,0,0,0
10,6,4074,1,2,206,413,827,8,5,3302,0,3,200,401,803
10,6,4077,1,2,142,285,570,0,0,0,0,0,0,0,0
0,0,0,0,0,0,0,0,0,0,0,0,0,0,0,0
0,0,0,0,0,0,0,0,0,0,0,0,0,0,0,0
0,0,0,0,0,0,0,0,0,0,0,0,0,0,0,0
10,5,1023,1,0,157,314,629,0,0,0,0,0,0,0,0
10,4,3980,1,0,87,174,348,0,0,0,0,0,0,0,0
8,4,732,0,5,88,176,352,3,4,3597,1,14,67,135,270
10,6,3839,0,0,48,96,193,0,0,0,0,0,0,0,0
10,6,4095,1,0,61,122,245,0,0,0,0,0,0,0,0
10,6,4095,1,0,65,130,261,0,0,0,0,0,0,0,0
3,4,3744,1,15,29,58,117,0,0,0,0,0,0,0,0
10,6,2990,0,0,86,173,346,0,0,0,0,0,0,0,0
0,0,0,0,0,0,0,0,0,0,0,0,0,0,0,0
10,6,4095,1,0,64,128,257,0,0,0,0,0,0,0,0
10,6,4095,1,0,62,124,249,0,0,0,0,0,0,0,0
0,0,0,0,0,0,0,0,0,0,0,0,0,0,0,0
10,6,4095,1,0,166,332,665,0,0,0,0,0,0,0,0
5,4,229,1,11,123,246,492,0,0,0,0,0,0,0,0
9,6,3035,1,5,162,324,649,10,4,1888,0,0,52,104,209
10,6,4095,1,0,82,164,329,0,0,0,0,0,0,0,0
10,6,4095,1,0,14,28,57,0,0,0,0,0,0,0,0
10,5,4083,0,0,111,222,445,0,0,0,0,0,0,0,0
10,6,2751,0,2,65,130,260,10,5,1023,1,0,78,156,313
10,6,4095,1,0,62,124,249,7,5,998,1,8,95,190,380
10,6,4095,1,0,8,16,33,0,0,0,0,0,0,0,0
10,6,4095,1,0,117,234,469,0,0,0,0,0,0,0,0
0,0,0,0,0,0,0,0,0,0,0,0,0,0,0,0
10,6,2987,0,0,40,81,163,0,0,0,0,0,0,0,0
10,6,4095,1,0,98,196,393,0,0,0,0,0,0,0,0
0,0,0,0,0,0,0,0,0,0,0,0,0,0,0,0
8,4,1732,0,5,160,321,642,0,0,0,0,0,0,0,0
10,5,2603,0,1,122,245,490,0,0,0,0,0,0,0,0
9,5,3427,1,4,51,102,204,0,0,0,0,0,0,0,0
10,6,4095,1,0,78,156,313,0,0,0,0,0,0,0,0
10,6,4095,1,0,202,404,809,0,0,0,0,0,0,0,0
0,0,0,0,0,0,0,0,0,0,0,0,0,0,0,0
9,4,3172,1,3,135,271,543,10,4,3628,1,0,164,329,659
10,6,3054,1,0,219,439,879,0,0,0,0,0,0,0,0
8,4,1776,0,5,57,115,231,0,0,0,0,0,0,0,0
10,6,4095,1,0,70,140,281,10,5,2984,1,0,92,184,369
10,5,3327,1,0,195,390,781,0,0,0,0,0,0,0,0
9,4,125,1,5,172,345,691,0,0,0,0,0,0,0,0
10,6,4095,1,0,89,178,357,0,0,0,0,0,0,0,0
3,5,3668,1,15,52,104,209,0,0,0,0,0,0,0,0
2,6,1627,0,15,109,218,436,6,5,3399,0,6,98,197,394
10,5,2295,0,0,132,265,531,10,5,886,1,1,138,276,553
0,0,0,0,0,0,0,0,0,0,0,0,0,0,0,0
10,6,3839,0,0,63,126,253,0,0,0,0,0,0,0,0
10,4,3016,1,0,77,155,311,0,0,0,0,0,0,0,0
10,6,4095,1,0,73,146,293,0,0,0,0,0,0,0,0
10,4,1988,1,0,91,182,364,2,4,1731,0,15,30,61,122
10,6,4079,1,0,75,150,300,0,0,0,0,0,0,0,0
10,6,4095,1,0,53,106,213,0,0,0,0,0,0,0,0
7,6,3050,1,6,48,96,193,8,5,3385,0,4,36,73,146
10,6,3054,1,0,110,221,443,0,0,0,0,0,0,0,0
10,6,2985,1,1,219,438,876,2,5,4003,0,12,214,429,859
9,4,190,1,5,148,296,593,0,0,0,0,0,0,0,0
10,6,4095,1,0,219,438,877,0,0,0,0,0,0,0,0
0,0,0,0,0,0,0,0,0,0,0,0,0,0,0,0
8,4,3164,0,4,191,383,766,0,0,0,0,0,0,0,0
10,5,3903,0,0,29,58,117,0,0,0,0,0,0,0,0
10,6,2810,1,0,96,193,386,0,0,0,0,0,0,0,0
10,6,2747,0,1,136,273,547,0,0,0,0,0,0,0,0
9,4,2499,1,4,133,266,533,0,0,0,0,0,0,0,0
3,5,1738,1,12,190,381,762,0,0,0,0,0,0,0,0
10,6,2731,0,1,179,359,718,0,0,0,0,0,0,0,0
10,5,1022,1,1,172,344,688,0,0,0,0,0,0,0,0
10,6,4095,1,0,30,60,121,0,0,0,0,0,0,0,0
0,0,0,0,0,0,0,0,0,0,0,0,0,0,0,0
10,6,1401,0,1,96,193,387,0,0,0,0,0,0,0,0
10,6,4095,1,0,218,436,873,0,0,0,0,0,0,0,0
10,6,4095,1,0,133,266,533,0,0,0,0,0,0,0,0
10,6,2734,0,0,59,119,238,0,0,0,0,0,0,0,0
10,5,2266,1,0,33,66,133,10,5,1023,1,0,69,138,277
10,6,4095,1,0,200,400,801,0,0,0,0,0,0,0,0
10,6,2794,1,0,152,305,610,0,0,0,0,0,0,0,0
10,5,4083,0,0,211,422,845,0,0,0,0,0,0,0,0
10,6,3039,0,0,138,277,555,3,5,3745,1,15,146,292,585
10,6,3414,1,1,214,429,859,0,0,0,0,0,0,0,0
10,6,3050,1,0,71,143,286,10,4,1235,0,2,64,129,258
10,6,4095,1,0,62,124,249,4,6,4006,0,11,53,106,213
3,4,234,1,15,48,97,195,0,0,0,0,0,0,0,0
10,5,3772,0,0,54,108,216,0,0,0,0,0,0,0,0
0,0,0,0,0,0,0,0,0,0,0,0,0,0,0,0
0,0,0,0,0,0,0,0,0,0,0,0,0,0,0,0
0,0,0,0,0,0,0,0,0,0,0,0,0,0,0,0
10,4,454,1,0,191,382,764,0,0,0,0,0,0,0,0
10,6,4095,1,0,6,12,25,0,0,0,0,0,0,0,0
10,6,4095,1,0,4,8,17,0,0,0,0,0,0,0,0
10,6,4095,1,0,122,244,489,0,0,0,0,0,0,0,0
10,6,4095,1,0,169,338,677,0,0,0,0,0,0,0,0
10,4,3119,1,0,182,364,728,0,0,0,0,0,0,0,0
10,6,2991,0,1,39,79,159,0,0,0,0,0,0,0,0
4,6,4070,0,10,82,164,329,2,5,3068,0,15,75,150,300
3,6,4093,1,15,30,60,120,0,0,0,0,0,0,0,0
8,4,127,0,4,220,441,882,0,0,0,0,0,0,0,0
10,5,4083,0,0,141,282,565,10,4,1923,0,2,148,297,595
10,6,4095,1,0,209,418,837,0,0,0,0,0,0,0,0
10,6,4095,1,0,52,104,209,0,0,0,0,0,0,0,0
10,6,4095,1,0,73,146,293,0,0,0,0,0,0,0,0
10,5,4083,0,0,67,134,269,7,4,2754,1,6,92,184,368
5,6,2427,1,11,61,123,246,10,5,1326,0,2,73,146,293
10,5,3243,1,0,76,153,307,0,0,0,0,0,0,0,0
10,6,4095,1,0,49,98,197,0,0,0,0,0,0,0,0
10,5,3327,1,0,75,150,301,7,5,2282,1,6,83,166,332
8,5,605,0,5,46,92,185,6,4,1811,0,7,54,109,219
10,6,4095,1,0,148,296,593,0,0,0,0,0,0,0,0
7,5,4067,1,6,132,265,530,0,0,0,0,0,0,0,0
8,5,3932,0,4,194,389,778,0,0,0,0,0,0,0,0
10,6,4095,1,0,107,214,429,0,0,0,0,0,0,0,0
9,5,4004,1,4,18,36,72,3,4,254,1,15,24,48,97
10,6,4095,1,0,40,80,161,0,0,0,0,0,0,0,0
10,6,4095,1,0,88,176,353,3,6,1786,1,12,56,113,226
10,6,4095,1,0,55,110,221,0,0,0,0,0,0,0,0
10,6,3002,1,0,70,141,282,0,0,0,0,0,0,0,0
10,6,2742,1,0,98,196,393,0,0,0,0,0,0,0,0
10,6,4095,1,0,26,52,105,0,0,0,0,0,0,0,0
10,6,4095,1,0,25,50,101,0,0,0,0,0,0,0,0
10,6,4095,1,0,101,202,405,0,0,0,0,0,0,0,0
9,4,230,1,3,214,429,858,0,0,0,0,0,0,0,0
10,6,3070,1,0,166,332,664,0,0,0,0,0,0,0,0
10,6,4078,1,1,204,409,819,0,0,0,0,0,0,0,0
0,0,0,0,0,0,0,0,0,0,0,0,0,0,0,0
0,0,0,0,0,0,0,0,0,0,0,0,0,0,0,0
0,0,0,0,0,0,0,0,0,0,0,0,0,0,0,0
0,0,0,0,0,0,0,0,0,0,0,0,0,0,0,0
0,0,0,0,0,0,0,0,0,0,0,0,0,0,0,0
0,0,0,0,0,0,0,0,0,0,0,0,0,0,0,0
10,4,255,0,0,15,30,61,0,0,0,0,0,0,0,0
10,6,4095,1,0,113,226,453,0,0,0,0,0,0,0,0
10,6,4090,1,1,156,313,627,8,6,3690,0,5,150,301,602
0,0,0,0,0,0,0,0,0,0,0,0,0,0,0,0
10,6,3754,1,1,44,88,177,0,0,0,0,0,0,0,0
10,6,4095,1,0,83,166,333,0,0,0,0,0,0,0,0
10,6,4010,1,1,145,291,582,0,0,0,0,0,0,0,0
10,6,4095,1,0,206,412,825,0,0,0,0,0,0,0,0
10,5,4083,0,0,139,278,557,0,0,0,0,0,0,0,0
0,0,0,0,0,0,0,0,0,0,0,0,0,0,0,0
10,6,4095,1,0,211,422,845,0,0,0,0,0,0,0,0
3,4,1803,1,12,179,359,719,0,0,0,0,0,0,0,0
10,4,4035,1,0,163,326,653,0,0,0,0,0,0,0,0
10,5,1197,0,0,83,166,332,9,4,3297,1,3,121,242,485
7,6,2041,1,6,35,70,140,0,0,0,0,0,0,0,0
0,0,0,0,0,0,0,0,0,0,0,0,0,0,0,0
10,6,4095,1,0,121,242,485,0,0,0,0,0,0,0,0
10,6,4095,1,0,5,10,21,0,0,0,0,0,0,0,0
10,6,4094,1,1,221,442,884,0,0,0,0,0,0,0,0
10,4,1988,1,0,114,228,456,0,0,0,0,0,0,0,0
10,5,3736,1,2,29,58,116,6,5,634,0,6,19,39,79
7,4,974,1,7,15,31,62,0,0,0,0,0,0,0,0
10,6,2987,0,0,119,239,479,0,0,0,0,0,0,0,0
10,6,3755,1,0,107,215,430,0,0,0,0,0,0,0,0
10,4,882,1,0,4,9,18,0,0,0,0,0,0,0,0
10,5,3903,0,0,21,42,85,10,5,478,0,1,44,88,177
9,4,230,1,3,119,239,478,0,0,0,0,0,0,0,0
10,6,4091,1,0,212,424,848,0,0,0,0,0,0,0,0
10,6,3071,0,1,139,278,557,0,0,0,0,0,0,0,0
10,6,4095,1,0,38,76,153,0,0,0,0,0,0,0,0
10,5,1023,1,0,87,174,349,0,0,0,0,0,0,0,0
6,6,2750,0,6,23,46,92,0,0,0,0,0,0,0,0
0,0,0,0,0,0,0,0,0,0,0,0,0,0,0,0
10,6,2790,1,0,207,414,829,0,0,0,0,0,0,0,0
10,6,4095,1,0,145,290,581,0,0,0,0,0,0,0,0
10,6,4095,1,0,34,68,137,0,0,0,0,0,0,0,0
10,6,3758,1,0,94,189,378,0,0,0,0,0,0,0,0
10,6,4095,1,0,161,322,645,0,0,0,0,0,0,0,0
10,4,4080,0,0,191,382,765,0,0,0,0,0,0,0,0
10,6,4095,1,0,113,226,453,0,0,0,0,0,0,0,0
9,6,3813,1,3,12,24,48,10,5,1023,1,0,21,42,85
3,6,1982,1,12,118,237,475,0,0,0,0,0,0,0,0
0,0,0,0,0,0,0,0,0,0,0,0,0,0,0,0
10,6,4010,1,1,184,369,738,0,0,0,0,0,0,0,0
10,5,4092,0,0,140,280,561,0,0,0,0,0,0,0,0
6,5,2412,0,8,122,245,491,0,0,0,0,0,0,0,0
10,6,4089,1,2,50,101,202,9,5,1522,1,3,22,44,88
10,6,4095,1,0,90,180,361,0,0,0,0,0,0,0,0
0,0,0,0,0,0,0,0,0,0,0,0,0,0,0,0
10,6,2734,0,0,38,77,154,10,5,2732,0,1,44,89,179
10,4,93,0,1,13,27,54,0,0,0,0,0,0,0,0
10,6,3754,1,1,83,166,333,10,5,3756,0,0,67,135,271
10,5,2796,0,1,46,92,184,10,4,3859,1,0,37,75,151
10,6,2746,0,0,196,393,786,0,0,0,0,0,0,0,0
3,6,2539,1,12,155,311,622,2,5,350,0,15,149,299,599
10,6,4079,1,0,65,130,260,0,0,0,0,0,0,0,0
10,6,4095,1,0,61,122,245,10,5,3828,1,2,38,76,153
10,6,4095,1,0,97,194,389,0,0,0,0,0,0,0,0
10,6,4095,1,0,29,58,117,0,0,0,0,0,0,0,0
10,6,3754,1,1,49,98,197,0,0,0,0,0,0,0,0
10,6,4095,1,0,79,158,317,0,0,0,0,0,0,0,0
10,6,4095,1,0,138,276,553,0,0,0,0,0,0,0,0
10,6,4095,1,0,213,426,853,0,0,0,0,0,0,0,0
0,0,0,0,0,0,0,0,0,0,0,0,0,0,0,0
0,0,0,0,0,0,0,0,0,0,0,0,0,0,0,0
8,4,1648,0,4,135,271,543,0,0,0,0,0,0,0,0
10,4,3528,1,0,180,361,722,2,4,3784,0,13,174,349,698
0,0,0,0,0,0,0,0,0,0,0,0,0,0,0,0
10,6,4095,1,0,6,12,25,0,0,0,0,0,0,0,0
10,4,255,0,0,4,8,17,0,0,0,0,0,0,0,0
10,5,4092,0,0,122,244,489,0,0,0,0,0,0,0,0
9,5,923,1,5,213,426,852,0,0,0,0,0,0,0,0
4,5,1715,0,9,65,130,261,0,0,0,0,0,0,0,0
9,6,2735,1,4,69,138,277,0,0,0,0,0,0,0,0
10,5,1023,1,0,146,292,585,0,0,0,0,0,0,0,0
10,6,3519,0,1,206,412,824,0,0,0,0,0,0,0,0
10,6,1770,0,0,23,46,93,0,0,0,0,0,0,0,0
10,6,4095,1,0,106,212,425,0,0,0,0,0,0,0,0
10,6,4095,1,0,115,230,461,0,0,0,0,0,0,0,0
10,6,4095,1,0,11,22,45,0,0,0,0,0,0,0,0
10,5,3327,1,0,72,144,289,0,0,0,0,0,0,0,0
7,6,3045,1,8,181,363,727,10,4,1020,1,0,168,336,673
10,6,4014,1,1,51,103,207,9,5,3921,1,3,56,113,227
10,6,4095,1,0,52,104,209,0,0,0,0,0,0,0,0
10,6,4095,1,0,184,368,737,0,0,0,0,0,0,0,0
10,6,4095,1,0,168,336,673,0,0,0,0,0,0,0,0
6,5,2482,0,7,183,367,735,0,0,0,0,0,0,0,0
10,6,4095,1,0,171,342,685,0,0,0,0,0,0,0,0
10,5,1613,0,0,216,432,864,0,0,0,0,0,0,0,0
10,6,4095,1,0,135,270,541,0,0,0,0,0,0,0,0
10,6,4094,1,1,95,190,380,0,0,0,0,0,0,0,0
10,6,4093,1,2,30,61,123,2,5,3019,0,14,25,51,103
6,4,3724,0,6,215,430,861,0,0,0,0,0,0,0,0
10,5,3903,0,0,138,276,553,0,0,0,0,0,0,0,0
10,4,4064,1,2,130,261,522,0,0,0,0,0,0,0,0
4,4,1392,0,10,202,404,808,0,0,0,0,0,0,0,0
10,4,4044,0,0,206,412,825,0,0,0,0,0,0,0,0
10,6,3823,0,0,145,290,580,0,0,0,0,0,0,0,0
3,4,3400,1,14,204,409,819,0,0,0,0,0,0,0,0
10,6,4095,1,0,168,336,673,10,5,2590,0,0,144,288,577
6,5,2524,0,7,186,373,747,0,0,0,0,0,0,0,0
10,6,2747,0,1,118,237,475,0,0,0,0,0,0,0,0
4,5,1443,0,9,9,19,39,3,5,3826,1,14,16,32,64
10,5,1023,1,0,10,20,41,0,0,0,0,0,0,0,0
2,6,3071,0,14,74,148,296,10,4,756,1,2,82,164,329
9,4,3316,1,3,18,37,74,0,0,0,0,0,0,0,0
10,6,4095,1,0,23,46,93,0,0,0,0,0,0,0,0
10,4,255,0,0,82,164,329,0,0,0,0,0,0,0,0
10,4,3315,0,0,27,54,109,0,0,0,0,0,0,0,0
10,5,4047,0,0,98,196,393,0,0,0,0,0,0,0,0
10,5,942,1,0,82,165,331,0,0,0,0,0,0,0,0
10,6,3967,0,0,44,88,176,0,0,0,0,0,0,0,0
10,6,3002,1,0,47,95,190,0,0,0,0,0,0,0,0
10,5,3427,0,1,79,158,317,0,0,0,0,0,0,0,0
10,6,2731,0,1,198,397,794,0,0,0,0,0,0,0,0
10,5,4092,0,0,153,306,613,0,0,0,0,0,0,0,0
8,6,2989,0,4,75,151,303,0,0,0,0,0,0,0,0
10,6,4095,1,0,50,100,201,0,0,0,0,0,0,0,0
7,6,3045,1,8,66,133,267,0,0,0,0,0,0,0,0
10,5,2699,0,1,86,173,346,0,0,0,0,0,0,0,0
10,6,4095,1,0,187,374,749,0,0,0,0,0,0,0,0
10,6,4095,1,0,165,330,661,0,0,0,0,0,0,0,0
0,0,0,0,0,0,0,0,0,0,0,0,0,0,0,0
10,4,1201,0,0,77,154,308,7,4,2960,1,8,52,104,209
10,4,313,0,0,95,190,380,10,4,191,0,2,104,208,416
0,0,0,0,0,0,0,0,0,0,0,0,0,0,0,0
8,5,3158,0,4,4,8,17,0,0,0,0,0,0,0,0
10,6,1447,0,2,109,218,436,0,0,0,0,0,0,0,0
10,5,4018,1,1,30,61,123,0,0,0,0,0,0,0,0
10,5,4083,0,0,98,196,393,0,0,0,0,0,0,0,0
0,0,0,0,0,0,0,0,0,0,0,0,0,0,0,0
7,5,3944,1,8,196,393,787,0,0,0,0,0,0,0,0
10,6,1658,0,1,155,310,621,10,5,938,1,1,130,261,522
10,5,3436,0,0,33,66,133,10,4,235,0,0,70,141,283
10,5,3420,1,0,210,420,840,0,0,0,0,0,0,0,0
0,0,0,0,0,0,0,0,0,0,0,0,0,0,0,0
10,4,1011,0,0,72,144,289,0,0,0,0,0,0,0,0
10,6,2943,0,1,51,102,204,0,0,0,0,0,0,0,0
10,6,4095,1,0,66,132,265,0,0,0,0,0,0,0,0
10,6,4095,1,0,60,120,241,0,0,0,0,0,0,0,0
6,4,2736,0,8,221,442,885,0,0,0,0,0,0,0,0
10,5,2788,1,1,142,284,568,0,0,0,0,0,0,0,0
10,6,4095,1,0,210,420,841,0,0,0,0,0,0,0,0
10,4,2574,0,0,168,337,674,0,0,0,0,0,0,0,0
10,6,4095,1,0,182,364,729,0,0,0,0,0,0,0,0
0,0,0,0,0,0,0,0,0,0,0,0,0,0,0,0
10,5,854,1,1,212,425,851,0,0,0,0,0,0,0,0
0,0,0,0,0,0,0,0,0,0,0,0,0,0,0,0
0,0,0,0,0,0,0,0,0,0,0,0,0,0,0,0
10,6,4095,1,0,180,360,721,0,0,0,0,0,0,0,0
10,6,2731,0,1,52,105,210,10,4,696,0,0,58,117,234
10,6,4095,1,0,73,146,293,0,0,0,0,0,0,0,0
0,0,0,0,0,0,0,0,0,0,0,0,0,0,0,0
0,0,0,0,0,0,0,0,0,0,0,0,0,0,0,0
2,4,846,0,14,144,288,577,0,0,0,0,0,0,0,0
10,6,4095,1,0,189,378,757,0,0,0,0,0,0,0,0
10,6,4095,1,0,161,322,645,0,0,0,0,0,0,0,0
10,6,2799,0,1,29,58,116,0,0,0,0,0,0,0,0
10,6,4094,1,1,100,200,400,0,0,0,0,0,0,0,0
0,0,0,0,0,0,0,0,0,0,0,0,0,0,0,0
10,6,3753,1,2,6,12,24,0,0,0,0,0,0,0,0
10,5,1713,0,0,122,244,488,0,0,0,0,0,0,0,0
8,4,1324,0,4,15,31,62,0,0,0,0,0,0,0,0
10,6,1623,0,1,81,163,327,3,4,187,1,12,92,185,371
0,0,0,0,0,0,0,0,0,0,0,0,0,0,0,0
10,6,4071,1,1,43,87,175,0,0,0,0,0,0,0,0
10,6,3803,1,0,107,215,430,7,6,2534,1,6,115,231,463
8,4,1648,0,4,27,55,111,0,0,0,0,0,0,0,0
9,6,4053,1,4,17,34,68,0,0,0,0,0,0,0,0
10,5,3444,1,1,121,243,487,0,0,0,0,0,0,0,0
10,5,3327,1,0,108,216,433,0,0,0,0,0,0,0,0
9,4,190,1,5,16,32,65,0,0,0,0,0,0,0,0
10,6,4015,1,0,21,42,84,0,0,0,0,0,0,0,0
0,0,0,0,0,0,0,0,0,0,0,0,0,0,0,0
10,6,3423,0,1,136,272,545,0,0,0,0,0,0,0,0
0,0,0,0,0,0,0,0,0,0,0,0,0,0,0,0
10,6,4095,1,0,208,416,833,0,0,0,0,0,0,0,0
10,5,3327,1,0,167,334,669,0,0,0,0,0,0,0,0
0,0,0,0,0,0,0,0,0,0,0,0,0,0,0,0
10,4,191,0,2,183,366,732,0,0,0,0,0,0,0,0
0,0,0,0,0,0,0,0,0,0,0,0,0,0,0,0
10,5,2637,1,0,18,36,72,10,4,2355,0,2,35,71,143
0,0,0,0,0,0,0,0,0,0,0,0,0,0,0,0
10,6,2727,0,0,101,202,405,0,0,0,0,0,0,0,0
10,5,2279,0,0,113,227,454,0,0,0,0,0,0,0,0
10,5,1611,0,2,21,42,85,0,0,0,0,0,0,0,0
10,5,4092,0,0,13,26,53,0,0,0,0,0,0,0,0
10,6,3838,1,0,83,166,332,0,0,0,0,0,0,0,0
10,6,2735,0,1,42,85,171,0,0,0,0,0,0,0,0
10,6,3754,1,1,177,354,709,0,0,0,0,0,0,0,0
10,5,2468,1,0,182,365,731,9,5,1197,1,5,187,375,751
10,5,2583,0,0,133,266,532,0,0,0,0,0,0,0,0
0,0,0,0,0,0,0,0,0,0,0,0,0,0,0,0
3,5,878,1,14,180,361,722,0,0,0,0,0,0,0,0
10,6,1983,0,2,176,352,704,0,0,0,0,0,0,0,0
10,5,4092,0,0,175,350,701,7,5,4066,1,8,182,364,729
10,4,1010,1,2,78,156,312,0,0,0,0,0,0,0,0
9,4,551,1,5,135,270,540,0,0,0,0,0,0,0,0
10,4,1802,0,0,216,432,865,0,0,0,0,0,0,0,0
10,6,3769,1,2,105,210,421,10,4,3339,0,0,95,191,382
0,0,0,0,0,0,0,0,0,0,0,0,0,0,0,0
9,6,1770,1,5,80,160,320,10,5,3676,1,0,108,216,433
10,6,4095,1,0,55,110,221,0,0,0,0,0,0,0,0
10,6,4095,1,0,146,292,585,0,0,0,0,0,0,0,0
10,5,1837,1,0,213,426,853,0,0,0,0,0,0,0,0
0,0,0,0,0,0,0,0,0,0,0,0,0,0,0,0
3,4,996,1,15,215,430,860,0,0,0,0,0,0,0,0
10,5,493,0,0,132,264,529,0,0,0,0,0,0,0,0
10,6,1962,0,0,204,408,817,0,0,0,0,0,0,0,0
3,4,3024,1,15,59,118,237,0,0,0,0,0,0,0,0
10,5,3059,0,1,84,168,337,0,0,0,0,0,0,0,0
10,6,4095,1,0,220,440,881,0,0,0,0,0,0,0,0
8,5,893,0,4,162,324,648,0,0,0,0,0,0,0,0
10,6,3750,1,1,219,438,876,0,0,0,0,0,0,0,0
10,4,313,0,0,66,132,264,0,0,0,0,0,0,0,0
10,6,4095,1,0,72,144,289,0,0,0,0,0,0,0,0
10,4,3744,1,2,35,70,140,0,0,0,0,0,0,0,0
10,6,4095,1,0,93,186,373,0,0,0,0,0,0,0,0
10,6,4091,1,0,197,394,788,0,0,0,0,0,0,0,0
10,5,3327,1,0,154,308,617,0,0,0,0,0,0,0,0
10,4,1020,1,0,38,76,153,0,0,0,0,0,0,0,0
10,5,3836,0,0,91,182,365,0,0,0,0,0,0,0,0
8,5,511,0,3,142,284,568,10,5,3768,1,0,176,353,706
10,4,604,0,2,159,318,637,0,0,0,0,0,0,0,0
10,5,4024,1,1,104,209,419,0,0,0,0,0,0,0,0
8,4,327,0,3,23,47,95,0,0,0,0,0,0,0,0
3,4,117,1,14,120,241,483,0,0,0,0,0,0,0,0
10,6,4090,1,1,120,241,483,0,0,0,0,0,0,0,0
10,6,2727,0,0,4,8,17,0,0,0,0,0,0,0,0
10,5,3327,1,0,4,8,17,0,0,0,0,0,0,0,0
10,6,4095,1,0,122,244,489,0,0,0,0,0,0,0,0
0,0,0,0,0,0,0,0,0,0,0,0,0,0,0,0
9,4,4036,1,4,70,140,280,10,4,1225,1,0,104,208,416
10,4,2094,0,0,70,141,282,0,0,0,0,0,0,0,0
10,4,3040,0,0,72,145,291,0,0,0,0,0,0,0,0
10,6,4095,1,0,210,420,841,0,0,0,0,0,0,0,0
10,5,4047,0,0,141,282,565,0,0,0,0,0,0,0,0
0,0,0,0,0,0,0,0,0,0,0,0,0,0,0,0
0,0,0,0,0,0,0,0,0,0,0,0,0,0,0,0
0,0,0,0,0,0,0,0,0,0,0,0,0,0,0,0
0,0,0,0,0,0,0,0,0,0,0,0,0,0,0,0
9,4,1000,1,3,105,211,422,10,4,906,1,1,145,291,582
8,4,1260,0,3,191,383,767,6,4,2317,0,6,182,365,730
0,0,0,0,0,0,0,0,0,0,0,0,0,0,0,0
8,6,1439,0,3,209,418,837,0,0,0,0,0,0,0,0
0,0,0,0,0,0,0,0,0,0,0,0,0,0,0,0
10,6,4074,1,2,134,269,539,0,0,0,0,0,0,0,0
0,0,0,0,0,0,0,0,0,0,0,0,0,0,0,0
10,6,2815,0,1,80,160,320,0,0,0,0,0,0,0,0
10,5,3327,1,0,46,92,185,0,0,0,0,0,0,0,0
8,4,1712,0,4,112,224,449,0,0,0,0,0,0,0,0
10,6,4074,1,2,14,29,59,8,5,4060,0,4,7,14,28
10,6,4031,0,0,119,238,477,0,0,0,0,0,0,0,0
10,6,4010,1,1,35,71,142,0,0,0,0,0,0,0,0
10,6,4095,1,0,93,186,373,0,0,0,0,0,0,0,0
10,6,4095,1,0,30,60,121,0,0,0,0,0,0,0,0
10,6,2799,0,1,99,198,396,0,0,0,0,0,0,0,0
0,0,0,0,0,0,0,0,0,0,0,0,0,0,0,0
10,4,1868,0,2,170,341,683,0,0,0,0,0,0,0,0
10,6,4095,1,0,206,412,825,0,0,0,0,0,0,0,0
10,6,4095,1,0,105,210,421,0,0,0,0,0,0,0,0
0,0,0,0,0,0,0,0,0,0,0,0,0,0,0,0
10,5,1742,0,1,29,59,118,0,0,0,0,0,0,0,0
9,5,2703,1,4,176,352,705,0,0,0,0,0,0,0,0
0,0,0,0,0,0,0,0,0,0,0,0,0,0,0,0
9,4,4048,1,4,192,385,771,0,0,0,0,0,0,0,0
10,5,3903,0,0,147,294,589,0,0,0,0,0,0,0,0
0,0,0,0,0,0,0,0,0,0,0,0,0,0,0,0
10,6,4095,1,0,120,240,481,0,0,0,0,0,0,0,0
10,6,4095,1,0,6,12,25,0,0,0,0,0,0,0,0
0,0,0,0,0,0,0,0,0,0,0,0,0,0,0,0
10,6,4095,1,0,83,166,333,0,0,0,0,0,0,0,0
0,0,0,0,0,0,0,0,0,0,0,0,0,0,0,0
10,6,4095,1,0,202,404,809,0,0,0,0,0,0,0,0
10,5,349,0,1,140,281,562,0,0,0,0,0,0,0,0
10,5,2235,0,1,148,297,595,0,0,0,0,0,0,0,0
10,6,4095,1,0,83,166,333,0,0,0,0,0,0,0,0
7,5,489,1,6,76,153,306,2,5,3752,0,12,25,50,101
10,6,4095,1,0,181,362,725,0,0,0,0,0,0,0,0
10,6,4095,1,0,170,340,681,0,0,0,0,0,0,0,0
10,5,4083,0,0,8,16,33,0,0,0,0,0,0,0,0
10,4,4034,1,1,3,7,15,0,0,0,0,0,0,0,0
2,5,4092,0,14,105,210,420,0,0,0,0,0,0,0,0
0,0,0,0,0,0,0,0,0,0,0,0,0,0,0,0
10,6,4095,1,0,220,440,881,0,0,0,0,0,0,0,0
10,5,2622,0,0,130,261,523,0,0,0,0,0,0,0,0
10,6,2986,1,0,131,262,525,0,0,0,0,0,0,0,0
10,5,2924,0,0,189,379,758,0,0,0,0,0,0,0,0
10,6,4095,1,0,162,324,649,0,0,0,0,0,0,0,0
10,6,4095,1,0,177,354,709,0,0,0,0,0,0,0,0
9,5,2702,1,5,188,376,752,0,0,0,0,0,0,0,0
10,5,1023,1,0,65,130,261,0,0,0,0,0,0,0,0
10,6,4095,1,0,60,120,241,0,0,0,0,0,0,0,0
10,6,1977,1,0,104,208,417,8,6,3678,0,5,90,181,362
10,6,2778,1,0,24,48,97,0,0,0,0,0,0,0,0
10,6,3070,1,0,39,78,156,0,0,0,0,0,0,0,0
10,6,4079,1,0,87,174,348,0,0,0,0,0,0,0,0
10,6,2490,0,0,122,244,489,0,0,0,0,0,0,0,0
10,6,2793,1,1,5,10,21,0,0,0,0,0,0,0,0
7,6,4074,1,8,13,26,53,10,5,3772,0,0,4,8,16
8,5,3895,0,4,119,238,477,0,0,0,0,0,0,0,0
10,6,2794,1,0,68,137,274,0,0,0,0,0,0,0,0
10,6,4095,1,0,60,120,241,0,0,0,0,0,0,0,0
5,6,3989,1,9,192,385,770,10,5,4092,0,0,187,374,749
10,4,3056,0,2,163,327,654,0,0,0,0,0,0,0,0
0,0,0,0,0,0,0,0,0,0,0,0,0,0,0,0
10,4,3335,1,0,6,12,25,0,0,0,0,0,0,0,0
0,0,0,0,0,0,0,0,0,0,0,0,0,0,0,0
10,6,4095,1,0,149,298,597,0,0,0,0,0,0,0,0
9,5,937,1,3,202,404,809,2,5,1972,0,14,219,438,877
10,6,4095,1,0,199,398,797,0,0,0,0,0,0,0,0
10,6,4095,1,0,153,306,613,0,0,0,0,0,0,0,0
5,5,4052,1,10,202,405,810,0,0,0,0,0,0,0,0
8,5,3469,0,5,147,295,591,10,4,2768,1,1,168,336,672
10,6,3834,1,1,141,283,567,0,0,0,0,0,0,0,0
0,0,0,0,0,0,0,0,0,0,0,0,0,0,0,0
10,6,2478,0,1,210,420,841,0,0,0,0,0,0,0,0
10,6,4095,1,0,124,248,497,0,0,0,0,0,0,0,0
10,5,1829,1,1,6,13,27,0,0,0,0,0,0,0,0
10,6,4095,1,0,4,8,17,0,0,0,0,0,0,0,0
10,6,4095,1,0,122,244,489,10,5,1590,0,0,116,232,464
10,6,4078,1,1,208,417,835,3,5,2158,1,12,200,400,801
10,6,2989,1,1,152,304,609,8,5,2920,0,4,135,271,542
10,6,4095,1,0,16,32,65,0,0,0,0,0,0,0,0
10,6,3998,1,1,112,225,450,0,0,0,0,0,0,0,0
10,5,3903,0,0,189,378,757,0,0,0,0,0,0,0,0
10,4,3131,1,0,189,378,756,0,0,0,0,0,0,0,0
0,0,0,0,0,0,0,0,0,0,0,0,0,0,0,0
10,6,2746,0,0,29,59,118,0,0,0,0,0,0,0,0
10,5,4047,0,0,100,200,401,0,0,0,0,0,0,0,0
10,5,1023,1,0,33,66,133,0,0,0,0,0,0,0,0
10,6,3839,0,0,92,184,369,0,0,0,0,0,0,0,0
10,6,4095,1,0,190,380,761,0,0,0,0,0,0,0,0
10,5,4092,0,0,162,324,649,0,0,0,0,0,0,0,0
10,4,3522,1,0,155,311,622,0,0,0,0,0,0,0,0
10,4,3394,1,0,167,334,668,0,0,0,0,0,0,0,0
10,6,4095,1,0,28,56,113,0,0,0,0,0,0,0,0
10,5,1930,0,0,101,202,405,0,0,0,0,0,0,0,0
0,0,0,0,0,0,0,0,0,0,0,0,0,0,0,0
9,5,2767,1,4,23,47,94,0,0,0,0,0,0,0,0
0,0,0,0,0,0,0,0,0,0,0,0,0,0,0,0
0,0,0,0,0,0,0,0,0,0,0,0,0,0,0,0
0,0,0,0,0,0,0,0,0,0,0,0,0,0,0,0
10,4,239,0,0,50,100,200,0,0,0,0,0,0,0,0
10,6,4095,1,0,81,162,325,0,0,0,0,0,0,0,0
9,6,1534,1,3,56,112,225,10,5,4083,0,0,48,96,193
10,6,1881,1,0,216,433,867,2,5,3580,0,15,205,410,820
0,0,0,0,0,0,0,0,0,0,0,0,0,0,0,0
10,6,4095,1,0,134,268,537,0,0,0,0,0,0,0,0
10,6,4095,1,0,202,404,809,0,0,0,0,0,0,0,0
9,5,3988,1,4,162,325,650,2,4,2512,0,12,168,337,675
10,6,3695,0,0,109,219,439,10,5,1892,1,0,119,239,479
0,0,0,0,0,0,0,0,0,0,0,0,0,0,0,0
10,5,4047,0,0,23,46,93,0,0,0,0,0,0,0,0
0,0,0,0,0,0,0,0,0,0,0,0,0,0,0,0
7,6,4054,1,8,216,433,867,0,0,0,0,0,0,0,0
10,5,943,0,0,85,170,340,10,4,1864,0,0,32,64,128
10,6,4095,1,0,90,180,361,0,0,0,0,0,0,0,0
10,6,4010,1,1,189,379,758,0,0,0,0,0,0,0,0
10,6,4095,1,0,161,322,645,0,0,0,0,0,0,0,0
10,6,1494,0,0,110,221,443,0,0,0,0,0,0,0,0
10,5,4047,0,0,16,32,65,0,0,0,0,0,0,0,0
10,4,975,0,0,12,24,49,0,0,0,0,0,0,0,0
10,6,4095,1,0,114,228,457,0,0,0,0,0,0,0,0
3,6,1717,1,14,91,182,364,10,4,4016,1,0,85,170,340
10,6,4095,1,0,43,86,173,0,0,0,0,0,0,0,0
2,5,3572,0,12,180,360,721,0,0,0,0,0,0,0,0
9,4,3568,1,4,132,265,531,6,4,675,0,7,182,364,728
10,6,3066,1,0,193,387,775,0,0,0,0,0,0,0,0
10,4,575,0,2,35,70,140,0,0,0,0,0,0,0,0
9,6,1782,1,5,17,34,68,10,4,967,1,1,34,69,139
10,6,4095,1,0,24,48,97,0,0,0,0,0,0,0,0
10,5,4083,0,0,101,202,405,2,5,3828,0,12,95,191,382
0,0,0,0,0,0,0,0,0,0,0,0,0,0,0,0
6,5,615,0,7,139,279,558,3,5,3177,1,14,146,292,584
0,0,0,0,0,0,0,0,0,0,0,0,0,0,0,0
9,4,924,1,5,194,388,777,0,0,0,0,0,0,0,0
10,5,3258,1,1,111,223,447,0,0,0,0,0,0,0,0
10,5,1023,1,0,14,28,57,0,0,0,0,0,0,0,0
9,6,3519,1,4,172,345,690,10,4,1992,0,1,155,311,623
10,6,3051,0,0,90,181,363,0,0,0,0,0,0,0,0
10,4,3808,1,1,177,355,710,0,0,0,0,0,0,0,0
10,6,4095,1,0,145,290,581,0,0,0,0,0,0,0,0
10,6,3775,0,0,205,410,820,0,0,0,0,0,0,0,0
10,4,1266,0,1,157,315,630,0,0,0,0,0,0,0,0
10,5,766,0,0,189,378,756,0,0,0,0,0,0,0,0
10,6,4079,1,0,39,78,156,0,0,0,0,0,0,0,0
10,5,1350,0,1,87,175,350,0,0,0,0,0,0,0,0
10,6,2814,0,0,33,67,135,0,0,0,0,0,0,0,0
10,6,4091,1,0,96,192,384,0,0,0,0,0,0,0,0
10,6,4095,1,0,167,334,669,0,0,0,0,0,0,0,0
10,6,4095,1,0,183,366,733,0,0,0,0,0,0,0,0
10,5,2732,0,1,178,357,715,0,0,0,0,0,0,0,0
10,5,1022,1,1,97,194,388,0,0,0,0,0,0,0,0
10,4,457,1,0,144,288,576,10,4,255,0,0,165,330,661
0,0,0,0,0,0,0,0,0,0,0,0,0,0,0,0
0,0,0,0,0,0,0,0,0,0,0,0,0,0,0,0
0,0,0,0,0,0,0,0,0,0,0,0,0,0,0,0
10,6,4095,1,0,169,338,677,0,0,0,0,0,0,0,0
10,5,3752,1,1,182,364,729,0,0,0,0,0,0,0,0
10,6,2810,1,0,21,43,86,0,0,0,0,0,0,0,0
10,6,4095,1,0,105,210,421,0,0,0,0,0,0,0,0
10,5,4092,0,0,44,88,177,0,0,0,0,0,0,0,0
10,6,4095,1,0,84,168,337,0,0,0,0,0,0,0,0
6,6,2683,0,7,155,310,620,10,5,765,1,1,144,289,579
10,4,3240,1,2,185,370,741,0,0,0,0,0,0,0,0
10,6,4095,1,0,68,136,273,0,0,0,0,0,0,0,0
10,6,2810,1,0,60,121,242,0,0,0,0,0,0,0,0
10,5,3626,1,1,172,345,690,0,0,0,0,0,0,0,0
10,5,4092,0,0,179,358,717,0,0,0,0,0,0,0,0
3,6,3758,1,14,99,199,399,0,0,0,0,0,0,0,0
10,6,4095,1,0,79,158,317,0,0,0,0,0,0,0,0
10,6,4095,1,0,47,94,189,0,0,0,0,0,0,0,0
10,6,4095,1,0,70,140,281,0,0,0,0,0,0,0,0
3,6,2478,1,12,66,133,266,7,4,231,1,6,46,92,185
10,5,3307,1,0,68,137,275,0,0,0,0,0,0,0,0
10,5,2732,0,1,59,119,239,0,0,0,0,0,0,0,0
10,6,4095,1,0,163,326,653,0,0,0,0,0,0,0,0
10,6,4095,1,0,189,378,757,0,0,0,0,0,0,0,0
10,5,939,0,0,210,421,843,8,5,2740,0,4,217,435,870
0,0,0,0,0,0,0,0,0,0,0,0,0,0,0,0
10,4,3324,1,0,207,414,829,0,0,0,0,0,0,0,0
10,6,4095,1,0,74,148,297,0,0,0,0,0,0,0,0
10,6,3071,0,1,52,104,209,0,0,0,0,0,0,0,0
5,6,4073,1,9,101,202,404,10,4,559,0,2,82,165,331
10,6,2986,1,0,32,64,129,0,0,0,0,0,0,0,0
10,6,4095,1,0,113,226,453,0,0,0,0,0,0,0,0
10,5,4092,0,0,13,26,53,0,0,0,0,0,0,0,0
10,6,3741,1,1,118,236,472,9,5,506,1,4,109,218,436
5,6,1790,1,11,160,321,643,0,0,0,0,0,0,0,0
10,6,4095,1,0,112,224,449,0,0,0,0,0,0,0,0
10,5,503,0,1,37,75,150,10,5,2879,0,1,92,184,369
10,6,4095,1,0,34,68,137,0,0,0,0,0,0,0,0
10,5,4092,0,0,57,114,229,0,0,0,0,0,0,0,0
10,5,4083,0,0,71,142,285,0,0,0,0,0,0,0,0
10,5,3903,0,0,143,286,573,0,0,0,0,0,0,0,0
0,0,0,0,0,0,0,0,0,0,0,0,0,0,0,0
3,5,3756,1,14,191,383,766,0,0,0,0,0,0,0,0
10,6,2794,1,0,41,83,166,0,0,0,0,0,0,0,0
10,6,4095,1,0,84,168,337,0,0,0,0,0,0,0,0
0,0,0,0,0,0,0,0,0,0,0,0,0,0,0,0
10,5,878,1,0,215,431,862,0,0,0,0,0,0,0,0
8,6,3069,0,4,111,222,444,0,0,0,0,0,0,0,0
10,6,4026,1,1,89,179,359,0,0,0,0,0,0,0,0
10,5,3242,1,1,35,71,142,0,0,0,0,0,0,0,0
10,6,1623,0,1,215,431,863,0,0,0,0,0,0,0,0
9,4,2075,1,5,153,306,612,0,0,0,0,0,0,0,0
10,6,4095,1,0,207,414,829,0,0,0,0,0,0,0,0
10,6,4079,1,0,56,112,224,0,0,0,0,0,0,0,0
10,6,4095,1,0,73,146,293,0,0,0,0,0,0,0,0
10,6,4095,1,0,107,214,429,0,0,0,0,0,0,0,0
10,6,2746,0,0,18,37,74,0,0,0,0,0,0,0,0
10,4,186,1,0,219,439,878,0,0,0,0,0,0,0,0
2,5,922,0,12,15,30,60,2,4,3591,0,12,9,18,37
2,4,1968,0,15,206,412,824,0,0,0,0,0,0,0,0
10,6,4095,1,0,133,266,533,0,0,0,0,0,0,0,0
10,6,4095,1,0,219,438,877,0,0,0,0,0,0,0,0
10,6,4095,1,0,193,386,773,0,0,0,0,0,0,0,0
10,4,255,0,0,169,338,677,0,0,0,0,0,0,0,0
2,6,3067,0,14,35,70,140,0,0,0,0,0,0,0,0
10,5,1007,1,0,51,102,204,0,0,0,0,0,0,0,0
10,6,4095,1,0,75,150,301,0,0,0,0,0,0,0,0
10,5,763,0,0,207,414,828,0,0,0,0,0,0,0,0
10,6,2734,0,0,135,271,542,0,0,0,0,0,0,0,0
0,0,0,0,0,0,0,0,0,0,0,0,0,0,0,0
10,5,3048,1,0,98,197,394,0,0,0,0,0,0,0,0
10,6,4095,1,0,30,60,121,0,0,0,0,0,0,0,0
10,5,3365,1,2,189,379,759,0,0,0,0,0,0,0,0
10,4,4080,0,0,143,286,573,0,0,0,0,0,0,0,0
10,6,4095,1,0,106,212,425,0,0,0,0,0,0,0,0
10,4,559,0,2,19,39,79,0,0,0,0,0,0,0,0
10,6,4031,0,0,23,46,93,0,0,0,0,0,0,0,0
0,0,0,0,0,0,0,0,0,0,0,0,0,0,0,0
10,6,4095,1,0,103,206,413,10,5,3867,1,1,120,241,482
10,6,4095,1,0,201,402,805,0,0,0,0,0,0,0,0
10,6,4095,1,0,150,300,601,0,0,0,0,0,0,0,0
0,0,0,0,0,0,0,0,0,0,0,0,0,0,0,0
10,6,4095,1,0,198,396,793,0,0,0,0,0,0,0,0
10,6,4091,1,0,119,238,476,0,0,0,0,0,0,0,0
10,4,3891,0,0,9,18,37,0,0,0,0,0,0,0,0
8,4,279,0,3,67,135,270,0,0,0,0,0,0,0,0
8,6,1535,0,3,120,241,483,0,0,0,0,0,0,0,0
10,6,4095,1,0,3,6,13,0,0,0,0,0,0,0,0
10,6,4095,1,0,8,16,33,0,0,0,0,0,0,0,0
10,5,3826,1,0,70,141,283,8,4,2032,0,4,62,125,251
10,6,3006,0,0,64,129,259,0,0,0,0,0,0,0,0
10,6,4095,1,0,148,296,593,0,0,0,0,0,0,0,0
10,5,3327,1,0,202,404,809,0,0,0,0,0,0,0,0
8,4,1196,0,3,181,363,726,0,0,0,0,0,0,0,0
10,6,4095,1,0,179,358,717,0,0,0,0,0,0,0,0
10,6,4095,1,0,154,308,617,9,5,885,1,3,142,284,568
10,6,4095,1,0,198,396,793,0,0,0,0,0,0,0,0
7,4,3884,1,6,88,177,355,0,0,0,0,0,0,0,0
0,0,0,0,0,0,0,0,0,0,0,0,0,0,0,0
10,6,1406,0,2,155,310,621,0,0,0,0,0,0,0,0
10,6,4095,1,0,90,180,361,0,0,0,0,0,0,0,0
0,0,0,0,0,0,0,0,0,0,0,0,0,0,0,0
10,4,755,0,1,138,276,552,0,0,0,0,0,0,0,0
8,5,4092,0,5,93,187,375,0,0,0,0,0,0,0,0
10,6,4095,1,0,28,56,113,0,0,0,0,0,0,0,0
10,6,4015,1,0,101,202,404,0,0,0,0,0,0,0,0
10,6,4095,1,0,188,376,753,0,0,0,0,0,0,0,0
0,0,0,0,0,0,0,0,0,0,0,0,0,0,0,0
9,5,1013,1,4,186,373,746,8,4,1196,0,3,102,205,410
0,0,0,0,0,0,0,0,0,0,0,0,0,0,0,0
0,0,0,0,0,0,0,0,0,0,0,0,0,0,0,0
10,6,3775,0,0,67,134,268,0,0,0,0,0,0,0,0
10,6,4090,1,1,61,123,247,0,0,0,0,0,0,0,0
0,0,0,0,0,0,0,0,0,0,0,0,0,0,0,0
10,6,4027,1,0,47,94,188,0,0,0,0,0,0,0,0
2,6,4075,0,12,64,129,259,5,5,1134,1,10,85,170,340
8,6,3706,0,5,175,351,703,10,5,2657,1,1,180,361,723
10,4,628,1,0,134,268,536,0,0,0,0,0,0,0,0
9,4,250,1,3,184,368,736,0,0,0,0,0,0,0,0
10,6,4079,1,0,99,198,396,0,0,0,0,0,0,0,0
0,0,0,0,0,0,0,0,0,0,0,0,0,0,0,0
10,5,747,0,0,36,73,147,8,4,508,0,4,9,18,36
6,4,2992,0,7,100,201,402,0,0,0,0,0,0,0,0
10,4,2253,1,0,96,193,386,0,0,0,0,0,0,0,0
10,4,690,0,0,131,263,526,0,0,0,0,0,0,0,0
10,6,4095,1,0,140,280,561,0,0,0,0,0,0,0,0
10,5,4092,0,0,173,346,693,0,0,0,0,0,0,0,0
9,5,1460,1,4,119,239,479,0,0,0,0,0,0,0,0
10,6,1509,1,0,13,27,55,0,0,0,0,0,0,0,0
6,4,151,0,8,5,10,21,0,0,0,0,0,0,0,0
10,6,4095,1,0,92,184,369,0,0,0,0,0,0,0,0
10,5,4047,0,0,163,326,653,0,0,0,0,0,0,0,0
10,6,4014,1,1,188,377,755,0,0,0,0,0,0,0,0
9,5,4041,1,3,62,125,250,0,0,0,0,0,0,0,0
10,6,4095,1,0,80,160,321,0,0,0,0,0,0,0,0
10,6,4095,1,0,171,342,685,0,0,0,0,0,0,0,0
10,6,4095,1,0,180,360,721,0,0,0,0,0,0,0,0
10,6,4095,1,0,162,324,649,0,0,0,0,0,0,0,0
10,6,4095,1,0,190,380,761,0,0,0,0,0,0,0,0
10,6,3414,1,1,197,395,791,0,0,0,0,0,0,0,0
10,6,2798,0,0,133,267,535,0,0,0,0,0,0,0,0
10,5,1007,1,0,136,272,544,0,0,0,0,0,0,0,0
0,0,0,0,0,0,0,0,0,0,0,0,0,0,0,0
10,5,679,0,0,192,384,769,0,0,0,0,0,0,0,0
10,6,3754,1,1,34,68,137,0,0,0,0,0,0,0,0
10,5,2858,1,0,93,187,374,0,0,0,0,0,0,0,0
10,6,4095,1,0,203,406,813,0,0,0,0,0,0,0,0
10,5,4083,0,0,148,296,593,0,0,0,0,0,0,0,0
10,6,4095,1,0,118,236,473,0,0,0,0,0,0,0,0
10,6,4095,1,0,7,14,29,0,0,0,0,0,0,0,0
9,5,1939,1,4,197,394,788,2,5,1354,0,14,203,407,815
10,4,3884,1,0,138,276,552,10,4,721,1,2,146,292,584
0,0,0,0,0,0,0,0,0,0,0,0,0,0,0,0
10,6,3754,1,1,18,36,73,10,4,3145,1,2,31,62,124
0,0,0,0,0,0,0,0,0,0,0,0,0,0,0,0
6,4,504,0,7,93,186,372,0,0,0,0,0,0,0,0
10,4,4044,0,0,55,110,221,0,0,0,0,0,0,0,0
10,6,4095,1,0,107,214,429,0,0,0,0,0,0,0,0
10,5,4047,0,0,22,44,89,0,0,0,0,0,0,0,0
10,6,4095,1,0,106,212,425,0,0,0,0,0,0,0,0
0,0,0,0,0,0,0,0,0,0,0,0,0,0,0,0
10,6,1447,0,2,205,410,820,10,5,2744,0,0,110,221,442
3,4,3279,1,13,58,116,233,0,0,0,0,0,0,0,0
0,0,0,0,0,0,0,0,0,0,0,0,0,0,0,0
0,0,0,0,0,0,0,0,0,0,0,0,0,0,0,0
0,0,0,0,0,0,0,0,0,0,0,0,0,0,0,0
9,6,2043,1,4,17,35,70,5,6,2687,1,11,28,57,115
10,5,1019,1,0,15,30,60,0,0,0,0,0,0,0,0
10,6,3069,1,1,106,213,427,6,4,2860,0,6,113,226,452
10,6,4095,1,0,219,438,877,0,0,0,0,0,0,0,0
10,6,4095,1,0,133,266,533,0,0,0,0,0,0,0,0
10,6,4095,1,0,68,136,273,0,0,0,0,0,0,0,0
10,5,3903,0,0,57,114,229,0,0,0,0,0,0,0,0
10,6,2670,0,0,86,172,345,10,5,1022,1,1,78,156,312
0,0,0,0,0,0,0,0,0,0,0,0,0,0,0,0
10,6,4095,1,0,43,86,173,0,0,0,0,0,0,0,0
2,4,2156,0,14,15,31,62,0,0,0,0,0,0,0,0
10,5,3021,1,1,115,231,462,0,0,0,0,0,0,0,0
10,6,4095,1,0,195,390,781,0,0,0,0,0,0,0,0
10,6,4095,1,0,156,312,625,0,0,0,0,0,0,0,0
8,4,2800,0,3,162,325,650,0,0,0,0,0,0,0,0
6,4,1229,0,6,153,307,615,0,0,0,0,0,0,0,0
10,5,3014,1,1,167,334,669,10,4,1571,0,2,32,65,130
10,5,3064,0,0,179,358,716,0,0,0,0,0,0,0,0
0,0,0,0,0,0,0,0,0,0,0,0,0,0,0,0
0,0,0,0,0,0,0,0,0,0,0,0,0,0,0,0
10,6,3931,1,0,35,70,141,0,0,0,0,0,0,0,0
10,6,4095,1,0,92,184,369,0,0,0,0,0,0,0,0
10,5,1023,1,0,65,130,261,0,0,0,0,0,0,0,0
10,6,4095,1,0,63,126,253,0,0,0,0,0,0,0,0
0,0,0,0,0,0,0,0,0,0,0,0,0,0,0,0
10,5,1458,0,2,147,294,589,0,0,0,0,0,0,0,0
10,4,739,0,1,131,263,527,0,0,0,0,0,0,0,0
10,6,4095,1,0,95,190,381,0,0,0,0,0,0,0,0
10,6,4090,1,1,33,67,135,0,0,0,0,0,0,0,0
10,6,4095,1,0,25,50,101,0,0,0,0,0,0,0,0
0,0,0,0,0,0,0,0,0,0,0,0,0,0,0,0
10,6,4095,1,0,103,206,413,0,0,0,0,0,0,0,0
10,6,4095,1,0,120,240,481,0,0,0,0,0,0,0,0
7,4,3016,1,6,4,8,17,0,0,0,0,0,0,0,0
10,6,2790,1,0,6,12,25,0,0,0,0,0,0,0,0
10,6,4095,1,0,124,248,497,0,0,0,0,0,0,0,0
10,5,2412,0,2,117,234,469,10,4,174,0,0,100,201,402
10,6,4095,1,0,23,46,93,0,0,0,0,0,0,0,0
10,6,4095,1,0,45,90,181,0,0,0,0,0,0,0,0
10,6,3002,1,0,80,161,322,0,0,0,0,0,0,0,0
10,6,4095,1,0,11,22,45,0,0,0,0,0,0,0,0
10,5,2732,0,1,4,9,19,0,0,0,0,0,0,0,0
10,4,3891,0,0,117,234,469,0,0,0,0,0,0,0,0
3,4,3744,1,15,46,92,185,0,0,0,0,0,0,0,0
7,5,3725,1,7,60,121,243,3,5,3321,1,15,104,209,418
10,6,1509,1,0,33,67,135,10,6,2746,0,0,43,87,174
10,6,3419,0,0,83,166,332,0,0,0,0,0,0,0,0
10,5,2787,0,1,152,305,611,0,0,0,0,0,0,0,0
10,6,4079,1,0,200,400,800,0,0,0,0,0,0,0,0
