sim_clct0_pid,sim_clct0_nhit,sim_clct0_cc_code,sim_clct0_bend,sim_clct0_slope,sim_clct0_KeyHalfStrip,sim_clct0_KeyQuartStrip,sim_clct0_KeyEighthStrip,sim_clct1_pid,sim_clct1_nhit,sim_clct1_cc_code,sim_clct1_bend,sim_clct1_slope,sim_clct1_KeyHalfStrip,sim_clct1_KeyQuartStrip,sim_clct1_KeyEighthStrip
0,0,0,0,0,0,0,0,0,0,0,0,0,0,0,0
0,0,0,0,0,0,0,0,0,0,0,0,0,0,0,0
10,6,4095,1,0,73,146,293,0,0,0,0,0,0,0,0
10,6,3067,0,0,86,172,344,0,0,0,0,0,0,0,0
0,0,0,0,0,0,0,0,0,0,0,0,0,0,0,0
10,5,2858,1,0,107,215,430,0,0,0,0,0,0,0,0
0,0,0,0,0,0,0,0,0,0,0,0,0,0,0,0
0,0,0,0,0,0,0,0,0,0,0,0,0,0,0,0
0,0,0,0,0,0,0,0,0,0,0,0,0,0,0,0
0,0,0,0,0,0,0,0,0,0,0,0,0,0,0,0
8,4,1776,0,5,150,301,603,0,0,0,0,0,0,0,0
3,6,2734,1,13,23,47,94,0,0,0,0,0,0,0,0
10,5,3059,0,1,80,160,321,0,0,0,0,0,0,0,0
0,0,0,0,0,0,0,0,0,0,0,0,0,0,0,0
0,0,0,0,0,0,0,0,0,0,0,0,0,0,0,0
0,0,0,0,0,0,0,0,0,0,0,0,0,0,0,0
0,0,0,0,0,0,0,0,0,0,0,0,0,0,0,0
0,0,0,0,0,0,0,0,0,0,0,0,0,0,0,0
0,0,0,0,0,0,0,0,0,0,0,0,0,0,0,0
0,0,0,0,0,0,0,0,0,0,0,0,0,0,0,0
10,6,1711,0,2,47,95,190,10,4,219,0,0,33,67,134
10,5,2732,0,1,61,123,247,0,0,0,0,0,0,0,0
10,4,2831,0,1,41,82,164,0,0,0,0,0,0,0,0
9,6,2815,1,4,16,33,67,0,0,0,0,0,0,0,0
0,0,0,0,0,0,0,0,0,0,0,0,0,0,0,0
0,0,0,0,0,0,0,0,0,0,0,0,0,0,0,0
0,0,0,0,0,0,0,0,0,0,0,0,0,0,0,0
0,0,0,0,0,0,0,0,0,0,0,0,0,0,0,0
0,0,0,0,0,0,0,0,0,0,0,0,0,0,0,0
8,5,3902,0,4,155,310,621,0,0,0,0,0,0,0,0
8,6,4026,0,4,11,22,44,0,0,0,0,0,0,0,0
9,5,1023,1,5,81,162,324,0,0,0,0,0,0,0,0
0,0,0,0,0,0,0,0,0,0,0,0,0,0,0,0
0,0,0,0,0,0,0,0,0,0,0,0,0,0,0,0
10,4,3618,1,1,66,133,266,0,0,0,0,0,0,0,0
0,0,0,0,0,0,0,0,0,0,0,0,0,0,0,0
9,5,3881,1,3,78,156,313,0,0,0,0,0,0,0,0
0,0,0,0,0,0,0,0,0,0,0,0,0,0,0,0
0,0,0,0,0,0,0,0,0,0,0,0,0,0,0,0
0,0,0,0,0,0,0,0,0,0,0,0,0,0,0,0
0,0,0,0,0,0,0,0,0,0,0,0,0,0,0,0
7,4,810,1,7,133,266,533,0,0,0,0,0,0,0,0
10,5,1006,1,1,133,266,532,0,0,0,0,0,0,0,0
9,5,3988,1,4,118,237,474,0,0,0,0,0,0,0,0
8,4,1596,0,4,133,266,532,0,0,0,0,0,0,0,0
0,0,0,0,0,0,0,0,0,0,0,0,0,0,0,0
10,4,826,1,2,50,101,203,0,0,0,0,0,0,0,0
0,0,0,0,0,0,0,0,0,0,0,0,0,0,0,0
0,0,0,0,0,0,0,0,0,0,0,0,0,0,0,0
0,0,0,0,0,0,0,0,0,0,0,0,0,0,0,0
10,5,938,1,1,99,199,398,0,0,0,0,0,0,0,0
0,0,0,0,0,0,0,0,0,0,0,0,0,0,0,0
8,4,1071,0,3,19,39,78,0,0,0,0,0,0,0,0
0,0,0,0,0,0,0,0,0,0,0,0,0,0,0,0
0,0,0,0,0,0,0,0,0,0,0,0,0,0,0,0
10,4,255,0,0,32,64,129,0,0,0,0,0,0,0,0
5,4,3984,1,11,144,288,576,0,0,0,0,0,0,0,0
8,5,363,0,4,28,56,112,0,0,0,0,0,0,0,0
0,0,0,0,0,0,0,0,0,0,0,0,0,0,0,0
9,5,2863,1,5,118,237,474,0,0,0,0,0,0,0,0
8,4,1968,0,4,133,266,533,0,0,0,0,0,0,0,0
0,0,0,0,0,0,0,0,0,0,0,0,0,0,0,0
10,5,3898,1,1,50,101,203,0,0,0,0,0,0,0,0
0,0,0,0,0,0,0,0,0,0,0,0,0,0,0,0
6,5,365,0,7,138,276,553,0,0,0,0,0,0,0,0
0,0,0,0,0,0,0,0,0,0,0,0,0,0,0,0
3,4,764,1,13,22,44,89,0,0,0,0,0,0,0,0
0,0,0,0,0,0,0,0,0,0,0,0,0,0,0,0
0,0,0,0,0,0,0,0,0,0,0,0,0,0,0,0
0,0,0,0,0,0,0,0,0,0,0,0,0,0,0,0
10,4,975,0,0,146,292,585,0,0,0,0,0,0,0,0
0,0,0,0,0,0,0,0,0,0,0,0,0,0,0,0
0,0,0,0,0,0,0,0,0,0,0,0,0,0,0,0
0,0,0,0,0,0,0,0,0,0,0,0,0,0,0,0
0,0,0,0,0,0,0,0,0,0,0,0,0,0,0,0
10,5,3327,1,0,25,50,101,0,0,0,0,0,0,0,0
10,5,3903,0,0,77,154,309,0,0,0,0,0,0,0,0
0,0,0,0,0,0,0,0,0,0,0,0,0,0,0,0
4,4,1356,0,10,46,93,187,0,0,0,0,0,0,0,0
10,6,2734,0,0,23,47,94,0,0,0,0,0,0,0,0
0,0,0,0,0,0,0,0,0,0,0,0,0,0,0,0
0,0,0,0,0,0,0,0,0,0,0,0,0,0,0,0
10,6,4095,1,0,141,282,565,0,0,0,0,0,0,0,0
9,5,3877,1,3,4,8,16,0,0,0,0,0,0,0,0
0,0,0,0,0,0,0,0,0,0,0,0,0,0,0,0
0,0,0,0,0,0,0,0,0,0,0,0,0,0,0,0
10,4,831,1,0,43,86,173,0,0,0,0,0,0,0,0
10,6,4095,1,0,62,124,249,0,0,0,0,0,0,0,0
0,0,0,0,0,0,0,0,0,0,0,0,0,0,0,0
10,4,3214,1,0,29,59,119,0,0,0,0,0,0,0,0
10,6,4095,1,0,77,154,309,0,0,0,0,0,0,0,0
4,6,1455,0,9,47,94,188,0,0,0,0,0,0,0,0
9,4,3324,1,5,75,150,300,0,0,0,0,0,0,0,0
0,0,0,0,0,0,0,0,0,0,0,0,0,0,0,0
0,0,0,0,0,0,0,0,0,0,0,0,0,0,0,0
0,0,0,0,0,0,0,0,0,0,0,0,0,0,0,0
0,0,0,0,0,0,0,0,0,0,0,0,0,0,0,0
10,5,2812,0,2,39,78,157,0,0,0,0,0,0,0,0
0,0,0,0,0,0,0,0,0,0,0,0,0,0,0,0
10,5,3827,0,0,46,92,185,0,0,0,0,0,0,0,0
0,0,0,0,0,0,0,0,0,0,0,0,0,0,0,0
0,0,0,0,0,0,0,0,0,0,0,0,0,0,0,0
0,0,0,0,0,0,0,0,0,0,0,0,0,0,0,0
10,6,1461,0,0,60,121,243,0,0,0,0,0,0,0,0
10,6,2747,0,1,134,269,539,0,0,0,0,0,0,0,0
10,6,3839,0,0,37,74,149,0,0,0,0,0,0,0,0
6,4,3279,0,6,17,35,71,0,0,0,0,0,0,0,0
0,0,0,0,0,0,0,0,0,0,0,0,0,0,0,0
0,0,0,0,0,0,0,0,0,0,0,0,0,0,0,0
10,5,4042,1,1,29,59,119,0,0,0,0,0,0,0,0
0,0,0,0,0,0,0,0,0,0,0,0,0,0,0,0
0,0,0,0,0,0,0,0,0,0,0,0,0,0,0,0
10,6,2986,1,0,118,236,473,0,0,0,0,0,0,0,0
0,0,0,0,0,0,0,0,0,0,0,0,0,0,0,0
10,6,2747,0,1,45,91,183,0,0,0,0,0,0,0,0
0,0,0,0,0,0,0,0,0,0,0,0,0,0,0,0
7,4,3298,1,8,74,148,297,0,0,0,0,0,0,0,0
0,0,0,0,0,0,0,0,0,0,0,0,0,0,0,0
0,0,0,0,0,0,0,0,0,0,0,0,0,0,0,0
10,6,1461,0,0,60,121,243,0,0,0,0,0,0,0,0
10,6,2667,0,1,134,268,537,0,0,0,0,0,0,0,0
10,4,3619,0,0,36,73,147,0,0,0,0,0,0,0,0
0,0,0,0,0,0,0,0,0,0,0,0,0,0,0,0
10,6,3823,0,0,67,134,268,0,0,0,0,0,0,0,0
10,4,3891,0,0,61,122,245,0,0,0,0,0,0,0,0
5,6,1470,1,10,61,123,246,0,0,0,0,0,0,0,0
0,0,0,0,0,0,0,0,0,0,0,0,0,0,0,0
10,6,4078,1,1,42,85,171,0,0,0,0,0,0,0,0
10,5,2623,0,1,34,68,136,0,0,0,0,0,0,0,0
6,4,575,0,8,99,198,397,0,0,0,0,0,0,0,0
0,0,0,0,0,0,0,0,0,0,0,0,0,0,0,0
10,4,690,0,0,70,141,282,0,0,0,0,0,0,0,0
0,0,0,0,0,0,0,0,0,0,0,0,0,0,0,0
0,0,0,0,0,0,0,0,0,0,0,0,0,0,0,0
0,0,0,0,0,0,0,0,0,0,0,0,0,0,0,0
0,0,0,0,0,0,0,0,0,0,0,0,0,0,0,0
0,0,0,0,0,0,0,0,0,0,0,0,0,0,0,0
8,5,1388,0,4,26,52,105,10,5,3903,0,0,62,124,249
0,0,0,0,0,0,0,0,0,0,0,0,0,0,0,0
2,5,1019,0,13,104,208,416,0,0,0,0,0,0,0,0
10,6,4095,1,0,6,12,25,0,0,0,0,0,0,0,0
10,6,4091,1,0,156,312,624,0,0,0,0,0,0,0,0
0,0,0,0,0,0,0,0,0,0,0,0,0,0,0,0
10,4,3900,0,0,2,4,9,0,0,0,0,0,0,0,0
0,0,0,0,0,0,0,0,0,0,0,0,0,0,0,0
2,5,939,0,14,89,179,358,0,0,0,0,0,0,0,0
0,0,0,0,0,0,0,0,0,0,0,0,0,0,0,0
0,0,0,0,0,0,0,0,0,0,0,0,0,0,0,0
10,5,3903,0,0,44,88,177,0,0,0,0,0,0,0,0
0,0,0,0,0,0,0,0,0,0,0,0,0,0,0,0
0,0,0,0,0,0,0,0,0,0,0,0,0,0,0,0
0,0,0,0,0,0,0,0,0,0,0,0,0,0,0,0
9,4,809,1,3,38,76,153,0,0,0,0,0,0,0,0
9,5,2283,1,5,66,132,265,0,0,0,0,0,0,0,0
10,4,3024,1,2,112,224,448,0,0,0,0,0,0,0,0
0,0,0,0,0,0,0,0,0,0,0,0,0,0,0,0
0,0,0,0,0,0,0,0,0,0,0,0,0,0,0,0
0,0,0,0,0,0,0,0,0,0,0,0,0,0,0,0
0,0,0,0,0,0,0,0,0,0,0,0,0,0,0,0
9,5,2283,1,5,66,132,265,0,0,0,0,0,0,0,0
0,0,0,0,0,0,0,0,0,0,0,0,0,0,0,0
0,0,0,0,0,0,0,0,0,0,0,0,0,0,0,0
0,0,0,0,0,0,0,0,0,0,0,0,0,0,0,0
10,5,1195,0,2,155,310,621,0,0,0,0,0,0,0,0
8,4,1676,0,3,9,19,39,0,0,0,0,0,0,0,0
9,4,3969,1,3,79,158,316,0,0,0,0,0,0,0,0
2,6,2391,0,14,92,185,371,0,0,0,0,0,0,0,0
9,4,4048,1,4,97,195,391,0,0,0,0,0,0,0,0
10,5,3810,1,1,28,57,114,0,0,0,0,0,0,0,0
10,6,2751,0,2,22,44,88,0,0,0,0,0,0,0,0
9,6,4073,1,3,53,107,214,0,0,0,0,0,0,0,0
0,0,0,0,0,0,0,0,0,0,0,0,0,0,0,0
0,0,0,0,0,0,0,0,0,0,0,0,0,0,0,0
0,0,0,0,0,0,0,0,0,0,0,0,0,0,0,0
0,0,0,0,0,0,0,0,0,0,0,0,0,0,0,0
0,0,0,0,0,0,0,0,0,0,0,0,0,0,0,0
10,5,3004,0,1,70,140,280,0,0,0,0,0,0,0,0
3,4,1020,1,15,113,226,453,0,0,0,0,0,0,0,0
10,5,2808,0,0,75,151,303,0,0,0,0,0,0,0,0
10,5,4002,1,1,117,235,470,0,0,0,0,0,0,0,0
0,0,0,0,0,0,0,0,0,0,0,0,0,0,0,0
10,4,484,1,0,118,236,472,0,0,0,0,0,0,0,0
10,4,3308,1,0,141,282,564,0,0,0,0,0,0,0,0
0,0,0,0,0,0,0,0,0,0,0,0,0,0,0,0
0,0,0,0,0,0,0,0,0,0,0,0,0,0,0,0
7,5,3309,1,8,127,254,509,0,0,0,0,0,0,0,0
10,5,3747,0,0,18,37,75,0,0,0,0,0,0,0,0
0,0,0,0,0,0,0,0,0,0,0,0,0,0,0,0
9,4,4048,1,4,97,195,391,0,0,0,0,0,0,0,0
10,5,2703,0,1,21,43,87,0,0,0,0,0,0,0,0
0,0,0,0,0,0,0,0,0,0,0,0,0,0,0,0
0,0,0,0,0,0,0,0,0,0,0,0,0,0,0,0
0,0,0,0,0,0,0,0,0,0,0,0,0,0,0,0
0,0,0,0,0,0,0,0,0,0,0,0,0,0,0,0
0,0,0,0,0,0,0,0,0,0,0,0,0,0,0,0
3,4,1020,1,15,113,226,453,0,0,0,0,0,0,0,0
0,0,0,0,0,0,0,0,0,0,0,0,0,0,0,0
10,5,1023,1,0,101,202,405,0,0,0,0,0,0,0,0
4,5,3668,0,10,5,10,21,0,0,0,0,0,0,0,0
10,5,4083,0,0,106,212,425,0,0,0,0,0,0,0,0
10,5,3068,0,1,30,60,121,0,0,0,0,0,0,0,0
0,0,0,0,0,0,0,0,0,0,0,0,0,0,0,0
10,5,3326,1,1,85,170,340,0,0,0,0,0,0,0,0
9,4,825,1,3,57,115,231,0,0,0,0,0,0,0,0
10,5,1023,1,0,49,98,197,0,0,0,0,0,0,0,0
8,4,399,0,4,116,233,466,0,0,0,0,0,0,0,0
10,5,3897,1,2,2,5,10,0,0,0,0,0,0,0,0
6,6,3007,0,7,150,301,602,0,0,0,0,0,0,0,0
10,5,2812,0,2,153,306,613,0,0,0,0,0,0,0,0
0,0,0,0,0,0,0,0,0,0,0,0,0,0,0,0
9,5,4037,1,3,138,276,553,0,0,0,0,0,0,0,0
0,0,0,0,0,0,0,0,0,0,0,0,0,0,0,0
0,0,0,0,0,0,0,0,0,0,0,0,0,0,0,0
0,0,0,0,0,0,0,0,0,0,0,0,0,0,0,0
10,5,2732,0,1,141,283,567,0,0,0,0,0,0,0,0
3,5,1021,1,15,19,38,76,0,0,0,0,0,0,0,0
10,5,3626,1,1,62,125,250,0,0,0,0,0,0,0,0
0,0,0,0,0,0,0,0,0,0,0,0,0,0,0,0
0,0,0,0,0,0,0,0,0,0,0,0,0,0,0,0
0,0,0,0,0,0,0,0,0,0,0,0,0,0,0,0
8,5,1215,0,3,116,233,467,0,0,0,0,0,0,0,0
9,6,4073,1,3,2,5,10,0,0,0,0,0,0,0,0
6,6,2815,0,7,150,301,602,0,0,0,0,0,0,0,0
0,0,0,0,0,0,0,0,0,0,0,0,0,0,0,0
8,5,4028,0,5,70,141,282,0,0,0,0,0,0,0,0
8,5,3898,0,4,7,14,28,0,0,0,0,0,0,0,0
8,4,3850,0,4,152,304,608,0,0,0,0,0,0,0,0
0,0,0,0,0,0,0,0,0,0,0,0,0,0,0,0
10,6,2733,1,0,149,298,597,0,0,0,0,0,0,0,0
6,4,947,0,6,2,5,10,0,0,0,0,0,0,0,0
9,4,233,1,4,128,257,514,0,0,0,0,0,0,0,0
10,6,3754,1,1,14,28,57,0,0,0,0,0,0,0,0
9,4,2095,1,4,22,45,90,0,0,0,0,0,0,0,0
10,6,2735,0,1,8,17,35,0,0,0,0,0,0,0,0
10,4,4080,0,0,21,42,85,0,0,0,0,0,0,0,0
0,0,0,0,0,0,0,0,0,0,0,0,0,0,0,0
0,0,0,0,0,0,0,0,0,0,0,0,0,0,0,0
9,5,3301,1,3,27,54,109,0,0,0,0,0,0,0,0
4,5,367,0,10,54,109,219,0,0,0,0,0,0,0,0
3,4,249,1,15,138,276,552,0,0,0,0,0,0,0,0
8,6,1387,0,3,27,54,108,0,0,0,0,0,0,0,0
5,5,3605,1,9,132,264,529,0,0,0,0,0,0,0,0
0,0,0,0,0,0,0,0,0,0,0,0,0,0,0,0
10,5,1195,0,2,107,214,429,0,0,0,0,0,0,0,0
7,5,3042,1,6,117,234,469,0,0,0,0,0,0,0,0
0,0,0,0,0,0,0,0,0,0,0,0,0,0,0,0
3,4,916,1,15,36,73,146,0,0,0,0,0,0,0,0
0,0,0,0,0,0,0,0,0,0,0,0,0,0,0,0
9,5,3732,1,4,84,169,338,0,0,0,0,0,0,0,0
0,0,0,0,0,0,0,0,0,0,0,0,0,0,0,0
10,6,4009,1,2,142,284,569,0,0,0,0,0,0,0,0
9,6,3797,1,3,26,53,107,0,0,0,0,0,0,0,0
6,6,1402,0,8,54,109,218,0,0,0,0,0,0,0,0
0,0,0,0,0,0,0,0,0,0,0,0,0,0,0,0
0,0,0,0,0,0,0,0,0,0,0,0,0,0,0,0
3,5,1017,1,15,137,275,551,0,0,0,0,0,0,0,0
0,0,0,0,0,0,0,0,0,0,0,0,0,0,0,0
0,0,0,0,0,0,0,0,0,0,0,0,0,0,0,0
0,0,0,0,0,0,0,0,0,0,0,0,0,0,0,0
8,4,1347,0,3,27,54,109,0,0,0,0,0,0,0,0
9,5,2286,1,5,44,88,177,0,0,0,0,0,0,0,0
10,4,2111,0,1,88,176,352,0,0,0,0,0,0,0,0
0,0,0,0,0,0,0,0,0,0,0,0,0,0,0,0
0,0,0,0,0,0,0,0,0,0,0,0,0,0,0,0
0,0,0,0,0,0,0,0,0,0,0,0,0,0,0,0
7,5,745,1,8,30,61,123,0,0,0,0,0,0,0,0
8,6,1727,0,3,64,129,259,0,0,0,0,0,0,0,0
0,0,0,0,0,0,0,0,0,0,0,0,0,0,0,0
10,6,3071,0,1,18,36,73,0,0,0,0,0,0,0,0
7,5,3242,1,7,72,144,288,0,0,0,0,0,0,0,0
10,6,1451,0,2,39,78,157,0,0,0,0,0,0,0,0
0,0,0,0,0,0,0,0,0,0,0,0,0,0,0,0
0,0,0,0,0,0,0,0,0,0,0,0,0,0,0,0
0,0,0,0,0,0,0,0,0,0,0,0,0,0,0,0
0,0,0,0,0,0,0,0,0,0,0,0,0,0,0,0
5,4,2444,1,11,46,93,187,0,0,0,0,0,0,0,0
0,0,0,0,0,0,0,0,0,0,0,0,0,0,0,0
0,0,0,0,0,0,0,0,0,0,0,0,0,0,0,0
10,5,3068,0,1,117,234,469,0,0,0,0,0,0,0,0
0,0,0,0,0,0,0,0,0,0,0,0,0,0,0,0
0,0,0,0,0,0,0,0,0,0,0,0,0,0,0,0
9,5,1764,1,5,67,135,271,0,0,0,0,0,0,0,0
0,0,0,0,0,0,0,0,0,0,0,0,0,0,0,0
0,0,0,0,0,0,0,0,0,0,0,0,0,0,0,0
0,0,0,0,0,0,0,0,0,0,0,0,0,0,0,0
0,0,0,0,0,0,0,0,0,0,0,0,0,0,0,0
0,0,0,0,0,0,0,0,0,0,0,0,0,0,0,0
0,0,0,0,0,0,0,0,0,0,0,0,0,0,0,0
10,5,2412,0,2,7,14,29,0,0,0,0,0,0,0,0
0,0,0,0,0,0,0,0,0,0,0,0,0,0,0,0
0,0,0,0,0,0,0,0,0,0,0,0,0,0,0,0
0,0,0,0,0,0,0,0,0,0,0,0,0,0,0,0
0,0,0,0,0,0,0,0,0,0,0,0,0,0,0,0
10,4,3114,1,1,96,193,386,0,0,0,0,0,0,0,0
3,5,3827,1,12,46,93,186,0,0,0,0,0,0,0,0
2,5,3068,0,15,117,234,468,0,0,0,0,0,0,0,0
0,0,0,0,0,0,0,0,0,0,0,0,0,0,0,0
10,4,3315,0,0,69,138,277,0,0,0,0,0,0,0,0
10,4,2211,0,1,130,261,522,0,0,0,0,0,0,0,0
10,5,2623,0,1,152,304,608,0,0,0,0,0,0,0,0
10,6,4095,1,0,19,38,77,0,0,0,0,0,0,0,0
0,0,0,0,0,0,0,0,0,0,0,0,0,0,0,0
0,0,0,0,0,0,0,0,0,0,0,0,0,0,0,0
8,4,1196,0,3,79,159,318,0,0,0,0,0,0,0,0
0,0,0,0,0,0,0,0,0,0,0,0,0,0,0,0
10,6,2751,0,2,18,36,72,0,0,0,0,0,0,0,0
0,0,0,0,0,0,0,0,0,0,0,0,0,0,0,0
10,6,2735,0,1,12,25,51,0,0,0,0,0,0,0,0
0,0,0,0,0,0,0,0,0,0,0,0,0,0,0,0
8,6,1455,0,3,106,213,426,0,0,0,0,0,0,0,0
5,6,3733,1,9,17,34,69,0,0,0,0,0,0,0,0
10,6,2811,0,1,103,207,415,0,0,0,0,0,0,0,0
10,4,764,0,2,4,8,17,0,0,0,0,0,0,0,0
10,5,1146,0,2,18,36,72,0,0,0,0,0,0,0,0
10,6,1451,0,2,39,78,157,0,0,0,0,0,0,0,0
3,6,3753,1,15,94,188,377,0,0,0,0,0,0,0,0
0,0,0,0,0,0,0,0,0,0,0,0,0,0,0,0
0,0,0,0,0,0,0,0,0,0,0,0,0,0,0,0
10,4,2227,0,1,68,136,272,0,0,0,0,0,0,0,0
0,0,0,0,0,0,0,0,0,0,0,0,0,0,0,0
0,0,0,0,0,0,0,0,0,0,0,0,0,0,0,0
0,0,0,0,0,0,0,0,0,0,0,0,0,0,0,0
0,0,0,0,0,0,0,0,0,0,0,0,0,0,0,0
0,0,0,0,0,0,0,0,0,0,0,0,0,0,0,0
0,0,0,0,0,0,0,0,0,0,0,0,0,0,0,0
10,5,4066,1,1,86,173,347,0,0,0,0,0,0,0,0
10,5,3327,1,0,109,218,437,0,0,0,0,0,0,0,0
0,0,0,0,0,0,0,0,0,0,0,0,0,0,0,0
7,6,4074,1,8,140,280,561,0,0,0,0,0,0,0,0
0,0,0,0,0,0,0,0,0,0,0,0,0,0,0,0
0,0,0,0,0,0,0,0,0,0,0,0,0,0,0,0
0,0,0,0,0,0,0,0,0,0,0,0,0,0,0,0
0,0,0,0,0,0,0,0,0,0,0,0,0,0,0,0
10,6,4095,1,0,128,256,513,0,0,0,0,0,0,0,0
0,0,0,0,0,0,0,0,0,0,0,0,0,0,0,0
0,0,0,0,0,0,0,0,0,0,0,0,0,0,0,0
10,5,3902,1,1,10,20,40,0,0,0,0,0,0,0,0
7,6,4075,1,6,20,41,82,0,0,0,0,0,0,0,0
10,6,4091,1,0,132,264,528,0,0,0,0,0,0,0,0
10,6,3071,0,1,110,220,441,0,0,0,0,0,0,0,0
0,0,0,0,0,0,0,0,0,0,0,0,0,0,0,0
0,0,0,0,0,0,0,0,0,0,0,0,0,0,0,0
0,0,0,0,0,0,0,0,0,0,0,0,0,0,0,0
0,0,0,0,0,0,0,0,0,0,0,0,0,0,0,0
10,5,4002,1,1,144,289,578,0,0,0,0,0,0,0,0
10,4,3891,0,0,120,240,481,0,0,0,0,0,0,0,0
6,5,2748,0,8,29,58,117,0,0,0,0,0,0,0,0
0,0,0,0,0,0,0,0,0,0,0,0,0,0,0,0
0,0,0,0,0,0,0,0,0,0,0,0,0,0,0,0
10,5,1023,1,0,61,122,245,0,0,0,0,0,0,0,0
10,4,3976,1,2,107,215,430,0,0,0,0,0,0,0,0
10,6,4095,1,0,110,220,441,0,0,0,0,0,0,0,0
0,0,0,0,0,0,0,0,0,0,0,0,0,0,0,0
10,5,4083,0,0,106,212,425,0,0,0,0,0,0,0,0
0,0,0,0,0,0,0,0,0,0,0,0,0,0,0,0
0,0,0,0,0,0,0,0,0,0,0,0,0,0,0,0
0,0,0,0,0,0,0,0,0,0,0,0,0,0,0,0
10,4,3900,0,0,148,296,593,0,0,0,0,0,0,0,0
10,5,4076,1,0,121,242,484,0,0,0,0,0,0,0,0
6,4,2736,0,8,59,118,237,0,0,0,0,0,0,0,0
0,0,0,0,0,0,0,0,0,0,0,0,0,0,0,0
10,4,3234,1,1,85,171,342,0,0,0,0,0,0,0,0
0,0,0,0,0,0,0,0,0,0,0,0,0,0,0,0
10,6,4010,1,1,56,113,226,0,0,0,0,0,0,0,0
0,0,0,0,0,0,0,0,0,0,0,0,0,0,0,0
0,0,0,0,0,0,0,0,0,0,0,0,0,0,0,0
0,0,0,0,0,0,0,0,0,0,0,0,0,0,0,0
0,0,0,0,0,0,0,0,0,0,0,0,0,0,0,0
0,0,0,0,0,0,0,0,0,0,0,0,0,0,0,0
0,0,0,0,0,0,0,0,0,0,0,0,0,0,0,0
0,0,0,0,0,0,0,0,0,0,0,0,0,0,0,0
0,0,0,0,0,0,0,0,0,0,0,0,0,0,0,0
10,5,3827,0,0,61,122,245,0,0,0,0,0,0,0,0
0,0,0,0,0,0,0,0,0,0,0,0,0,0,0,0
8,5,4028,0,5,87,175,350,0,0,0,0,0,0,0,0
10,6,4095,1,0,89,178,357,0,0,0,0,0,0,0,0
0,0,0,0,0,0,0,0,0,0,0,0,0,0,0,0
10,6,2815,0,1,138,276,552,0,0,0,0,0,0,0,0
10,4,2187,0,1,149,299,598,0,0,0,0,0,0,0,0
8,6,1785,0,5,15,31,63,0,0,0,0,0,0,0,0
0,0,0,0,0,0,0,0,0,0,0,0,0,0,0,0
10,4,3891,0,0,73,146,293,0,0,0,0,0,0,0,0
10,5,1023,1,0,89,178,357,0,0,0,0,0,0,0,0
10,5,3327,1,0,86,172,345,0,0,0,0,0,0,0,0
10,5,3310,1,1,19,39,79,0,0,0,0,0,0,0,0
10,6,4079,1,0,73,146,292,0,0,0,0,0,0,0,0
8,5,1724,0,4,43,86,172,0,0,0,0,0,0,0,0
0,0,0,0,0,0,0,0,0,0,0,0,0,0,0,0
10,6,4095,1,0,52,104,209,0,0,0,0,0,0,0,0
0,0,0,0,0,0,0,0,0,0,0,0,0,0,0,0
0,0,0,0,0,0,0,0,0,0,0,0,0,0,0,0
0,0,0,0,0,0,0,0,0,0,0,0,0,0,0,0
5,5,3732,1,9,25,50,101,0,0,0,0,0,0,0,0
8,5,3898,0,4,87,174,348,0,0,0,0,0,0,0,0
0,0,0,0,0,0,0,0,0,0,0,0,0,0,0,0
0,0,0,0,0,0,0,0,0,0,0,0,0,0,0,0
0,0,0,0,0,0,0,0,0,0,0,0,0,0,0,0
0,0,0,0,0,0,0,0,0,0,0,0,0,0,0,0
0,0,0,0,0,0,0,0,0,0,0,0,0,0,0,0
0,0,0,0,0,0,0,0,0,0,0,0,0,0,0,0
0,0,0,0,0,0,0,0,0,0,0,0,0,0,0,0
10,5,3903,0,0,107,214,429,0,0,0,0,0,0,0,0
10,5,3903,0,0,152,304,609,0,0,0,0,0,0,0,0
10,4,2211,0,1,3,7,14,0,0,0,0,0,0,0,0
9,6,3070,1,5,134,269,538,0,0,0,0,0,0,0,0
10,4,4044,0,0,157,314,629,0,0,0,0,0,0,0,0
10,5,1579,0,2,5,10,21,0,0,0,0,0,0,0,0
0,0,0,0,0,0,0,0,0,0,0,0,0,0,0,0
0,0,0,0,0,0,0,0,0,0,0,0,0,0,0,0
9,5,937,1,3,121,242,485,0,0,0,0,0,0,0,0
10,5,3064,0,0,76,152,304,0,0,0,0,0,0,0,0
10,6,4010,1,1,117,235,470,0,0,0,0,0,0,0,0
10,4,4080,0,0,124,248,497,0,0,0,0,0,0,0,0
10,4,484,1,0,118,236,472,0,0,0,0,0,0,0,0
0,0,0,0,0,0,0,0,0,0,0,0,0,0,0,0
5,5,3221,1,9,49,98,197,0,0,0,0,0,0,0,0
0,0,0,0,0,0,0,0,0,0,0,0,0,0,0,0
10,4,3624,1,1,35,70,141,0,0,0,0,0,0,0,0
9,4,975,1,5,107,215,431,0,0,0,0,0,0,0,0
0,0,0,0,0,0,0,0,0,0,0,0,0,0,0,0
8,6,3770,0,5,130,260,520,0,0,0,0,0,0,0,0
0,0,0,0,0,0,0,0,0,0,0,0,0,0,0,0
0,0,0,0,0,0,0,0,0,0,0,0,0,0,0,0
0,0,0,0,0,0,0,0,0,0,0,0,0,0,0,0
10,6,4095,1,0,107,214,429,0,0,0,0,0,0,0,0
0,0,0,0,0,0,0,0,0,0,0,0,0,0,0,0
9,6,3070,1,5,134,269,538,0,0,0,0,0,0,0,0
0,0,0,0,0,0,0,0,0,0,0,0,0,0,0,0
8,4,1196,0,3,5,11,22,0,0,0,0,0,0,0,0
10,5,4047,0,0,106,212,425,0,0,0,0,0,0,0,0
0,0,0,0,0,0,0,0,0,0,0,0,0,0,0,0
9,5,937,1,3,121,242,485,0,0,0,0,0,0,0,0
0,0,0,0,0,0,0,0,0,0,0,0,0,0,0,0
0,0,0,0,0,0,0,0,0,0,0,0,0,0,0,0
0,0,0,0,0,0,0,0,0,0,0,0,0,0,0,0
0,0,0,0,0,0,0,0,0,0,0,0,0,0,0,0
0,0,0,0,0,0,0,0,0,0,0,0,0,0,0,0
9,4,3011,1,5,31,63,126,0,0,0,0,0,0,0,0
10,5,3882,1,1,134,269,538,0,0,0,0,0,0,0,0
0,0,0,0,0,0,0,0,0,0,0,0,0,0,0,0
10,5,1023,1,0,141,282,565,0,0,0,0,0,0,0,0
0,0,0,0,0,0,0,0,0,0,0,0,0,0,0,0
0,0,0,0,0,0,0,0,0,0,0,0,0,0,0,0
10,4,3114,1,1,62,125,250,0,0,0,0,0,0,0,0
10,6,2922,1,0,16,32,65,0,0,0,0,0,0,0,0
4,4,331,0,9,139,279,558,0,0,0,0,0,0,0,0
10,4,1010,1,2,85,170,340,0,0,0,0,0,0,0,0
0,0,0,0,0,0,0,0,0,0,0,0,0,0,0,0
0,0,0,0,0,0,0,0,0,0,0,0,0,0,0,0
4,5,2964,0,11,4,9,19,0,0,0,0,0,0,0,0
0,0,0,0,0,0,0,0,0,0,0,0,0,0,0,0
0,0,0,0,0,0,0,0,0,0,0,0,0,0,0,0
0,0,0,0,0,0,0,0,0,0,0,0,0,0,0,0
0,0,0,0,0,0,0,0,0,0,0,0,0,0,0,0
0,0,0,0,0,0,0,0,0,0,0,0,0,0,0,0
10,5,1023,1,0,98,196,393,0,0,0,0,0,0,0,0
10,4,684,0,2,61,123,247,0,0,0,0,0,0,0,0
10,4,2764,0,2,107,214,429,0,0,0,0,0,0,0,0
3,4,973,1,15,19,38,76,0,0,0,0,0,0,0,0
0,0,0,0,0,0,0,0,0,0,0,0,0,0,0,0
0,0,0,0,0,0,0,0,0,0,0,0,0,0,0,0
0,0,0,0,0,0,0,0,0,0,0,0,0,0,0,0
9,5,3732,1,4,84,169,338,0,0,0,0,0,0,0,0
0,0,0,0,0,0,0,0,0,0,0,0,0,0,0,0
0,0,0,0,0,0,0,0,0,0,0,0,0,0,0,0
10,5,4083,0,0,73,146,293,0,0,0,0,0,0,0,0
10,6,4095,1,0,86,172,345,0,0,0,0,0,0,0,0
0,0,0,0,0,0,0,0,0,0,0,0,0,0,0,0
10,5,3068,0,1,90,180,361,0,0,0,0,0,0,0,0
7,5,4056,1,8,121,242,484,3,5,4092,1,14,3,6,13
0,0,0,0,0,0,0,0,0,0,0,0,0,0,0,0
0,0,0,0,0,0,0,0,0,0,0,0,0,0,0,0
0,0,0,0,0,0,0,0,0,0,0,0,0,0,0,0
10,5,1023,1,0,138,276,553,0,0,0,0,0,0,0,0
5,4,3857,1,9,137,275,550,0,0,0,0,0,0,0,0
0,0,0,0,0,0,0,0,0,0,0,0,0,0,0,0
0,0,0,0,0,0,0,0,0,0,0,0,0,0,0,0
0,0,0,0,0,0,0,0,0,0,0,0,0,0,0,0
0,0,0,0,0,0,0,0,0,0,0,0,0,0,0,0
0,0,0,0,0,0,0,0,0,0,0,0,0,0,0,0
0,0,0,0,0,0,0,0,0,0,0,0,0,0,0,0
10,4,3056,0,2,117,235,470,0,0,0,0,0,0,0,0
0,0,0,0,0,0,0,0,0,0,0,0,0,0,0,0
0,0,0,0,0,0,0,0,0,0,0,0,0,0,0,0
8,4,4044,0,5,91,183,367,0,0,0,0,0,0,0,0
10,6,4095,1,0,29,58,117,0,0,0,0,0,0,0,0
0,0,0,0,0,0,0,0,0,0,0,0,0,0,0,0
10,4,1667,0,2,79,159,318,0,0,0,0,0,0,0,0
0,0,0,0,0,0,0,0,0,0,0,0,0,0,0,0
10,6,3839,0,0,147,294,589,0,0,0,0,0,0,0,0
8,4,3900,0,5,58,117,234,0,0,0,0,0,0,0,0
10,6,4095,1,0,155,310,621,0,0,0,0,0,0,0,0
0,0,0,0,0,0,0,0,0,0,0,0,0,0,0,0
9,4,2280,1,5,44,88,177,0,0,0,0,0,0,0,0
0,0,0,0,0,0,0,0,0,0,0,0,0,0,0,0
0,0,0,0,0,0,0,0,0,0,0,0,0,0,0,0
0,0,0,0,0,0,0,0,0,0,0,0,0,0,0,0
0,0,0,0,0,0,0,0,0,0,0,0,0,0,0,0
0,0,0,0,0,0,0,0,0,0,0,0,0,0,0,0
0,0,0,0,0,0,0,0,0,0,0,0,0,0,0,0
10,4,719,0,1,120,240,480,0,0,0,0,0,0,0,0
0,0,0,0,0,0,0,0,0,0,0,0,0,0,0,0
0,0,0,0,0,0,0,0,0,0,0,0,0,0,0,0
8,4,700,0,3,13,26,52,0,0,0,0,0,0,0,0
9,4,2091,1,5,70,140,281,0,0,0,0,0,0,0,0
10,6,4095,1,0,153,306,613,0,0,0,0,0,0,0,0
10,6,4095,1,0,2,4,9,0,0,0,0,0,0,0,0
0,0,0,0,0,0,0,0,0,0,0,0,0,0,0,0
10,5,4047,0,0,114,228,457,0,0,0,0,0,0,0,0
0,0,0,0,0,0,0,0,0,0,0,0,0,0,0,0
0,0,0,0,0,0,0,0,0,0,0,0,0,0,0,0
5,6,3733,1,9,17,34,69,0,0,0,0,0,0,0,0
0,0,0,0,0,0,0,0,0,0,0,0,0,0,0,0
0,0,0,0,0,0,0,0,0,0,0,0,0,0,0,0
9,4,975,1,5,80,161,323,0,0,0,0,0,0,0,0
0,0,0,0,0,0,0,0,0,0,0,0,0,0,0,0
0,0,0,0,0,0,0,0,0,0,0,0,0,0,0,0
8,5,1323,0,3,119,238,477,0,0,0,0,0,0,0,0
9,6,2395,1,4,110,221,442,0,0,0,0,0,0,0,0
10,6,4074,1,2,86,173,347,0,0,0,0,0,0,0,0
0,0,0,0,0,0,0,0,0,0,0,0,0,0,0,0
0,0,0,0,0,0,0,0,0,0,0,0,0,0,0,0
7,6,4091,1,6,140,281,563,0,0,0,0,0,0,0,0
10,6,4074,1,2,5,11,23,0,0,0,0,0,0,0,0
10,5,3327,1,0,155,310,621,0,0,0,0,0,0,0,0
0,0,0,0,0,0,0,0,0,0,0,0,0,0,0,0
0,0,0,0,0,0,0,0,0,0,0,0,0,0,0,0
0,0,0,0,0,0,0,0,0,0,0,0,0,0,0,0
8,5,1708,0,3,65,131,263,0,0,0,0,0,0,0,0
0,0,0,0,0,0,0,0,0,0,0,0,0,0,0,0
10,5,959,0,0,99,198,396,0,0,0,0,0,0,0,0
0,0,0,0,0,0,0,0,0,0,0,0,0,0,0,0
0,0,0,0,0,0,0,0,0,0,0,0,0,0,0,0
3,4,3396,1,15,138,276,553,0,0,0,0,0,0,0,0
3,5,3827,1,12,22,45,90,0,0,0,0,0,0,0,0
0,0,0,0,0,0,0,0,0,0,0,0,0,0,0,0
0,0,0,0,0,0,0,0,0,0,0,0,0,0,0,0
0,0,0,0,0,0,0,0,0,0,0,0,0,0,0,0
0,0,0,0,0,0,0,0,0,0,0,0,0,0,0,0
0,0,0,0,0,0,0,0,0,0,0,0,0,0,0,0
10,6,4095,1,0,133,266,533,0,0,0,0,0,0,0,0
0,0,0,0,0,0,0,0,0,0,0,0,0,0,0,0
5,6,3733,1,9,122,244,489,0,0,0,0,0,0,0,0
9,6,3733,1,3,100,201,403,0,0,0,0,0,0,0,0
0,0,0,0,0,0,0,0,0,0,0,0,0,0,0,0
10,5,1023,1,0,67,134,269,0,0,0,0,0,0,0,0
0,0,0,0,0,0,0,0,0,0,0,0,0,0,0,0
0,0,0,0,0,0,0,0,0,0,0,0,0,0,0,0
10,6,4095,1,0,106,212,425,0,0,0,0,0,0,0,0
0,0,0,0,0,0,0,0,0,0,0,0,0,0,0,0
0,0,0,0,0,0,0,0,0,0,0,0,0,0,0,0
0,0,0,0,0,0,0,0,0,0,0,0,0,0,0,0
0,0,0,0,0,0,0,0,0,0,0,0,0,0,0,0
0,0,0,0,0,0,0,0,0,0,0,0,0,0,0,0
10,5,2995,0,1,74,148,296,0,0,0,0,0,0,0,0
8,6,4094,0,4,57,115,230,0,0,0,0,0,0,0,0
9,4,215,1,5,41,83,167,0,0,0,0,0,0,0,0
7,4,4035,1,6,74,149,299,0,0,0,0,0,0,0,0
0,0,0,0,0,0,0,0,0,0,0,0,0,0,0,0
8,5,3258,0,4,44,88,176,0,0,0,0,0,0,0,0
0,0,0,0,0,0,0,0,0,0,0,0,0,0,0,0
10,6,4095,1,0,121,242,485,0,0,0,0,0,0,0,0
0,0,0,0,0,0,0,0,0,0,0,0,0,0,0,0
0,0,0,0,0,0,0,0,0,0,0,0,0,0,0,0
10,6,3753,1,2,85,170,340,0,0,0,0,0,0,0,0
10,4,651,0,1,94,189,378,0,0,0,0,0,0,0,0
0,0,0,0,0,0,0,0,0,0,0,0,0,0,0,0
7,5,3887,1,6,20,41,83,0,0,0,0,0,0,0,0
10,5,874,1,0,56,112,225,0,0,0,0,0,0,0,0
8,5,3642,0,5,92,184,368,0,0,0,0,0,0,0,0
5,5,1358,1,10,137,274,549,0,0,0,0,0,0,0,0
0,0,0,0,0,0,0,0,0,0,0,0,0,0,0,0
0,0,0,0,0,0,0,0,0,0,0,0,0,0,0,0
0,0,0,0,0,0,0,0,0,0,0,0,0,0,0,0
0,0,0,0,0,0,0,0,0,0,0,0,0,0,0,0
0,0,0,0,0,0,0,0,0,0,0,0,0,0,0,0
0,0,0,0,0,0,0,0,0,0,0,0,0,0,0,0
0,0,0,0,0,0,0,0,0,0,0,0,0,0,0,0
3,4,969,1,15,92,185,371,0,0,0,0,0,0,0,0
9,4,2187,1,4,78,156,312,0,0,0,0,0,0,0,0
0,0,0,0,0,0,0,0,0,0,0,0,0,0,0,0
10,5,746,1,0,151,303,606,0,0,0,0,0,0,0,0
10,4,3256,1,1,0,1,3,0,0,0,0,0,0,0,0
10,4,255,0,0,43,86,173,0,0,0,0,0,0,0,0
10,4,4016,1,0,83,166,332,0,0,0,0,0,0,0,0
0,0,0,0,0,0,0,0,0,0,0,0,0,0,0,0
0,0,0,0,0,0,0,0,0,0,0,0,0,0,0,0
8,5,698,0,5,104,208,416,0,0,0,0,0,0,0,0
4,5,1343,0,9,82,164,328,0,0,0,0,0,0,0,0
10,6,4031,0,0,1,2,5,0,0,0,0,0,0,0,0
0,0,0,0,0,0,0,0,0,0,0,0,0,0,0,0
5,6,1470,1,10,61,123,246,0,0,0,0,0,0,0,0
0,0,0,0,0,0,0,0,0,0,0,0,0,0,0,0
0,0,0,0,0,0,0,0,0,0,0,0,0,0,0,0
0,0,0,0,0,0,0,0,0,0,0,0,0,0,0,0
0,0,0,0,0,0,0,0,0,0,0,0,0,0,0,0
0,0,0,0,0,0,0,0,0,0,0,0,0,0,0,0
10,6,4095,1,0,19,38,77,0,0,0,0,0,0,0,0
8,4,1196,0,3,42,85,170,0,0,0,0,0,0,0,0
0,0,0,0,0,0,0,0,0,0,0,0,0,0,0,0
10,4,4040,1,2,58,117,235,0,0,0,0,0,0,0,0
10,4,830,1,1,41,82,164,0,0,0,0,0,0,0,0
0,0,0,0,0,0,0,0,0,0,0,0,0,0,0,0
0,0,0,0,0,0,0,0,0,0,0,0,0,0,0,0
5,5,3732,1,9,25,50,101,0,0,0,0,0,0,0,0
8,4,3900,0,5,155,311,622,0,0,0,0,0,0,0,0
8,4,3130,0,4,11,22,44,0,0,0,0,0,0,0,0
9,4,249,1,5,81,162,324,0,0,0,0,0,0,0,0
10,4,3724,0,0,73,147,295,0,0,0,0,0,0,0,0
0,0,0,0,0,0,0,0,0,0,0,0,0,0,0,0
10,5,1022,1,1,135,270,540,0,0,0,0,0,0,0,0
0,0,0,0,0,0,0,0,0,0,0,0,0,0,0,0
10,5,3882,1,1,66,133,266,0,0,0,0,0,0,0,0
0,0,0,0,0,0,0,0,0,0,0,0,0,0,0,0
0,0,0,0,0,0,0,0,0,0,0,0,0,0,0,0
8,5,366,0,3,6,12,24,0,0,0,0,0,0,0,0
0,0,0,0,0,0,0,0,0,0,0,0,0,0,0,0
0,0,0,0,0,0,0,0,0,0,0,0,0,0,0,0
10,4,1011,0,0,142,284,569,0,0,0,0,0,0,0,0
10,6,4095,1,0,22,44,89,0,0,0,0,0,0,0,0
0,0,0,0,0,0,0,0,0,0,0,0,0,0,0,0
0,0,0,0,0,0,0,0,0,0,0,0,0,0,0,0
0,0,0,0,0,0,0,0,0,0,0,0,0,0,0,0
0,0,0,0,0,0,0,0,0,0,0,0,0,0,0,0
3,6,2477,1,13,22,44,89,0,0,0,0,0,0,0,0
0,0,0,0,0,0,0,0,0,0,0,0,0,0,0,0
0,0,0,0,0,0,0,0,0,0,0,0,0,0,0,0
0,0,0,0,0,0,0,0,0,0,0,0,0,0,0,0
0,0,0,0,0,0,0,0,0,0,0,0,0,0,0,0
10,4,3855,1,0,146,292,585,0,0,0,0,0,0,0,0
0,0,0,0,0,0,0,0,0,0,0,0,0,0,0,0
3,5,3647,1,12,9,18,37,0,0,0,0,0,0,0,0
10,5,3903,0,0,148,296,593,0,0,0,0,0,0,0,0
0,0,0,0,0,0,0,0,0,0,0,0,0,0,0,0
10,4,826,1,2,32,65,131,0,0,0,0,0,0,0,0
0,0,0,0,0,0,0,0,0,0,0,0,0,0,0,0
10,6,4095,1,0,94,188,377,0,0,0,0,0,0,0,0
0,0,0,0,0,0,0,0,0,0,0,0,0,0,0,0
0,0,0,0,0,0,0,0,0,0,0,0,0,0,0,0
0,0,0,0,0,0,0,0,0,0,0,0,0,0,0,0
8,5,3258,0,4,37,74,148,0,0,0,0,0,0,0,0
0,0,0,0,0,0,0,0,0,0,0,0,0,0,0,0
4,5,3668,0,10,5,10,21,0,0,0,0,0,0,0,0
2,6,2391,0,14,92,185,371,0,0,0,0,0,0,0,0
10,6,3839,0,0,61,122,245,0,0,0,0,0,0,0,0
9,4,4044,1,5,74,149,299,0,0,0,0,0,0,0,0
10,5,4083,0,0,119,238,477,0,0,0,0,0,0,0,0
8,4,3210,0,4,44,88,176,0,0,0,0,0,0,0,0
0,0,0,0,0,0,0,0,0,0,0,0,0,0,0,0
3,5,1017,1,15,80,161,323,0,0,0,0,0,0,0,0
6,4,2736,0,8,151,302,605,0,0,0,0,0,0,0,0
0,0,0,0,0,0,0,0,0,0,0,0,0,0,0,0
10,5,2858,1,0,149,299,598,0,0,0,0,0,0,0,0
0,0,0,0,0,0,0,0,0,0,0,0,0,0,0,0
0,0,0,0,0,0,0,0,0,0,0,0,0,0,0,0
0,0,0,0,0,0,0,0,0,0,0,0,0,0,0,0
0,0,0,0,0,0,0,0,0,0,0,0,0,0,0,0
8,5,431,0,4,53,107,214,0,0,0,0,0,0,0,0
8,5,1500,0,3,150,301,602,0,0,0,0,0,0,0,0
9,4,3984,1,5,128,257,514,0,0,0,0,0,0,0,0
10,6,2735,0,1,8,17,35,0,0,0,0,0,0,0,0
0,0,0,0,0,0,0,0,0,0,0,0,0,0,0,0
0,0,0,0,0,0,0,0,0,0,0,0,0,0,0,0
10,6,1451,0,2,107,214,429,0,0,0,0,0,0,0,0
0,0,0,0,0,0,0,0,0,0,0,0,0,0,0,0
10,5,3327,1,0,138,276,553,0,0,0,0,0,0,0,0
0,0,0,0,0,0,0,0,0,0,0,0,0,0,0,0
0,0,0,0,0,0,0,0,0,0,0,0,0,0,0,0
0,0,0,0,0,0,0,0,0,0,0,0,0,0,0,0
0,0,0,0,0,0,0,0,0,0,0,0,0,0,0,0
10,6,2799,0,1,34,68,136,0,0,0,0,0,0,0,0
2,4,3896,0,12,92,184,368,0,0,0,0,0,0,0,0
0,0,0,0,0,0,0,0,0,0,0,0,0,0,0,0
0,0,0,0,0,0,0,0,0,0,0,0,0,0,0,0
0,0,0,0,0,0,0,0,0,0,0,0,0,0,0,0
3,6,2734,1,13,23,47,94,0,0,0,0,0,0,0,0
10,5,3258,1,1,23,47,95,0,0,0,0,0,0,0,0
0,0,0,0,0,0,0,0,0,0,0,0,0,0,0,0
0,0,0,0,0,0,0,0,0,0,0,0,0,0,0,0
0,0,0,0,0,0,0,0,0,0,0,0,0,0,0,0
0,0,0,0,0,0,0,0,0,0,0,0,0,0,0,0
0,0,0,0,0,0,0,0,0,0,0,0,0,0,0,0
0,0,0,0,0,0,0,0,0,0,0,0,0,0,0,0
0,0,0,0,0,0,0,0,0,0,0,0,0,0,0,0
10,4,2227,0,1,110,220,440,0,0,0,0,0,0,0,0
10,5,703,0,2,122,244,488,0,0,0,0,0,0,0,0
10,6,4095,1,0,56,112,225,0,0,0,0,0,0,0,0
2,4,2032,0,15,53,106,212,0,0,0,0,0,0,0,0
10,5,3507,0,1,112,225,451,0,0,0,0,0,0,0,0
10,6,4078,1,1,78,157,315,0,0,0,0,0,0,0,0
10,6,2411,0,2,23,46,93,0,0,0,0,0,0,0,0
8,6,1727,0,3,110,221,443,0,0,0,0,0,0,0,0
10,6,1711,0,2,19,39,78,0,0,0,0,0,0,0,0
9,4,3969,1,3,78,156,312,0,0,0,0,0,0,0,0
0,0,0,0,0,0,0,0,0,0,0,0,0,0,0,0
0,0,0,0,0,0,0,0,0,0,0,0,0,0,0,0
0,0,0,0,0,0,0,0,0,0,0,0,0,0,0,0
10,4,827,1,0,123,246,492,0,0,0,0,0,0,0,0
10,6,3749,1,2,78,157,315,0,0,0,0,0,0,0,0
10,6,2751,0,2,6,12,24,0,0,0,0,0,0,0,0
10,5,2603,0,1,44,89,178,0,0,0,0,0,0,0,0
10,6,4095,1,0,148,296,593,0,0,0,0,0,0,0,0
0,0,0,0,0,0,0,0,0,0,0,0,0,0,0,0
0,0,0,0,0,0,0,0,0,0,0,0,0,0,0,0
0,0,0,0,0,0,0,0,0,0,0,0,0,0,0,0
0,0,0,0,0,0,0,0,0,0,0,0,0,0,0,0
10,6,2751,0,2,18,36,72,0,0,0,0,0,0,0,0
10,6,4095,1,0,94,188,377,0,0,0,0,0,0,0,0
10,6,4031,0,0,112,224,449,0,0,0,0,0,0,0,0
0,0,0,0,0,0,0,0,0,0,0,0,0,0,0,0
0,0,0,0,0,0,0,0,0,0,0,0,0,0,0,0
0,0,0,0,0,0,0,0,0,0,0,0,0,0,0,0
10,6,4095,1,0,24,48,97,0,0,0,0,0,0,0,0
6,5,2739,0,8,24,48,97,0,0,0,0,0,0,0,0
10,4,3324,1,0,29,58,117,0,0,0,0,0,0,0,0
0,0,0,0,0,0,0,0,0,0,0,0,0,0,0,0
0,0,0,0,0,0,0,0,0,0,0,0,0,0,0,0
0,0,0,0,0,0,0,0,0,0,0,0,0,0,0,0
10,4,255,0,0,32,64,129,0,0,0,0,0,0,0,0
0,0,0,0,0,0,0,0,0,0,0,0,0,0,0,0
9,6,2799,1,4,4,9,18,0,0,0,0,0,0,0,0
0,0,0,0,0,0,0,0,0,0,0,0,0,0,0,0
0,0,0,0,0,0,0,0,0,0,0,0,0,0,0,0
0,0,0,0,0,0,0,0,0,0,0,0,0,0,0,0
0,0,0,0,0,0,0,0,0,0,0,0,0,0,0,0
0,0,0,0,0,0,0,0,0,0,0,0,0,0,0,0
4,5,3668,0,10,5,10,21,0,0,0,0,0,0,0,0
2,6,1623,0,14,92,185,371,0,0,0,0,0,0,0,0
0,0,0,0,0,0,0,0,0,0,0,0,0,0,0,0
5,4,1012,1,9,20,40,81,0,0,0,0,0,0,0,0
0,0,0,0,0,0,0,0,0,0,0,0,0,0,0,0
0,0,0,0,0,0,0,0,0,0,0,0,0,0,0,0
8,4,831,0,5,2,5,11,0,0,0,0,0,0,0,0
0,0,0,0,0,0,0,0,0,0,0,0,0,0,0,0
0,0,0,0,0,0,0,0,0,0,0,0,0,0,0,0
0,0,0,0,0,0,0,0,0,0,0,0,0,0,0,0
10,4,3440,1,0,102,204,409,0,0,0,0,0,0,0,0
10,4,3714,1,1,146,292,585,0,0,0,0,0,0,0,0
10,6,4095,1,0,153,306,613,0,0,0,0,0,0,0,0
10,4,3855,1,0,3,6,13,0,0,0,0,0,0,0,0
2,6,1707,0,15,52,104,209,0,0,0,0,0,0,0,0
10,4,4034,1,1,117,235,471,0,0,0,0,0,0,0,0
10,6,4095,1,0,99,198,397,0,0,0,0,0,0,0,0
9,4,3849,1,3,130,260,521,0,0,0,0,0,0,0,0
10,4,255,0,0,72,144,289,0,0,0,0,0,0,0,0
0,0,0,0,0,0,0,0,0,0,0,0,0,0,0,0
0,0,0,0,0,0,0,0,0,0,0,0,0,0,0,0
8,5,3746,0,4,53,107,215,0,0,0,0,0,0,0,0
10,6,2798,0,0,149,299,599,7,4,3009,1,8,154,309,619
10,5,4092,0,0,23,46,93,0,0,0,0,0,0,0,0
0,0,0,0,0,0,0,0,0,0,0,0,0,0,0,0
0,0,0,0,0,0,0,0,0,0,0,0,0,0,0,0
10,4,764,0,2,119,238,477,0,0,0,0,0,0,0,0
10,5,3882,1,1,86,173,346,0,0,0,0,0,0,0,0
0,0,0,0,0,0,0,0,0,0,0,0,0,0,0,0
7,4,2768,1,7,0,1,2,0,0,0,0,0,0,0,0
7,5,1002,1,8,140,280,561,0,0,0,0,0,0,0,0
0,0,0,0,0,0,0,0,0,0,0,0,0,0,0,0
0,0,0,0,0,0,0,0,0,0,0,0,0,0,0,0
0,0,0,0,0,0,0,0,0,0,0,0,0,0,0,0
3,5,933,1,15,54,108,217,0,0,0,0,0,0,0,0
10,6,2751,0,2,82,164,328,0,0,0,0,0,0,0,0
10,4,191,0,2,148,296,592,0,0,0,0,0,0,0,0
0,0,0,0,0,0,0,0,0,0,0,0,0,0,0,0
10,4,3874,1,1,6,13,26,0,0,0,0,0,0,0,0
10,4,826,1,2,154,309,619,0,0,0,0,0,0,0,0
10,6,4095,1,0,100,200,401,0,0,0,0,0,0,0,0
0,0,0,0,0,0,0,0,0,0,0,0,0,0,0,0
10,6,2751,0,2,9,18,36,0,0,0,0,0,0,0,0
10,5,4066,1,1,20,41,83,0,0,0,0,0,0,0,0
10,6,2751,0,2,110,220,440,0,0,0,0,0,0,0,0
10,6,4091,1,0,40,80,160,0,0,0,0,0,0,0,0
0,0,0,0,0,0,0,0,0,0,0,0,0,0,0,0
0,0,0,0,0,0,0,0,0,0,0,0,0,0,0,0
2,5,1019,0,13,104,208,416,0,0,0,0,0,0,0,0
10,5,1002,1,2,107,215,431,0,0,0,0,0,0,0,0
10,6,4095,1,0,85,170,341,0,0,0,0,0,0,0,0
10,4,3040,0,0,112,225,451,0,0,0,0,0,0,0,0
0,0,0,0,0,0,0,0,0,0,0,0,0,0,0,0
0,0,0,0,0,0,0,0,0,0,0,0,0,0,0,0
10,5,3474,1,0,125,250,500,0,0,0,0,0,0,0,0
0,0,0,0,0,0,0,0,0,0,0,0,0,0,0,0
7,6,4070,1,8,61,122,244,0,0,0,0,0,0,0,0
0,0,0,0,0,0,0,0,0,0,0,0,0,0,0,0
2,6,3995,0,12,98,197,394,3,6,3838,1,14,132,264,528
0,0,0,0,0,0,0,0,0,0,0,0,0,0,0,0
0,0,0,0,0,0,0,0,0,0,0,0,0,0,0,0
0,0,0,0,0,0,0,0,0,0,0,0,0,0,0,0
10,5,2303,0,1,88,176,353,0,0,0,0,0,0,0,0
0,0,0,0,0,0,0,0,0,0,0,0,0,0,0,0
0,0,0,0,0,0,0,0,0,0,0,0,0,0,0,0
0,0,0,0,0,0,0,0,0,0,0,0,0,0,0,0
0,0,0,0,0,0,0,0,0,0,0,0,0,0,0,0
10,4,3024,1,2,112,224,448,0,0,0,0,0,0,0,0
0,0,0,0,0,0,0,0,0,0,0,0,0,0,0,0
0,0,0,0,0,0,0,0,0,0,0,0,0,0,0,0
10,5,3064,0,0,76,152,304,0,0,0,0,0,0,0,0
8,4,2800,0,3,20,41,82,0,0,0,0,0,0,0,0
0,0,0,0,0,0,0,0,0,0,0,0,0,0,0,0
10,4,484,1,0,118,236,472,0,0,0,0,0,0,0,0
0,0,0,0,0,0,0,0,0,0,0,0,0,0,0,0
10,4,3235,1,0,18,37,75,0,0,0,0,0,0,0,0
0,0,0,0,0,0,0,0,0,0,0,0,0,0,0,0
0,0,0,0,0,0,0,0,0,0,0,0,0,0,0,0
9,4,233,1,4,22,45,90,0,0,0,0,0,0,0,0
0,0,0,0,0,0,0,0,0,0,0,0,0,0,0,0
0,0,0,0,0,0,0,0,0,0,0,0,0,0,0,0
0,0,0,0,0,0,0,0,0,0,0,0,0,0,0,0
10,5,2467,0,2,151,303,606,0,0,0,0,0,0,0,0
10,5,2303,0,1,150,300,601,0,0,0,0,0,0,0,0
10,5,3327,1,0,1,2,5,0,0,0,0,0,0,0,0
0,0,0,0,0,0,0,0,0,0,0,0,0,0,0,0
0,0,0,0,0,0,0,0,0,0,0,0,0,0,0,0
10,6,2815,0,1,86,172,344,0,0,0,0,0,0,0,0
0,0,0,0,0,0,0,0,0,0,0,0,0,0,0,0
10,5,4072,1,2,30,61,122,0,0,0,0,0,0,0,0
10,4,3324,1,0,117,234,469,0,0,0,0,0,0,0,0
0,0,0,0,0,0,0,0,0,0,0,0,0,0,0,0
0,0,0,0,0,0,0,0,0,0,0,0,0,0,0,0
5,5,3865,1,9,146,293,587,0,0,0,0,0,0,0,0
0,0,0,0,0,0,0,0,0,0,0,0,0,0,0,0
0,0,0,0,0,0,0,0,0,0,0,0,0,0,0,0
2,5,918,0,12,41,82,164,0,0,0,0,0,0,0,0
10,4,810,1,2,134,269,538,0,0,0,0,0,0,0,0
10,5,3327,1,0,141,282,565,0,0,0,0,0,0,0,0
10,5,3642,1,1,62,125,250,0,0,0,0,0,0,0,0
0,0,0,0,0,0,0,0,0,0,0,0,0,0,0,0
0,0,0,0,0,0,0,0,0,0,0,0,0,0,0,0
0,0,0,0,0,0,0,0,0,0,0,0,0,0,0,0
10,5,4092,0,0,153,306,613,0,0,0,0,0,0,0,0
10,6,4095,1,0,3,6,13,0,0,0,0,0,0,0,0
0,0,0,0,0,0,0,0,0,0,0,0,0,0,0,0
10,5,441,1,0,147,294,588,0,0,0,0,0,0,0,0
0,0,0,0,0,0,0,0,0,0,0,0,0,0,0,0
10,5,3306,1,1,117,235,470,0,0,0,0,0,0,0,0
10,6,4094,1,1,142,284,568,0,0,0,0,0,0,0,0
0,0,0,0,0,0,0,0,0,0,0,0,0,0,0,0
0,0,0,0,0,0,0,0,0,0,0,0,0,0,0,0
4,6,4070,0,10,100,200,401,0,0,0,0,0,0,0,0
10,4,2866,1,0,18,37,75,0,0,0,0,0,0,0,0
10,5,2623,0,1,40,80,160,0,0,0,0,0,0,0,0
10,6,2735,0,1,62,125,251,0,0,0,0,0,0,0,0
10,5,2703,0,1,29,59,119,0,0,0,0,0,0,0,0
10,4,3129,1,2,40,81,162,0,0,0,0,0,0,0,0
0,0,0,0,0,0,0,0,0,0,0,0,0,0,0,0
8,5,4018,0,4,4,8,17,0,0,0,0,0,0,0,0
0,0,0,0,0,0,0,0,0,0,0,0,0,0,0,0
9,4,250,1,3,123,246,492,0,0,0,0,0,0,0,0
10,6,3822,1,0,15,31,63,0,0,0,0,0,0,0,0
10,5,1579,0,2,107,214,429,0,0,0,0,0,0,0,0
3,5,1021,1,15,19,38,76,0,0,0,0,0,0,0,0
7,5,4072,1,8,117,234,469,0,0,0,0,0,0,0,0
0,0,0,0,0,0,0,0,0,0,0,0,0,0,0,0
0,0,0,0,0,0,0,0,0,0,0,0,0,0,0,0
0,0,0,0,0,0,0,0,0,0,0,0,0,0,0,0
0,0,0,0,0,0,0,0,0,0,0,0,0,0,0,0
9,5,2792,1,5,84,168,337,0,0,0,0,0,0,0,0
10,5,938,1,1,62,125,250,0,0,0,0,0,0,0,0
10,6,2734,0,0,76,153,306,0,0,0,0,0,0,0,0
2,5,1019,0,13,104,208,416,0,0,0,0,0,0,0,0
0,0,0,0,0,0,0,0,0,0,0,0,0,0,0,0
0,0,0,0,0,0,0,0,0,0,0,0,0,0,0,0
0,0,0,0,0,0,0,0,0,0,0,0,0,0,0,0
10,5,3816,1,1,34,69,138,0,0,0,0,0,0,0,0
0,0,0,0,0,0,0,0,0,0,0,0,0,0,0,0
0,0,0,0,0,0,0,0,0,0,0,0,0,0,0,0
10,6,2986,1,0,49,98,197,0,0,0,0,0,0,0,0
0,0,0,0,0,0,0,0,0,0,0,0,0,0,0,0
10,5,2239,0,1,94,188,376,0,0,0,0,0,0,0,0
10,5,4072,1,2,103,207,414,0,0,0,0,0,0,0,0
10,6,3065,1,1,53,107,214,0,0,0,0,0,0,0,0
6,5,2748,0,8,107,214,429,0,0,0,0,0,0,0,0
9,6,3055,1,5,106,213,426,0,0,0,0,0,0,0,0
0,0,0,0,0,0,0,0,0,0,0,0,0,0,0,0
9,6,3733,1,3,107,215,431,0,0,0,0,0,0,0,0
0,0,0,0,0,0,0,0,0,0,0,0,0,0,0,0
0,0,0,0,0,0,0,0,0,0,0,0,0,0,0,0
10,6,3071,0,1,117,234,469,0,0,0,0,0,0,0,0
0,0,0,0,0,0,0,0,0,0,0,0,0,0,0,0
0,0,0,0,0,0,0,0,0,0,0,0,0,0,0,0
9,5,3064,1,5,67,135,270,0,0,0,0,0,0,0,0
0,0,0,0,0,0,0,0,0,0,0,0,0,0,0,0
0,0,0,0,0,0,0,0,0,0,0,0,0,0,0,0
0,0,0,0,0,0,0,0,0,0,0,0,0,0,0,0
0,0,0,0,0,0,0,0,0,0,0,0,0,0,0,0
0,0,0,0,0,0,0,0,0,0,0,0,0,0,0,0
10,5,1023,1,0,52,104,209,0,0,0,0,0,0,0,0
10,5,3241,1,2,149,298,597,0,0,0,0,0,0,0,0
0,0,0,0,0,0,0,0,0,0,0,0,0,0,0,0
3,6,3754,1,14,76,153,306,0,0,0,0,0,0,0,0
10,4,3040,0,0,112,225,451,0,0,0,0,0,0,0,0
10,6,3818,1,1,114,229,458,0,0,0,0,0,0,0,0
10,6,4078,1,1,30,61,123,0,0,0,0,0,0,0,0
0,0,0,0,0,0,0,0,0,0,0,0,0,0,0,0
0,0,0,0,0,0,0,0,0,0,0,0,0,0,0,0
10,5,2732,0,1,12,25,51,0,0,0,0,0,0,0,0
0,0,0,0,0,0,0,0,0,0,0,0,0,0,0,0
8,4,1315,0,3,106,212,425,0,0,0,0,0,0,0,0
5,5,3221,1,9,17,34,69,0,0,0,0,0,0,0,0
10,4,3880,1,2,1,3,6,0,0,0,0,0,0,0,0
10,6,4010,1,1,154,309,618,0,0,0,0,0,0,0,0
0,0,0,0,0,0,0,0,0,0,0,0,0,0,0,0
10,5,3647,0,0,93,186,373,0,0,0,0,0,0,0,0
10,5,2607,0,1,51,103,207,0,0,0,0,0,0,0,0
8,6,1387,0,3,127,254,508,8,5,3258,0,4,45,90,180
0,0,0,0,0,0,0,0,0,0,0,0,0,0,0,0
4,6,1387,0,9,108,217,434,0,0,0,0,0,0,0,0
0,0,0,0,0,0,0,0,0,0,0,0,0,0,0,0
0,0,0,0,0,0,0,0,0,0,0,0,0,0,0,0
0,0,0,0,0,0,0,0,0,0,0,0,0,0,0,0
9,6,3989,1,3,90,181,363,0,0,0,0,0,0,0,0
7,4,2245,1,8,16,33,66,0,0,0,0,0,0,0,0
3,4,3233,1,15,62,124,249,0,0,0,0,0,0,0,0
10,5,3064,0,0,76,152,304,0,0,0,0,0,0,0,0
10,4,970,1,2,117,235,471,0,0,0,0,0,0,0,0
0,0,0,0,0,0,0,0,0,0,0,0,0,0,0,0
0,0,0,0,0,0,0,0,0,0,0,0,0,0,0,0
0,0,0,0,0,0,0,0,0,0,0,0,0,0,0,0
10,4,3875,1,0,19,38,76,0,0,0,0,0,0,0,0
0,0,0,0,0,0,0,0,0,0,0,0,0,0,0,0
0,0,0,0,0,0,0,0,0,0,0,0,0,0,0,0
0,0,0,0,0,0,0,0,0,0,0,0,0,0,0,0
10,4,2220,0,1,94,189,379,0,0,0,0,0,0,0,0
10,6,4094,1,1,10,20,40,0,0,0,0,0,0,0,0
7,6,4075,1,6,20,41,82,0,0,0,0,0,0,0,0
0,0,0,0,0,0,0,0,0,0,0,0,0,0,0,0
8,4,395,0,3,18,36,73,9,4,2000,1,5,36,72,144
0,0,0,0,0,0,0,0,0,0,0,0,0,0,0,0
10,4,3896,1,1,112,225,451,0,0,0,0,0,0,0,0
10,5,3643,0,0,101,202,404,0,0,0,0,0,0,0,0
10,4,3315,0,0,80,160,321,0,0,0,0,0,0,0,0
0,0,0,0,0,0,0,0,0,0,0,0,0,0,0,0
0,0,0,0,0,0,0,0,0,0,0,0,0,0,0,0
0,0,0,0,0,0,0,0,0,0,0,0,0,0,0,0
0,0,0,0,0,0,0,0,0,0,0,0,0,0,0,0
10,4,3240,1,2,62,124,249,0,0,0,0,0,0,0,0
10,5,1007,1,0,121,242,484,0,0,0,0,0,0,0,0
6,5,2239,0,7,59,118,237,0,0,0,0,0,0,0,0
0,0,0,0,0,0,0,0,0,0,0,0,0,0,0,0
0,0,0,0,0,0,0,0,0,0,0,0,0,0,0,0
0,0,0,0,0,0,0,0,0,0,0,0,0,0,0,0
8,4,3714,0,5,92,184,368,0,0,0,0,0,0,0,0
10,6,4095,1,0,44,88,177,0,0,0,0,0,0,0,0
10,4,191,0,2,1,2,4,0,0,0,0,0,0,0,0
10,5,2219,0,1,149,299,598,0,0,0,0,0,0,0,0
10,6,2986,1,0,105,210,421,0,0,0,0,0,0,0,0
3,5,937,1,15,126,253,506,0,0,0,0,0,0,0,0
0,0,0,0,0,0,0,0,0,0,0,0,0,0,0,0
0,0,0,0,0,0,0,0,0,0,0,0,0,0,0,0
10,6,4090,1,1,126,253,507,0,0,0,0,0,0,0,0
0,0,0,0,0,0,0,0,0,0,0,0,0,0,0,0
8,4,1187,0,3,132,265,530,0,0,0,0,0,0,0,0
9,5,2979,1,5,107,214,429,0,0,0,0,0,0,0,0
0,0,0,0,0,0,0,0,0,0,0,0,0,0,0,0
10,4,255,0,0,71,142,285,0,0,0,0,0,0,0,0
8,4,299,0,3,107,214,428,0,0,0,0,0,0,0,0
3,5,1021,1,15,19,38,76,0,0,0,0,0,0,0,0
7,4,3880,1,8,117,234,469,0,0,0,0,0,0,0,0
3,4,916,1,15,36,73,146,0,0,0,0,0,0,0,0
0,0,0,0,0,0,0,0,0,0,0,0,0,0,0,0
0,0,0,0,0,0,0,0,0,0,0,0,0,0,0,0
9,5,3732,1,4,84,169,338,0,0,0,0,0,0,0,0
10,6,4095,1,0,127,254,509,0,0,0,0,0,0,0,0
10,4,2094,0,0,19,39,78,0,0,0,0,0,0,0,0
8,5,1708,0,3,42,85,171,0,0,0,0,0,0,0,0
0,0,0,0,0,0,0,0,0,0,0,0,0,0,0,0
10,6,4090,1,1,58,117,235,0,0,0,0,0,0,0,0
10,5,3746,1,1,41,82,165,0,0,0,0,0,0,0,0
0,0,0,0,0,0,0,0,0,0,0,0,0,0,0,0
0,0,0,0,0,0,0,0,0,0,0,0,0,0,0,0
5,5,3732,1,9,25,50,101,0,0,0,0,0,0,0,0
0,0,0,0,0,0,0,0,0,0,0,0,0,0,0,0
0,0,0,0,0,0,0,0,0,0,0,0,0,0,0,0
8,4,127,0,4,88,177,354,0,0,0,0,0,0,0,0
0,0,0,0,0,0,0,0,0,0,0,0,0,0,0,0
0,0,0,0,0,0,0,0,0,0,0,0,0,0,0,0
10,5,4047,0,0,133,266,533,0,0,0,0,0,0,0,0
0,0,0,0,0,0,0,0,0,0,0,0,0,0,0,0
2,4,1776,0,15,146,292,584,0,0,0,0,0,0,0,0
10,5,1195,0,2,112,224,449,0,0,0,0,0,0,0,0
7,5,3327,1,6,67,134,268,0,0,0,0,0,0,0,0
0,0,0,0,0,0,0,0,0,0,0,0,0,0,0,0
10,5,2303,0,1,80,160,321,0,0,0,0,0,0,0,0
6,5,2703,0,7,95,190,381,0,0,0,0,0,0,0,0
10,4,2094,0,0,117,235,470,0,0,0,0,0,0,0,0
10,6,4095,1,0,26,52,105,0,0,0,0,0,0,0,0
10,5,3059,0,1,117,234,469,0,0,0,0,0,0,0,0
0,0,0,0,0,0,0,0,0,0,0,0,0,0,0,0
10,4,255,0,0,101,202,405,0,0,0,0,0,0,0,0
9,4,3972,1,4,107,215,431,0,0,0,0,0,0,0,0
10,5,1003,1,0,113,226,452,0,0,0,0,0,0,0,0
0,0,0,0,0,0,0,0,0,0,0,0,0,0,0,0
10,4,3234,1,1,69,139,278,0,0,0,0,0,0,0,0
10,5,3327,1,0,129,258,517,0,0,0,0,0,0,0,0
0,0,0,0,0,0,0,0,0,0,0,0,0,0,0,0
0,0,0,0,0,0,0,0,0,0,0,0,0,0,0,0
0,0,0,0,0,0,0,0,0,0,0,0,0,0,0,0
9,5,3237,1,3,92,184,368,0,0,0,0,0,0,0,0
10,5,2281,1,1,92,184,369,0,0,0,0,0,0,0,0
8,6,1455,0,3,136,273,546,0,0,0,0,0,0,0,0
10,6,3753,1,2,121,242,484,0,0,0,0,0,0,0,0
0,0,0,0,0,0,0,0,0,0,0,0,0,0,0,0
0,0,0,0,0,0,0,0,0,0,0,0,0,0,0,0
0,0,0,0,0,0,0,0,0,0,0,0,0,0,0,0
9,6,3051,1,5,58,117,234,0,0,0,0,0,0,0,0
0,0,0,0,0,0,0,0,0,0,0,0,0,0,0,0
0,0,0,0,0,0,0,0,0,0,0,0,0,0,0,0
0,0,0,0,0,0,0,0,0,0,0,0,0,0,0,0
0,0,0,0,0,0,0,0,0,0,0,0,0,0,0,0
0,0,0,0,0,0,0,0,0,0,0,0,0,0,0,0
10,5,2723,0,1,12,25,50,0,0,0,0,0,0,0,0
9,5,2603,1,4,70,140,281,0,0,0,0,0,0,0,0
8,4,419,0,3,106,212,425,0,0,0,0,0,0,0,0
0,0,0,0,0,0,0,0,0,0,0,0,0,0,0,0
9,5,1764,1,5,67,135,271,0,0,0,0,0,0,0,0
0,0,0,0,0,0,0,0,0,0,0,0,0,0,0,0
0,0,0,0,0,0,0,0,0,0,0,0,0,0,0,0
5,6,3733,1,9,17,34,69,0,0,0,0,0,0,0,0
0,0,0,0,0,0,0,0,0,0,0,0,0,0,0,0
0,0,0,0,0,0,0,0,0,0,0,0,0,0,0,0
8,4,1776,0,5,150,301,603,0,0,0,0,0,0,0,0
10,4,255,0,0,149,298,597,0,0,0,0,0,0,0,0
0,0,0,0,0,0,0,0,0,0,0,0,0,0,0,0
0,0,0,0,0,0,0,0,0,0,0,0,0,0,0,0
10,4,3900,0,0,51,102,205,0,0,0,0,0,0,0,0
10,4,2255,0,1,88,176,352,0,0,0,0,0,0,0,0
0,0,0,0,0,0,0,0,0,0,0,0,0,0,0,0
0,0,0,0,0,0,0,0,0,0,0,0,0,0,0,0
3,6,3669,1,15,117,235,470,0,0,0,0,0,0,0,0
10,6,4074,1,2,137,275,551,0,0,0,0,0,0,0,0
0,0,0,0,0,0,0,0,0,0,0,0,0,0,0,0
10,5,1023,1,0,113,226,453,0,0,0,0,0,0,0,0
0,0,0,0,0,0,0,0,0,0,0,0,0,0,0,0
10,5,2603,0,1,120,241,482,0,0,0,0,0,0,0,0
0,0,0,0,0,0,0,0,0,0,0,0,0,0,0,0
0,0,0,0,0,0,0,0,0,0,0,0,0,0,0,0
0,0,0,0,0,0,0,0,0,0,0,0,0,0,0,0
7,5,4076,1,6,135,271,543,0,0,0,0,0,0,0,0
10,5,2623,0,1,75,150,300,0,0,0,0,0,0,0,0
5,4,3984,1,11,122,244,488,0,0,0,0,0,0,0,0
9,6,3733,1,3,100,201,403,0,0,0,0,0,0,0,0
10,6,4095,1,0,64,128,257,0,0,0,0,0,0,0,0
10,6,4095,1,0,22,44,89,0,0,0,0,0,0,0,0
0,0,0,0,0,0,0,0,0,0,0,0,0,0,0,0
0,0,0,0,0,0,0,0,0,0,0,0,0,0,0,0
0,0,0,0,0,0,0,0,0,0,0,0,0,0,0,0
0,0,0,0,0,0,0,0,0,0,0,0,0,0,0,0
0,0,0,0,0,0,0,0,0,0,0,0,0,0,0,0
10,5,683,0,1,102,205,410,0,0,0,0,0,0,0,0
0,0,0,0,0,0,0,0,0,0,0,0,0,0,0,0
10,5,3791,0,0,137,274,549,0,0,0,0,0,0,0,0
0,0,0,0,0,0,0,0,0,0,0,0,0,0,0,0
0,0,0,0,0,0,0,0,0,0,0,0,0,0,0,0
8,5,4092,0,5,24,49,99,0,0,0,0,0,0,0,0
0,0,0,0,0,0,0,0,0,0,0,0,0,0,0,0
9,5,2792,1,5,24,48,97,0,0,0,0,0,0,0,0
8,5,1327,0,3,53,107,214,0,0,0,0,0,0,0,0
8,5,1956,0,4,80,160,321,0,0,0,0,0,0,0,0
0,0,0,0,0,0,0,0,0,0,0,0,0,0,0,0
10,5,939,0,0,105,211,423,0,0,0,0,0,0,0,0
6,5,3327,0,6,19,39,79,0,0,0,0,0,0,0,0
0,0,0,0,0,0,0,0,0,0,0,0,0,0,0,0
10,6,3818,1,1,100,201,402,0,0,0,0,0,0,0,0
7,4,3274,1,8,77,154,309,0,0,0,0,0,0,0,0
10,4,3855,1,0,13,26,53,0,0,0,0,0,0,0,0
10,4,684,0,2,108,217,435,0,0,0,0,0,0,0,0
2,5,1619,0,14,101,203,407,0,0,0,0,0,0,0,0
0,0,0,0,0,0,0,0,0,0,0,0,0,0,0,0
0,0,0,0,0,0,0,0,0,0,0,0,0,0,0,0
10,6,4095,1,0,85,170,341,0,0,0,0,0,0,0,0
0,0,0,0,0,0,0,0,0,0,0,0,0,0,0,0
7,4,1010,1,7,20,41,82,0,0,0,0,0,0,0,0
10,6,4010,1,1,56,113,226,0,0,0,0,0,0,0,0
0,0,0,0,0,0,0,0,0,0,0,0,0,0,0,0
9,4,3873,1,3,78,156,313,0,0,0,0,0,0,0,0
0,0,0,0,0,0,0,0,0,0,0,0,0,0,0,0
10,5,3327,1,0,124,248,497,0,0,0,0,0,0,0,0
0,0,0,0,0,0,0,0,0,0,0,0,0,0,0,0
10,6,4095,1,0,134,268,537,0,0,0,0,0,0,0,0
0,0,0,0,0,0,0,0,0,0,0,0,0,0,0,0
0,0,0,0,0,0,0,0,0,0,0,0,0,0,0,0
0,0,0,0,0,0,0,0,0,0,0,0,0,0,0,0
10,5,3752,1,1,146,292,585,0,0,0,0,0,0,0,0
3,5,3732,1,15,130,261,522,0,0,0,0,0,0,0,0
10,5,687,0,2,51,103,207,0,0,0,0,0,0,0,0
8,5,3622,0,4,57,115,230,0,0,0,0,0,0,0,0
8,4,3250,0,4,65,130,260,0,0,0,0,0,0,0,0
10,5,4002,1,1,98,197,394,0,0,0,0,0,0,0,0
10,5,3722,1,1,119,238,477,0,0,0,0,0,0,0,0
0,0,0,0,0,0,0,0,0,0,0,0,0,0,0,0
0,0,0,0,0,0,0,0,0,0,0,0,0,0,0,0
0,0,0,0,0,0,0,0,0,0,0,0,0,0,0,0
0,0,0,0,0,0,0,0,0,0,0,0,0,0,0,0
10,5,2744,0,0,148,297,594,7,5,2002,1,6,154,309,619
0,0,0,0,0,0,0,0,0,0,0,0,0,0,0,0
6,4,575,0,8,59,118,237,0,0,0,0,0,0,0,0
9,4,3205,1,3,75,151,303,0,0,0,0,0,0,0,0
10,4,255,0,0,32,64,129,0,0,0,0,0,0,0,0
10,6,2798,0,0,71,143,287,0,0,0,0,0,0,0,0
10,6,3818,1,1,40,81,162,0,0,0,0,0,0,0,0
3,6,3759,1,13,9,18,36,0,0,0,0,0,0,0,0
0,0,0,0,0,0,0,0,0,0,0,0,0,0,0,0
10,4,4080,0,0,93,186,373,0,0,0,0,0,0,0,0
10,6,4095,1,0,124,248,497,0,0,0,0,0,0,0,0
10,5,1023,1,0,73,146,293,0,0,0,0,0,0,0,0
10,5,3978,1,1,84,169,338,0,0,0,0,0,0,0,0
10,4,1571,0,2,48,97,194,0,0,0,0,0,0,0,0
0,0,0,0,0,0,0,0,0,0,0,0,0,0,0,0
10,6,4095,1,0,22,44,89,0,0,0,0,0,0,0,0
0,0,0,0,0,0,0,0,0,0,0,0,0,0,0,0
10,5,3306,1,1,69,139,278,0,0,0,0,0,0,0,0
0,0,0,0,0,0,0,0,0,0,0,0,0,0,0,0
0,0,0,0,0,0,0,0,0,0,0,0,0,0,0,0
0,0,0,0,0,0,0,0,0,0,0,0,0,0,0,0
5,5,3732,1,9,25,50,101,0,0,0,0,0,0,0,0
0,0,0,0,0,0,0,0,0,0,0,0,0,0,0,0
10,4,4080,0,0,156,312,625,0,0,0,0,0,0,0,0
0,0,0,0,0,0,0,0,0,0,0,0,0,0,0,0
10,4,171,0,2,138,276,553,0,0,0,0,0,0,0,0
0,0,0,0,0,0,0,0,0,0,0,0,0,0,0,0
10,4,3135,1,0,19,38,77,0,0,0,0,0,0,0,0
0,0,0,0,0,0,0,0,0,0,0,0,0,0,0,0
0,0,0,0,0,0,0,0,0,0,0,0,0,0,0,0
0,0,0,0,0,0,0,0,0,0,0,0,0,0,0,0
0,0,0,0,0,0,0,0,0,0,0,0,0,0,0,0
0,0,0,0,0,0,0,0,0,0,0,0,0,0,0,0
10,4,2574,0,0,153,307,614,0,0,0,0,0,0,0,0
10,5,3903,0,0,3,6,13,0,0,0,0,0,0,0,0
2,4,1832,0,14,52,105,210,0,0,0,0,0,0,0,0
10,4,3970,1,1,117,235,470,0,0,0,0,0,0,0,0
0,0,0,0,0,0,0,0,0,0,0,0,0,0,0,0
9,4,3664,1,5,129,259,519,0,0,0,0,0,0,0,0
0,0,0,0,0,0,0,0,0,0,0,0,0,0,0,0
8,4,2800,0,3,107,215,430,0,0,0,0,0,0,0,0
0,0,0,0,0,0,0,0,0,0,0,0,0,0,0,0
10,4,3324,1,0,138,276,553,0,0,0,0,0,0,0,0
4,5,1388,0,9,98,197,395,0,0,0,0,0,0,0,0
3,5,1017,1,15,80,161,323,0,0,0,0,0,0,0,0
10,4,3628,1,0,35,71,143,0,0,0,0,0,0,0,0
7,4,3279,1,6,107,215,431,0,0,0,0,0,0,0,0
10,4,2946,1,0,149,299,598,0,0,0,0,0,0,0,0
2,4,364,0,15,68,137,274,0,0,0,0,0,0,0,0
0,0,0,0,0,0,0,0,0,0,0,0,0,0,0,0
0,0,0,0,0,0,0,0,0,0,0,0,0,0,0,0
10,6,3071,0,1,133,266,533,0,0,0,0,0,0,0,0
9,4,901,1,4,22,44,88,0,0,0,0,0,0,0,0
10,5,1002,1,2,32,65,131,0,0,0,0,0,0,0,0
0,0,0,0,0,0,0,0,0,0,0,0,0,0,0,0
10,5,3816,1,1,60,121,242,0,0,0,0,0,0,0,0
0,0,0,0,0,0,0,0,0,0,0,0,0,0,0,0
7,4,936,1,7,154,308,616,0,0,0,0,0,0,0,0
10,4,4034,1,1,29,59,119,0,0,0,0,0,0,0,0
2,5,1023,0,14,104,208,416,0,0,0,0,0,0,0,0
0,0,0,0,0,0,0,0,0,0,0,0,0,0,0,0
6,4,2672,0,7,151,302,604,0,0,0,0,0,0,0,0
0,0,0,0,0,0,0,0,0,0,0,0,0,0,0,0
0,0,0,0,0,0,0,0,0,0,0,0,0,0,0,0
3,6,2734,1,13,23,47,94,0,0,0,0,0,0,0,0
10,5,4083,0,0,80,160,321,0,0,0,0,0,0,0,0
0,0,0,0,0,0,0,0,0,0,0,0,0,0,0,0
10,5,3786,1,1,23,47,94,0,0,0,0,0,0,0,0
8,5,1599,0,3,121,243,487,0,0,0,0,0,0,0,0
2,4,2032,0,15,53,106,212,0,0,0,0,0,0,0,0
8,4,1712,0,4,113,226,453,0,0,0,0,0,0,0,0
10,6,2475,0,1,23,46,93,0,0,0,0,0,0,0,0
10,5,2703,0,1,110,221,443,0,0,0,0,0,0,0,0
3,4,3724,1,13,8,17,35,0,0,0,0,0,0,0,0
0,0,0,0,0,0,0,0,0,0,0,0,0,0,0,0
10,6,4094,1,1,93,186,372,0,0,0,0,0,0,0,0
0,0,0,0,0,0,0,0,0,0,0,0,0,0,0,0
10,4,675,0,2,48,97,194,0,0,0,0,0,0,0,0
0,0,0,0,0,0,0,0,0,0,0,0,0,0,0,0
0,0,0,0,0,0,0,0,0,0,0,0,0,0,0,0
4,5,447,0,9,115,230,460,0,0,0,0,0,0,0,0
10,5,2808,0,0,45,91,183,0,0,0,0,0,0,0,0
10,6,4095,1,0,2,4,9,0,0,0,0,0,0,0,0
0,0,0,0,0,0,0,0,0,0,0,0,0,0,0,0
0,0,0,0,0,0,0,0,0,0,0,0,0,0,0,0
10,6,2815,0,1,61,122,244,0,0,0,0,0,0,0,0
10,4,575,0,2,37,74,148,0,0,0,0,0,0,0,0
0,0,0,0,0,0,0,0,0,0,0,0,0,0,0,0
0,0,0,0,0,0,0,0,0,0,0,0,0,0,0,0
8,6,1455,0,3,107,215,430,0,0,0,0,0,0,0,0
2,4,2032,0,15,53,106,212,0,0,0,0,0,0,0,0
0,0,0,0,0,0,0,0,0,0,0,0,0,0,0,0
0,0,0,0,0,0,0,0,0,0,0,0,0,0,0,0
10,6,2731,0,1,23,47,94,0,0,0,0,0,0,0,0
10,5,895,0,1,124,248,496,0,0,0,0,0,0,0,0
10,4,3880,1,2,78,157,314,0,0,0,0,0,0,0,0
0,0,0,0,0,0,0,0,0,0,0,0,0,0,0,0
0,0,0,0,0,0,0,0,0,0,0,0,0,0,0,0
10,6,2751,0,2,44,88,176,0,0,0,0,0,0,0,0
0,0,0,0,0,0,0,0,0,0,0,0,0,0,0,0
0,0,0,0,0,0,0,0,0,0,0,0,0,0,0,0
10,6,4095,1,0,122,244,489,0,0,0,0,0,0,0,0
10,5,1023,1,0,57,114,229,0,0,0,0,0,0,0,0
6,5,2239,0,7,24,48,97,0,0,0,0,0,0,0,0
10,5,4083,0,0,29,58,117,0,0,0,0,0,0,0,0
6,5,2703,0,7,99,198,397,0,0,0,0,0,0,0,0
0,0,0,0,0,0,0,0,0,0,0,0,0,0,0,0
10,4,3880,1,2,0,1,2,0,0,0,0,0,0,0,0
10,5,2723,0,1,70,141,282,0,0,0,0,0,0,0,0
0,0,0,0,0,0,0,0,0,0,0,0,0,0,0,0
9,5,2859,1,5,66,132,265,0,0,0,0,0,0,0,0
10,6,2750,0,0,109,219,439,0,0,0,0,0,0,0,0
0,0,0,0,0,0,0,0,0,0,0,0,0,0,0,0
0,0,0,0,0,0,0,0,0,0,0,0,0,0,0,0
0,0,0,0,0,0,0,0,0,0,0,0,0,0,0,0
0,0,0,0,0,0,0,0,0,0,0,0,0,0,0,0
10,4,255,0,0,32,64,129,0,0,0,0,0,0,0,0
10,6,4091,1,0,48,96,192,0,0,0,0,0,0,0,0
0,0,0,0,0,0,0,0,0,0,0,0,0,0,0,0
10,6,4075,1,0,103,206,412,0,0,0,0,0,0,0,0
8,5,1788,0,4,122,244,489,0,0,0,0,0,0,0,0
0,0,0,0,0,0,0,0,0,0,0,0,0,0,0,0
10,6,1711,0,2,112,225,450,0,0,0,0,0,0,0,0
0,0,0,0,0,0,0,0,0,0,0,0,0,0,0,0
0,0,0,0,0,0,0,0,0,0,0,0,0,0,0,0
10,6,2991,0,1,53,107,215,0,0,0,0,0,0,0,0
0,0,0,0,0,0,0,0,0,0,0,0,0,0,0,0
0,0,0,0,0,0,0,0,0,0,0,0,0,0,0,0
0,0,0,0,0,0,0,0,0,0,0,0,0,0,0,0
0,0,0,0,0,0,0,0,0,0,0,0,0,0,0,0
10,4,3696,1,0,102,204,409,0,0,0,0,0,0,0,0
3,5,507,1,12,96,193,387,0,0,0,0,0,0,0,0
9,4,3972,1,4,63,127,255,0,0,0,0,0,0,0,0
0,0,0,0,0,0,0,0,0,0,0,0,0,0,0,0
0,0,0,0,0,0,0,0,0,0,0,0,0,0,0,0
0,0,0,0,0,0,0,0,0,0,0,0,0,0,0,0
3,4,1020,1,15,113,226,453,0,0,0,0,0,0,0,0
10,4,2575,0,1,104,208,416,0,0,0,0,0,0,0,0
8,5,4018,0,4,110,220,441,0,0,0,0,0,0,0,0
3,5,933,1,15,54,108,217,0,0,0,0,0,0,0,0
10,6,2986,1,0,30,60,121,0,0,0,0,0,0,0,0
0,0,0,0,0,0,0,0,0,0,0,0,0,0,0,0
0,0,0,0,0,0,0,0,0,0,0,0,0,0,0,0
9,4,3109,1,3,4,8,16,0,0,0,0,0,0,0,0
0,0,0,0,0,0,0,0,0,0,0,0,0,0,0,0
0,0,0,0,0,0,0,0,0,0,0,0,0,0,0,0
10,5,683,0,1,122,245,490,0,0,0,0,0,0,0,0
0,0,0,0,0,0,0,0,0,0,0,0,0,0,0,0
0,0,0,0,0,0,0,0,0,0,0,0,0,0,0,0
5,6,4073,1,9,61,122,244,0,0,0,0,0,0,0,0
0,0,0,0,0,0,0,0,0,0,0,0,0,0,0,0
0,0,0,0,0,0,0,0,0,0,0,0,0,0,0,0
0,0,0,0,0,0,0,0,0,0,0,0,0,0,0,0
0,0,0,0,0,0,0,0,0,0,0,0,0,0,0,0
10,4,2604,0,1,21,43,87,0,0,0,0,0,0,0,0
10,6,3818,1,1,153,307,614,0,0,0,0,0,0,0,0
10,4,4044,0,0,3,6,13,0,0,0,0,0,0,0,0
10,4,4040,1,2,84,169,339,0,0,0,0,0,0,0,0
9,4,916,1,5,53,107,214,0,0,0,0,0,0,0,0
8,5,3261,0,4,117,234,468,0,0,0,0,0,0,0,0
9,5,3305,1,3,2,4,9,0,0,0,0,0,0,0,0
4,5,1388,0,9,150,301,603,0,0,0,0,0,0,0,0
0,0,0,0,0,0,0,0,0,0,0,0,0,0,0,0
0,0,0,0,0,0,0,0,0,0,0,0,0,0,0,0
8,4,1712,0,4,70,140,281,0,0,0,0,0,0,0,0
7,5,661,1,8,20,40,81,0,0,0,0,0,0,0,0
3,6,2478,1,12,150,301,602,0,0,0,0,0,0,0,0
0,0,0,0,0,0,0,0,0,0,0,0,0,0,0,0
0,0,0,0,0,0,0,0,0,0,0,0,0,0,0,0
0,0,0,0,0,0,0,0,0,0,0,0,0,0,0,0
0,0,0,0,0,0,0,0,0,0,0,0,0,0,0,0
10,5,4047,0,0,73,146,293,0,0,0,0,0,0,0,0
10,5,3023,0,1,86,172,345,0,0,0,0,0,0,0,0
0,0,0,0,0,0,0,0,0,0,0,0,0,0,0,0
10,4,2187,0,1,103,207,414,0,0,0,0,0,0,0,0
8,4,975,0,5,2,5,11,0,0,0,0,0,0,0,0
0,0,0,0,0,0,0,0,0,0,0,0,0,0,0,0
8,4,364,0,5,110,220,441,0,0,0,0,0,0,0,0
3,5,933,1,15,54,108,217,0,0,0,0,0,0,0,0
0,0,0,0,0,0,0,0,0,0,0,0,0,0,0,0
10,6,2731,0,1,116,233,466,0,0,0,0,0,0,0,0
0,0,0,0,0,0,0,0,0,0,0,0,0,0,0,0
9,4,2275,1,4,22,45,90,0,0,0,0,0,0,0,0
0,0,0,0,0,0,0,0,0,0,0,0,0,0,0,0
10,6,3754,1,1,50,100,201,0,0,0,0,0,0,0,0
0,0,0,0,0,0,0,0,0,0,0,0,0,0,0,0
10,4,251,1,0,44,88,176,0,0,0,0,0,0,0,0
0,0,0,0,0,0,0,0,0,0,0,0,0,0,0,0
10,4,1020,1,0,30,60,121,0,0,0,0,0,0,0,0
9,5,3881,1,3,142,284,569,0,0,0,0,0,0,0,0
0,0,0,0,0,0,0,0,0,0,0,0,0,0,0,0
0,0,0,0,0,0,0,0,0,0,0,0,0,0,0,0
10,6,2986,1,0,85,170,341,0,0,0,0,0,0,0,0
0,0,0,0,0,0,0,0,0,0,0,0,0,0,0,0
10,6,4090,1,1,85,171,343,3,4,249,1,15,138,276,552
0,0,0,0,0,0,0,0,0,0,0,0,0,0,0,0
0,0,0,0,0,0,0,0,0,0,0,0,0,0,0,0
0,0,0,0,0,0,0,0,0,0,0,0,0,0,0,0
8,6,1387,0,3,27,54,108,0,0,0,0,0,0,0,0
0,0,0,0,0,0,0,0,0,0,0,0,0,0,0,0
9,6,4005,1,3,92,184,368,0,0,0,0,0,0,0,0
10,5,4047,0,0,51,102,205,0,0,0,0,0,0,0,0
0,0,0,0,0,0,0,0,0,0,0,0,0,0,0,0
0,0,0,0,0,0,0,0,0,0,0,0,0,0,0,0
0,0,0,0,0,0,0,0,0,0,0,0,0,0,0,0
10,5,2603,0,1,92,185,370,0,0,0,0,0,0,0,0
0,0,0,0,0,0,0,0,0,0,0,0,0,0,0,0
7,6,4074,1,8,61,122,245,0,0,0,0,0,0,0,0
10,6,4095,1,0,1,2,5,0,0,0,0,0,0,0,0
10,5,3903,0,0,151,302,605,0,0,0,0,0,0,0,0
0,0,0,0,0,0,0,0,0,0,0,0,0,0,0,0
0,0,0,0,0,0,0,0,0,0,0,0,0,0,0,0
0,0,0,0,0,0,0,0,0,0,0,0,0,0,0,0
0,0,0,0,0,0,0,0,0,0,0,0,0,0,0,0
0,0,0,0,0,0,0,0,0,0,0,0,0,0,0,0
0,0,0,0,0,0,0,0,0,0,0,0,0,0,0,0
10,6,4095,1,0,122,244,489,0,0,0,0,0,0,0,0
0,0,0,0,0,0,0,0,0,0,0,0,0,0,0,0
10,5,441,1,0,147,294,588,0,0,0,0,0,0,0,0
0,0,0,0,0,0,0,0,0,0,0,0,0,0,0,0
10,5,1023,1,0,111,222,445,0,0,0,0,0,0,0,0
0,0,0,0,0,0,0,0,0,0,0,0,0,0,0,0
10,5,4047,0,0,142,284,569,0,0,0,0,0,0,0,0
0,0,0,0,0,0,0,0,0,0,0,0,0,0,0,0
0,0,0,0,0,0,0,0,0,0,0,0,0,0,0,0
0,0,0,0,0,0,0,0,0,0,0,0,0,0,0,0
0,0,0,0,0,0,0,0,0,0,0,0,0,0,0,0
0,0,0,0,0,0,0,0,0,0,0,0,0,0,0,0
0,0,0,0,0,0,0,0,0,0,0,0,0,0,0,0
0,0,0,0,0,0,0,0,0,0,0,0,0,0,0,0
10,5,2412,0,2,7,14,29,0,0,0,0,0,0,0,0
0,0,0,0,0,0,0,0,0,0,0,0,0,0,0,0
0,0,0,0,0,0,0,0,0,0,0,0,0,0,0,0
0,0,0,0,0,0,0,0,0,0,0,0,0,0,0,0
10,4,2700,0,2,77,155,311,0,0,0,0,0,0,0,0
10,4,3850,1,1,96,193,387,0,0,0,0,0,0,0,0
3,4,3279,1,13,46,92,185,0,0,0,0,0,0,0,0
0,0,0,0,0,0,0,0,0,0,0,0,0,0,0,0
0,0,0,0,0,0,0,0,0,0,0,0,0,0,0,0
8,5,4092,0,5,24,49,99,0,0,0,0,0,0,0,0
0,0,0,0,0,0,0,0,0,0,0,0,0,0,0,0
0,0,0,0,0,0,0,0,0,0,0,0,0,0,0,0
0,0,0,0,0,0,0,0,0,0,0,0,0,0,0,0
10,6,3754,1,1,80,160,321,0,0,0,0,0,0,0,0
5,5,3717,1,9,98,196,393,0,0,0,0,0,0,0,0
0,0,0,0,0,0,0,0,0,0,0,0,0,0,0,0
10,5,1003,1,0,106,212,424,0,0,0,0,0,0,0,0
0,0,0,0,0,0,0,0,0,0,0,0,0,0,0,0
10,4,2616,0,0,116,233,466,0,0,0,0,0,0,0,0
5,6,4069,1,9,59,119,239,0,0,0,0,0,0,0,0
10,6,4095,1,0,32,64,129,0,0,0,0,0,0,0,0
0,0,0,0,0,0,0,0,0,0,0,0,0,0,0,0
0,0,0,0,0,0,0,0,0,0,0,0,0,0,0,0
0,0,0,0,0,0,0,0,0,0,0,0,0,0,0,0
0,0,0,0,0,0,0,0,0,0,0,0,0,0,0,0
0,0,0,0,0,0,0,0,0,0,0,0,0,0,0,0
10,6,4095,1,0,44,88,177,0,0,0,0,0,0,0,0
0,0,0,0,0,0,0,0,0,0,0,0,0,0,0,0
10,5,3964,1,0,16,32,64,0,0,0,0,0,0,0,0
10,4,3874,1,1,116,233,466,0,0,0,0,0,0,0,0
10,4,3234,1,1,85,171,342,0,0,0,0,0,0,0,0
10,4,255,0,0,115,230,461,0,0,0,0,0,0,0,0
0,0,0,0,0,0,0,0,0,0,0,0,0,0,0,0
0,0,0,0,0,0,0,0,0,0,0,0,0,0,0,0
0,0,0,0,0,0,0,0,0,0,0,0,0,0,0,0
10,5,1023,1,0,99,198,397,0,0,0,0,0,0,0,0
0,0,0,0,0,0,0,0,0,0,0,0,0,0,0,0
10,6,2731,0,1,18,37,74,0,0,0,0,0,0,0,0
10,6,2751,0,2,152,304,608,0,0,0,0,0,0,0,0
10,6,4095,1,0,138,276,553,0,0,0,0,0,0,0,0
0,0,0,0,0,0,0,0,0,0,0,0,0,0,0,0
0,0,0,0,0,0,0,0,0,0,0,0,0,0,0,0
3,6,3838,1,14,103,206,412,0,0,0,0,0,0,0,0
0,0,0,0,0,0,0,0,0,0,0,0,0,0,0,0
0,0,0,0,0,0,0,0,0,0,0,0,0,0,0,0
10,5,4088,1,1,142,284,568,0,0,0,0,0,0,0,0
10,5,2303,0,1,90,180,361,0,0,0,0,0,0,0,0
3,5,3752,1,15,3,6,13,0,0,0,0,0,0,0,0
10,4,191,0,2,25,50,100,0,0,0,0,0,0,0,0
0,0,0,0,0,0,0,0,0,0,0,0,0,0,0,0
0,0,0,0,0,0,0,0,0,0,0,0,0,0,0,0
0,0,0,0,0,0,0,0,0,0,0,0,0,0,0,0
0,0,0,0,0,0,0,0,0,0,0,0,0,0,0,0
10,5,1023,1,0,148,296,593,0,0,0,0,0,0,0,0
0,0,0,0,0,0,0,0,0,0,0,0,0,0,0,0
8,5,347,0,4,57,115,231,0,0,0,0,0,0,0,0
10,5,2978,1,0,76,153,306,0,0,0,0,0,0,0,0
8,5,3246,0,5,65,130,260,0,0,0,0,0,0,0,0
0,0,0,0,0,0,0,0,0,0,0,0,0,0,0,0
10,4,3279,1,0,110,220,441,0,0,0,0,0,0,0,0
0,0,0,0,0,0,0,0,0,0,0,0,0,0,0,0
0,0,0,0,0,0,0,0,0,0,0,0,0,0,0,0
0,0,0,0,0,0,0,0,0,0,0,0,0,0,0,0
10,5,4083,0,0,16,32,65,0,0,0,0,0,0,0,0
8,5,698,0,5,120,240,480,0,0,0,0,0,0,0,0
0,0,0,0,0,0,0,0,0,0,0,0,0,0,0,0
0,0,0,0,0,0,0,0,0,0,0,0,0,0,0,0
10,6,4095,1,0,129,258,517,0,0,0,0,0,0,0,0
0,0,0,0,0,0,0,0,0,0,0,0,0,0,0,0
0,0,0,0,0,0,0,0,0,0,0,0,0,0,0,0
10,6,2734,0,0,82,165,330,0,0,0,0,0,0,0,0
0,0,0,0,0,0,0,0,0,0,0,0,0,0,0,0
0,0,0,0,0,0,0,0,0,0,0,0,0,0,0,0
10,5,3886,1,1,4,9,19,0,0,0,0,0,0,0,0
9,4,2280,1,5,44,88,177,0,0,0,0,0,0,0,0
0,0,0,0,0,0,0,0,0,0,0,0,0,0,0,0
0,0,0,0,0,0,0,0,0,0,0,0,0,0,0,0
0,0,0,0,0,0,0,0,0,0,0,0,0,0,0,0
0,0,0,0,0,0,0,0,0,0,0,0,0,0,0,0
0,0,0,0,0,0,0,0,0,0,0,0,0,0,0,0
0,0,0,0,0,0,0,0,0,0,0,0,0,0,0,0
0,0,0,0,0,0,0,0,0,0,0,0,0,0,0,0
10,5,1675,0,2,149,299,598,0,0,0,0,0,0,0,0
10,5,4046,1,1,42,84,168,0,0,0,0,0,0,0,0
10,5,2984,1,0,117,234,469,0,0,0,0,0,0,0,0
10,6,4095,1,0,36,72,145,0,0,0,0,0,0,0,0
7,4,2384,1,8,146,293,587,0,0,0,0,0,0,0,0
10,5,3327,1,0,35,70,141,0,0,0,0,0,0,0,0
10,4,675,0,2,84,169,338,0,0,0,0,0,0,0,0
4,5,367,0,10,40,81,163,0,0,0,0,0,0,0,0
0,0,0,0,0,0,0,0,0,0,0,0,0,0,0,0
10,6,4095,1,0,30,60,121,0,0,0,0,0,0,0,0
10,6,3071,0,1,152,304,609,0,0,0,0,0,0,0,0
10,5,4092,0,0,2,4,9,0,0,0,0,0,0,0,0
10,6,2815,0,1,54,108,216,0,0,0,0,0,0,0,0
10,5,2803,0,1,145,290,580,0,0,0,0,0,0,0,0
0,0,0,0,0,0,0,0,0,0,0,0,0,0,0,0
10,4,3900,0,0,61,122,245,0,0,0,0,0,0,0,0
0,0,0,0,0,0,0,0,0,0,0,0,0,0,0,0
10,5,4066,1,1,95,191,383,0,0,0,0,0,0,0,0
0,0,0,0,0,0,0,0,0,0,0,0,0,0,0,0
3,4,2700,1,12,3,7,15,0,0,0,0,0,0,0,0
0,0,0,0,0,0,0,0,0,0,0,0,0,0,0,0
0,0,0,0,0,0,0,0,0,0,0,0,0,0,0,0
10,4,831,1,0,65,130,261,0,0,0,0,0,0,0,0
0,0,0,0,0,0,0,0,0,0,0,0,0,0,0,0
10,5,2702,0,0,98,197,394,0,0,0,0,0,0,0,0
0,0,0,0,0,0,0,0,0,0,0,0,0,0,0,0
0,0,0,0,0,0,0,0,0,0,0,0,0,0,0,0
0,0,0,0,0,0,0,0,0,0,0,0,0,0,0,0
0,0,0,0,0,0,0,0,0,0,0,0,0,0,0,0
10,5,4083,0,0,49,98,197,0,0,0,0,0,0,0,0
0,0,0,0,0,0,0,0,0,0,0,0,0,0,0,0
0,0,0,0,0,0,0,0,0,0,0,0,0,0,0,0
6,5,2623,0,8,60,120,241,0,0,0,0,0,0,0,0
4,5,1423,0,9,100,200,400,0,0,0,0,0,0,0,0
0,0,0,0,0,0,0,0,0,0,0,0,0,0,0,0
0,0,0,0,0,0,0,0,0,0,0,0,0,0,0,0
10,6,4095,1,0,41,82,165,0,0,0,0,0,0,0,0
8,5,3902,0,4,87,174,349,0,0,0,0,0,0,0,0
0,0,0,0,0,0,0,0,0,0,0,0,0,0,0,0
0,0,0,0,0,0,0,0,0,0,0,0,0,0,0,0
10,4,3240,1,2,107,214,429,0,0,0,0,0,0,0,0
9,5,2707,1,4,13,26,52,0,0,0,0,0,0,0,0
0,0,0,0,0,0,0,0,0,0,0,0,0,0,0,0
6,5,4019,0,6,58,117,234,0,0,0,0,0,0,0,0
10,5,4092,0,0,155,310,621,0,0,0,0,0,0,0,0
10,5,683,0,1,4,9,18,0,0,0,0,0,0,0,0
9,5,2603,1,4,44,88,177,0,0,0,0,0,0,0,0
0,0,0,0,0,0,0,0,0,0,0,0,0,0,0,0
0,0,0,0,0,0,0,0,0,0,0,0,0,0,0,0
0,0,0,0,0,0,0,0,0,0,0,0,0,0,0,0
0,0,0,0,0,0,0,0,0,0,0,0,0,0,0,0
0,0,0,0,0,0,0,0,0,0,0,0,0,0,0,0
0,0,0,0,0,0,0,0,0,0,0,0,0,0,0,0
10,4,2255,0,1,120,240,480,0,0,0,0,0,0,0,0
0,0,0,0,0,0,0,0,0,0,0,0,0,0,0,0
0,0,0,0,0,0,0,0,0,0,0,0,0,0,0,0
10,6,2815,0,1,74,148,296,0,0,0,0,0,0,0,0
6,4,3855,0,6,57,115,231,0,0,0,0,0,0,0,0
0,0,0,0,0,0,0,0,0,0,0,0,0,0,0,0
9,4,230,1,3,41,83,166,0,0,0,0,0,0,0,0
0,0,0,0,0,0,0,0,0,0,0,0,0,0,0,0
0,0,0,0,0,0,0,0,0,0,0,0,0,0,0,0
0,0,0,0,0,0,0,0,0,0,0,0,0,0,0,0
10,5,3816,1,1,34,69,138,0,0,0,0,0,0,0,0
0,0,0,0,0,0,0,0,0,0,0,0,0,0,0,0
10,5,4092,0,0,107,214,429,0,0,0,0,0,0,0,0
0,0,0,0,0,0,0,0,0,0,0,0,0,0,0,0
10,5,2603,0,1,152,305,610,0,0,0,0,0,0,0,0
0,0,0,0,0,0,0,0,0,0,0,0,0,0,0,0
9,6,3070,1,5,134,269,538,0,0,0,0,0,0,0,0
0,0,0,0,0,0,0,0,0,0,0,0,0,0,0,0
8,4,395,0,3,5,10,21,0,0,0,0,0,0,0,0
9,5,937,1,3,121,242,485,0,0,0,0,0,0,0,0
0,0,0,0,0,0,0,0,0,0,0,0,0,0,0,0
0,0,0,0,0,0,0,0,0,0,0,0,0,0,0,0
0,0,0,0,0,0,0,0,0,0,0,0,0,0,0,0
0,0,0,0,0,0,0,0,0,0,0,0,0,0,0,0
10,5,2723,0,1,98,197,394,0,0,0,0,0,0,0,0
0,0,0,0,0,0,0,0,0,0,0,0,0,0,0,0
10,5,938,1,1,139,279,558,0,0,0,0,0,0,0,0
9,4,230,1,3,41,83,166,0,0,0,0,0,0,0,0
3,4,969,1,15,92,185,371,0,0,0,0,0,0,0,0
0,0,0,0,0,0,0,0,0,0,0,0,0,0,0,0
10,5,4072,1,2,43,87,174,0,0,0,0,0,0,0,0
10,5,4092,0,0,83,166,333,0,0,0,0,0,0,0,0
0,0,0,0,0,0,0,0,0,0,0,0,0,0,0,0
0,0,0,0,0,0,0,0,0,0,0,0,0,0,0,0
8,4,1420,0,4,103,207,415,0,0,0,0,0,0,0,0
0,0,0,0,0,0,0,0,0,0,0,0,0,0,0,0
10,5,767,0,1,155,310,620,0,0,0,0,0,0,0,0
10,6,2667,0,1,4,8,17,0,0,0,0,0,0,0,0
0,0,0,0,0,0,0,0,0,0,0,0,0,0,0,0
6,5,2748,0,8,151,302,605,0,0,0,0,0,0,0,0
8,4,3850,0,4,44,88,176,0,0,0,0,0,0,0,0
10,6,2734,0,0,19,39,78,9,4,709,1,3,28,56,112
10,5,3882,1,1,149,299,598,0,0,0,0,0,0,0,0
0,0,0,0,0,0,0,0,0,0,0,0,0,0,0,0
10,5,4092,0,0,41,82,165,0,0,0,0,0,0,0,0
6,5,2234,0,6,104,209,419,0,0,0,0,0,0,0,0
0,0,0,0,0,0,0,0,0,0,0,0,0,0,0,0
0,0,0,0,0,0,0,0,0,0,0,0,0,0,0,0
0,0,0,0,0,0,0,0,0,0,0,0,0,0,0,0
0,0,0,0,0,0,0,0,0,0,0,0,0,0,0,0
0,0,0,0,0,0,0,0,0,0,0,0,0,0,0,0
0,0,0,0,0,0,0,0,0,0,0,0,0,0,0,0
0,0,0,0,0,0,0,0,0,0,0,0,0,0,0,0
0,0,0,0,0,0,0,0,0,0,0,0,0,0,0,0
0,0,0,0,0,0,0,0,0,0,0,0,0,0,0,0
10,4,251,1,0,124,248,496,0,0,0,0,0,0,0,0
0,0,0,0,0,0,0,0,0,0,0,0,0,0,0,0
10,4,2764,0,2,74,148,297,0,0,0,0,0,0,0,0
0,0,0,0,0,0,0,0,0,0,0,0,0,0,0,0
6,6,4031,0,6,57,115,230,0,0,0,0,0,0,0,0
10,4,2595,0,1,146,293,587,0,0,0,0,0,0,0,0
10,5,1023,1,0,93,186,373,0,0,0,0,0,0,0,0
10,5,4092,0,0,88,176,353,0,0,0,0,0,0,0,0
8,5,3262,0,5,45,90,181,0,0,0,0,0,0,0,0
3,4,969,1,15,92,185,371,0,0,0,0,0,0,0,0
9,6,3055,1,5,77,155,310,0,0,0,0,0,0,0,0
10,5,3327,1,0,151,302,605,0,0,0,0,0,0,0,0
10,5,4008,1,2,0,0,1,0,0,0,0,0,0,0,0
0,0,0,0,0,0,0,0,0,0,0,0,0,0,0,0
0,0,0,0,0,0,0,0,0,0,0,0,0,0,0,0
0,0,0,0,0,0,0,0,0,0,0,0,0,0,0,0
2,4,2976,0,12,82,164,329,0,0,0,0,0,0,0,0
0,0,0,0,0,0,0,0,0,0,0,0,0,0,0,0
0,0,0,0,0,0,0,0,0,0,0,0,0,0,0,0
0,0,0,0,0,0,0,0,0,0,0,0,0,0,0,0
0,0,0,0,0,0,0,0,0,0,0,0,0,0,0,0
10,4,575,0,2,133,266,532,0,0,0,0,0,0,0,0
7,5,4047,1,6,21,43,87,0,0,0,0,0,0,0,0
10,6,4074,1,2,32,65,131,0,0,0,0,0,0,0,0
0,0,0,0,0,0,0,0,0,0,0,0,0,0,0,0
8,6,1387,0,3,18,36,72,9,4,2000,1,5,36,72,144
10,6,4090,1,1,36,73,147,0,0,0,0,0,0,0,0
0,0,0,0,0,0,0,0,0,0,0,0,0,0,0,0
0,0,0,0,0,0,0,0,0,0,0,0,0,0,0,0
0,0,0,0,0,0,0,0,0,0,0,0,0,0,0,0
0,0,0,0,0,0,0,0,0,0,0,0,0,0,0,0
0,0,0,0,0,0,0,0,0,0,0,0,0,0,0,0
10,5,3752,1,1,146,292,585,0,0,0,0,0,0,0,0
3,5,3732,1,15,130,261,522,0,0,0,0,0,0,0,0
10,4,2700,0,2,51,103,207,0,0,0,0,0,0,0,0
0,0,0,0,0,0,0,0,0,0,0,0,0,0,0,0
8,6,4027,0,5,65,130,261,0,0,0,0,0,0,0,0
10,4,3618,1,1,98,197,394,0,0,0,0,0,0,0,0
10,4,2111,0,1,28,56,112,0,0,0,0,0,0,0,0
0,0,0,0,0,0,0,0,0,0,0,0,0,0,0,0
10,4,3891,0,0,43,86,173,0,0,0,0,0,0,0,0
0,0,0,0,0,0,0,0,0,0,0,0,0,0,0,0
0,0,0,0,0,0,0,0,0,0,0,0,0,0,0,0
0,0,0,0,0,0,0,0,0,0,0,0,0,0,0,0
0,0,0,0,0,0,0,0,0,0,0,0,0,0,0,0
0,0,0,0,0,0,0,0,0,0,0,0,0,0,0,0
10,4,3135,1,0,62,124,249,0,0,0,0,0,0,0,0
6,6,1470,0,8,46,93,187,0,0,0,0,0,0,0,0
0,0,0,0,0,0,0,0,0,0,0,0,0,0,0,0
10,5,2723,0,1,149,299,598,0,0,0,0,0,0,0,0
3,5,937,1,15,126,253,506,0,0,0,0,0,0,0,0
10,6,2734,0,0,57,115,230,0,0,0,0,0,0,0,0
10,4,831,1,0,93,186,373,0,0,0,0,0,0,0,0
10,5,2796,0,1,52,104,208,0,0,0,0,0,0,0,0
8,6,1387,0,3,127,254,508,8,4,3260,0,5,45,90,181
10,4,1163,0,2,149,298,597,0,0,0,0,0,0,0,0
10,6,4090,1,1,30,61,123,0,0,0,0,0,0,0,0
10,4,3016,1,0,117,235,471,0,0,0,0,0,0,0,0
0,0,0,0,0,0,0,0,0,0,0,0,0,0,0,0
5,5,3717,1,9,146,292,585,0,0,0,0,0,0,0,0
0,0,0,0,0,0,0,0,0,0,0,0,0,0,0,0
0,0,0,0,0,0,0,0,0,0,0,0,0,0,0,0
4,5,367,0,10,40,81,163,0,0,0,0,0,0,0,0
4,6,1387,0,9,50,101,202,0,0,0,0,0,0,0,0
0,0,0,0,0,0,0,0,0,0,0,0,0,0,0,0
10,4,975,0,0,25,50,101,0,0,0,0,0,0,0,0
7,4,994,1,8,74,148,297,0,0,0,0,0,0,0,0
9,4,3109,1,3,50,100,200,0,0,0,0,0,0,0,0
10,4,4035,1,0,77,154,309,0,0,0,0,0,0,0,0
10,5,3903,0,0,134,268,537,0,0,0,0,0,0,0,0
0,0,0,0,0,0,0,0,0,0,0,0,0,0,0,0
10,4,126,0,2,88,176,353,0,0,0,0,0,0,0,0
0,0,0,0,0,0,0,0,0,0,0,0,0,0,0,0
6,5,683,0,7,43,86,172,8,4,1187,0,3,152,305,610
10,4,3891,0,0,133,266,533,0,0,0,0,0,0,0,0
6,4,2106,0,6,94,189,379,0,0,0,0,0,0,0,0
0,0,0,0,0,0,0,0,0,0,0,0,0,0,0,0
3,4,756,1,15,34,68,137,0,0,0,0,0,0,0,0
10,4,255,0,0,126,252,505,0,0,0,0,0,0,0,0
10,4,3114,1,1,112,225,450,0,0,0,0,0,0,0,0
0,0,0,0,0,0,0,0,0,0,0,0,0,0,0,0
10,6,2731,0,1,95,191,382,0,0,0,0,0,0,0,0
10,6,2734,0,0,57,115,230,0,0,0,0,0,0,0,0
10,6,4095,1,0,59,118,237,0,0,0,0,0,0,0,0
0,0,0,0,0,0,0,0,0,0,0,0,0,0,0,0
0,0,0,0,0,0,0,0,0,0,0,0,0,0,0,0
3,4,1020,1,15,113,226,453,0,0,0,0,0,0,0,0
10,6,4095,1,0,43,86,173,0,0,0,0,0,0,0,0
0,0,0,0,0,0,0,0,0,0,0,0,0,0,0,0
0,0,0,0,0,0,0,0,0,0,0,0,0,0,0,0
9,4,4000,1,3,91,182,365,0,0,0,0,0,0,0,0
0,0,0,0,0,0,0,0,0,0,0,0,0,0,0,0
0,0,0,0,0,0,0,0,0,0,0,0,0,0,0,0
9,5,3877,1,3,154,308,616,0,0,0,0,0,0,0,0
0,0,0,0,0,0,0,0,0,0,0,0,0,0,0,0
10,5,3903,0,0,48,96,193,0,0,0,0,0,0,0,0
0,0,0,0,0,0,0,0,0,0,0,0,0,0,0,0
7,6,4091,1,6,42,85,171,0,0,0,0,0,0,0,0
0,0,0,0,0,0,0,0,0,0,0,0,0,0,0,0
7,6,3754,1,7,149,298,596,0,0,0,0,0,0,0,0
10,4,3315,0,0,18,36,73,0,0,0,0,0,0,0,0
0,0,0,0,0,0,0,0,0,0,0,0,0,0,0,0
0,0,0,0,0,0,0,0,0,0,0,0,0,0,0,0
9,4,249,1,5,139,278,556,0,0,0,0,0,0,0,0
0,0,0,0,0,0,0,0,0,0,0,0,0,0,0,0
6,4,3315,0,6,42,85,171,0,0,0,0,0,0,0,0
3,5,3668,1,15,126,252,505,0,0,0,0,0,0,0,0
3,5,507,1,12,96,193,387,0,0,0,0,0,0,0,0
10,4,3324,1,0,21,42,85,0,0,0,0,0,0,0,0
9,4,3604,1,4,53,107,214,0,0,0,0,0,0,0,0
0,0,0,0,0,0,0,0,0,0,0,0,0,0,0,0
0,0,0,0,0,0,0,0,0,0,0,0,0,0,0,0
0,0,0,0,0,0,0,0,0,0,0,0,0,0,0,0
5,4,3728,1,10,102,204,408,0,0,0,0,0,0,0,0
10,6,4095,1,0,127,254,509,0,0,0,0,0,0,0,0
0,0,0,0,0,0,0,0,0,0,0,0,0,0,0,0
10,5,3903,0,0,113,226,453,0,0,0,0,0,0,0,0
0,0,0,0,0,0,0,0,0,0,0,0,0,0,0,0
10,5,4092,0,0,120,240,481,0,0,0,0,0,0,0,0
0,0,0,0,0,0,0,0,0,0,0,0,0,0,0,0
10,4,3890,1,1,114,228,456,0,0,0,0,0,0,0,0
0,0,0,0,0,0,0,0,0,0,0,0,0,0,0,0
7,5,4076,1,6,135,271,543,0,0,0,0,0,0,0,0
0,0,0,0,0,0,0,0,0,0,0,0,0,0,0,0
0,0,0,0,0,0,0,0,0,0,0,0,0,0,0,0
10,5,3816,1,1,34,69,138,0,0,0,0,0,0,0,0
10,5,1023,1,0,147,294,589,0,0,0,0,0,0,0,0
0,0,0,0,0,0,0,0,0,0,0,0,0,0,0,0
10,5,4042,1,1,67,135,271,0,0,0,0,0,0,0,0
0,0,0,0,0,0,0,0,0,0,0,0,0,0,0,0
0,0,0,0,0,0,0,0,0,0,0,0,0,0,0,0
0,0,0,0,0,0,0,0,0,0,0,0,0,0,0,0
0,0,0,0,0,0,0,0,0,0,0,0,0,0,0,0
10,5,4024,1,1,81,163,327,0,0,0,0,0,0,0,0
9,6,4005,1,3,142,284,568,0,0,0,0,0,0,0,0
9,6,2795,1,5,134,268,537,0,0,0,0,0,0,0,0
0,0,0,0,0,0,0,0,0,0,0,0,0,0,0,0
10,4,1010,1,2,58,116,232,0,0,0,0,0,0,0,0
10,5,1023,1,0,49,98,197,0,0,0,0,0,0,0,0
0,0,0,0,0,0,0,0,0,0,0,0,0,0,0,0
3,4,249,1,15,138,276,552,0,0,0,0,0,0,0,0
0,0,0,0,0,0,0,0,0,0,0,0,0,0,0,0
10,5,1579,0,2,153,306,613,0,0,0,0,0,0,0,0
10,6,4075,1,0,59,118,236,0,0,0,0,0,0,0,0
9,6,4073,1,3,138,277,554,0,0,0,0,0,0,0,0
5,4,3284,1,10,46,93,186,0,0,0,0,0,0,0,0
0,0,0,0,0,0,0,0,0,0,0,0,0,0,0,0
0,0,0,0,0,0,0,0,0,0,0,0,0,0,0,0
7,6,4074,1,8,77,154,309,0,0,0,0,0,0,0,0
7,6,4074,1,8,69,138,277,0,0,0,0,0,0,0,0
10,4,684,0,2,108,217,435,0,0,0,0,0,0,0,0
2,5,607,0,15,102,204,408,0,0,0,0,0,0,0,0
10,5,3903,0,0,64,128,257,0,0,0,0,0,0,0,0
0,0,0,0,0,0,0,0,0,0,0,0,0,0,0,0
0,0,0,0,0,0,0,0,0,0,0,0,0,0,0,0
0,0,0,0,0,0,0,0,0,0,0,0,0,0,0,0
0,0,0,0,0,0,0,0,0,0,0,0,0,0,0,0
10,4,1011,0,0,52,104,209,0,0,0,0,0,0,0,0
10,5,4047,0,0,137,274,549,0,0,0,0,0,0,0,0
0,0,0,0,0,0,0,0,0,0,0,0,0,0,0,0
10,6,2411,0,2,127,254,509,0,0,0,0,0,0,0,0
10,4,3855,1,0,139,278,557,0,0,0,0,0,0,0,0
9,6,4005,1,3,92,184,368,0,0,0,0,0,0,0,0
9,6,2031,1,3,92,185,370,0,0,0,0,0,0,0,0
8,4,1087,0,3,136,273,547,0,0,0,0,0,0,0,0
10,6,4094,1,1,121,242,484,0,0,0,0,0,0,0,0
0,0,0,0,0,0,0,0,0,0,0,0,0,0,0,0
0,0,0,0,0,0,0,0,0,0,0,0,0,0,0,0
0,0,0,0,0,0,0,0,0,0,0,0,0,0,0,0
0,0,0,0,0,0,0,0,0,0,0,0,0,0,0,0
0,0,0,0,0,0,0,0,0,0,0,0,0,0,0,0
0,0,0,0,0,0,0,0,0,0,0,0,0,0,0,0
0,0,0,0,0,0,0,0,0,0,0,0,0,0,0,0
10,5,2412,0,2,7,14,29,0,0,0,0,0,0,0,0
0,0,0,0,0,0,0,0,0,0,0,0,0,0,0,0
0,0,0,0,0,0,0,0,0,0,0,0,0,0,0,0
0,0,0,0,0,0,0,0,0,0,0,0,0,0,0,0
10,4,2191,0,1,77,155,311,0,0,0,0,0,0,0,0
10,5,3786,1,1,96,193,386,0,0,0,0,0,0,0,0
0,0,0,0,0,0,0,0,0,0,0,0,0,0,0,0
3,4,4035,1,13,46,93,186,0,0,0,0,0,0,0,0
0,0,0,0,0,0,0,0,0,0,0,0,0,0,0,0
0,0,0,0,0,0,0,0,0,0,0,0,0,0,0,0
0,0,0,0,0,0,0,0,0,0,0,0,0,0,0,0
10,4,3314,1,1,37,74,148,0,0,0,0,0,0,0,0
0,0,0,0,0,0,0,0,0,0,0,0,0,0,0,0
10,6,2735,0,1,51,103,207,0,0,0,0,0,0,0,0
8,4,3874,0,4,45,90,180,0,0,0,0,0,0,0,0
10,6,4094,1,1,51,102,204,0,0,0,0,0,0,0,0
0,0,0,0,0,0,0,0,0,0,0,0,0,0,0,0
0,0,0,0,0,0,0,0,0,0,0,0,0,0,0,0
0,0,0,0,0,0,0,0,0,0,0,0,0,0,0,0
0,0,0,0,0,0,0,0,0,0,0,0,0,0,0,0
0,0,0,0,0,0,0,0,0,0,0,0,0,0,0,0
0,0,0,0,0,0,0,0,0,0,0,0,0,0,0,0
10,6,4095,1,0,18,36,73,0,0,0,0,0,0,0,0
10,6,1451,0,2,39,78,157,0,0,0,0,0,0,0,0
0,0,0,0,0,0,0,0,0,0,0,0,0,0,0,0
0,0,0,0,0,0,0,0,0,0,0,0,0,0,0,0
8,6,1455,0,3,138,277,554,0,0,0,0,0,0,0,0
10,6,3754,1,1,19,38,77,0,0,0,0,0,0,0,0
0,0,0,0,0,0,0,0,0,0,0,0,0,0,0,0
0,0,0,0,0,0,0,0,0,0,0,0,0,0,0,0
0,0,0,0,0,0,0,0,0,0,0,0,0,0,0,0
10,6,4095,1,0,126,252,505,0,0,0,0,0,0,0,0
6,5,3263,0,6,119,239,478,0,0,0,0,0,0,0,0
0,0,0,0,0,0,0,0,0,0,0,0,0,0,0,0
0,0,0,0,0,0,0,0,0,0,0,0,0,0,0,0
10,6,4074,1,2,112,225,451,0,0,0,0,0,0,0,0
0,0,0,0,0,0,0,0,0,0,0,0,0,0,0,0
10,4,4016,1,0,1,2,4,0,0,0,0,0,0,0,0
10,5,1023,1,0,150,300,601,0,0,0,0,0,0,0,0
0,0,0,0,0,0,0,0,0,0,0,0,0,0,0,0
8,5,1788,0,4,24,48,97,0,0,0,0,0,0,0,0
0,0,0,0,0,0,0,0,0,0,0,0,0,0,0,0
8,5,431,0,4,53,107,214,0,0,0,0,0,0,0,0
5,5,3732,1,9,98,196,393,0,0,0,0,0,0,0,0
10,5,1003,1,0,106,212,424,0,0,0,0,0,0,0,0
8,6,4095,0,5,19,39,79,0,0,0,0,0,0,0,0
0,0,0,0,0,0,0,0,0,0,0,0,0,0,0,0
10,6,4095,1,0,130,260,521,0,0,0,0,0,0,0,0
0,0,0,0,0,0,0,0,0,0,0,0,0,0,0,0
0,0,0,0,0,0,0,0,0,0,0,0,0,0,0,0
10,5,4008,1,2,40,80,161,0,0,0,0,0,0,0,0
0,0,0,0,0,0,0,0,0,0,0,0,0,0,0,0
10,4,754,1,0,60,121,243,0,0,0,0,0,0,0,0
0,0,0,0,0,0,0,0,0,0,0,0,0,0,0,0
0,0,0,0,0,0,0,0,0,0,0,0,0,0,0,0
0,0,0,0,0,0,0,0,0,0,0,0,0,0,0,0
0,0,0,0,0,0,0,0,0,0,0,0,0,0,0,0
10,6,2731,0,1,149,299,598,9,4,229,1,5,138,276,553
3,5,937,1,15,126,253,506,0,0,0,0,0,0,0,0
0,0,0,0,0,0,0,0,0,0,0,0,0,0,0,0
0,0,0,0,0,0,0,0,0,0,0,0,0,0,0,0
0,0,0,0,0,0,0,0,0,0,0,0,0,0,0,0
10,5,4076,1,0,146,292,584,0,0,0,0,0,0,0,0
3,5,3732,1,15,130,261,522,0,0,0,0,0,0,0,0
8,5,1423,0,3,57,115,230,0,0,0,0,0,0,0,0
0,0,0,0,0,0,0,0,0,0,0,0,0,0,0,0
8,6,4027,0,5,65,130,261,0,0,0,0,0,0,0,0
0,0,0,0,0,0,0,0,0,0,0,0,0,0,0,0
0,0,0,0,0,0,0,0,0,0,0,0,0,0,0,0
3,4,4034,1,14,94,188,377,0,0,0,0,0,0,0,0
10,6,4095,1,0,152,304,609,0,0,0,0,0,0,0,0
10,6,2747,0,1,2,5,11,0,0,0,0,0,0,0,0
0,0,0,0,0,0,0,0,0,0,0,0,0,0,0,0
10,5,2803,0,1,54,108,216,0,0,0,0,0,0,0,0
10,4,575,0,2,145,290,580,0,0,0,0,0,0,0,0
0,0,0,0,0,0,0,0,0,0,0,0,0,0,0,0
0,0,0,0,0,0,0,0,0,0,0,0,0,0,0,0
10,6,4095,1,0,101,202,405,0,0,0,0,0,0,0,0
0,0,0,0,0,0,0,0,0,0,0,0,0,0,0,0
0,0,0,0,0,0,0,0,0,0,0,0,0,0,0,0
8,4,127,0,4,88,177,354,0,0,0,0,0,0,0,0
10,6,2986,1,0,34,68,137,0,0,0,0,0,0,0,0
0,0,0,0,0,0,0,0,0,0,0,0,0,0,0,0
10,5,4083,0,0,133,266,533,0,0,0,0,0,0,0,0
6,5,2744,0,6,95,190,380,0,0,0,0,0,0,0,0
0,0,0,0,0,0,0,0,0,0,0,0,0,0,0,0
10,6,4010,1,1,49,99,198,0,0,0,0,0,0,0,0
0,0,0,0,0,0,0,0,0,0,0,0,0,0,0,0
10,4,4040,1,2,102,205,411,0,0,0,0,0,0,0,0
0,0,0,0,0,0,0,0,0,0,0,0,0,0,0,0
10,4,2753,1,1,104,208,416,0,0,0,0,0,0,0,0
10,6,2809,1,1,53,106,213,0,0,0,0,0,0,0,0
8,5,1199,0,3,43,87,174,0,0,0,0,0,0,0,0
6,5,2748,0,8,107,214,429,0,0,0,0,0,0,0,0
8,4,1071,0,3,149,299,598,0,0,0,0,0,0,0,0
0,0,0,0,0,0,0,0,0,0,0,0,0,0,0,0
10,6,4095,1,0,5,10,21,0,0,0,0,0,0,0,0
10,4,4040,1,2,117,235,471,0,0,0,0,0,0,0,0
10,6,4095,1,0,36,72,145,0,0,0,0,0,0,0,0
7,6,4090,1,7,146,293,586,0,0,0,0,0,0,0,0
10,5,1976,0,1,125,251,503,0,0,0,0,0,0,0,0
0,0,0,0,0,0,0,0,0,0,0,0,0,0,0,0
10,6,3771,0,0,144,289,579,0,0,0,0,0,0,0,0
0,0,0,0,0,0,0,0,0,0,0,0,0,0,0,0
0,0,0,0,0,0,0,0,0,0,0,0,0,0,0,0
10,6,4074,1,2,107,215,431,0,0,0,0,0,0,0,0
0,0,0,0,0,0,0,0,0,0,0,0,0,0,0,0
0,0,0,0,0,0,0,0,0,0,0,0,0,0,0,0
0,0,0,0,0,0,0,0,0,0,0,0,0,0,0,0
10,5,2233,1,1,92,184,369,0,0,0,0,0,0,0,0
8,5,1452,0,4,136,273,546,0,0,0,0,0,0,0,0
10,5,4082,1,1,121,242,484,0,0,0,0,0,0,0,0
0,0,0,0,0,0,0,0,0,0,0,0,0,0,0,0
0,0,0,0,0,0,0,0,0,0,0,0,0,0,0,0
8,5,431,0,4,87,175,350,0,0,0,0,0,0,0,0
10,6,4095,1,0,104,208,417,0,0,0,0,0,0,0,0
0,0,0,0,0,0,0,0,0,0,0,0,0,0,0,0
3,6,3754,1,14,76,153,306,0,0,0,0,0,0,0,0
10,5,4072,1,2,5,11,22,0,0,0,0,0,0,0,0
0,0,0,0,0,0,0,0,0,0,0,0,0,0,0,0
0,0,0,0,0,0,0,0,0,0,0,0,0,0,0,0
9,5,4092,1,5,43,86,172,0,0,0,0,0,0,0,0
6,5,2239,0,7,60,120,241,0,0,0,0,0,0,0,0
4,5,1343,0,9,100,200,400,0,0,0,0,0,0,0,0
0,0,0,0,0,0,0,0,0,0,0,0,0,0,0,0
0,0,0,0,0,0,0,0,0,0,0,0,0,0,0,0
4,5,367,0,10,40,81,163,0,0,0,0,0,0,0,0
10,5,2732,0,1,107,215,431,0,0,0,0,0,0,0,0
0,0,0,0,0,0,0,0,0,0,0,0,0,0,0,0
9,6,3070,1,5,134,269,538,0,0,0,0,0,0,0,0
10,4,4044,0,0,157,314,629,0,0,0,0,0,0,0,0
8,4,299,0,3,5,10,20,0,0,0,0,0,0,0,0
9,5,937,1,3,121,242,485,0,0,0,0,0,0,0,0
0,0,0,0,0,0,0,0,0,0,0,0,0,0,0,0
10,6,4094,1,1,51,102,204,0,0,0,0,0,0,0,0
10,5,3327,1,0,88,176,353,0,0,0,0,0,0,0,0
0,0,0,0,0,0,0,0,0,0,0,0,0,0,0,0
0,0,0,0,0,0,0,0,0,0,0,0,0,0,0,0
0,0,0,0,0,0,0,0,0,0,0,0,0,0,0,0
4,6,1387,0,9,108,217,434,0,0,0,0,0,0,0,0
0,0,0,0,0,0,0,0,0,0,0,0,0,0,0,0
0,0,0,0,0,0,0,0,0,0,0,0,0,0,0,0
10,6,4095,1,0,120,240,481,0,0,0,0,0,0,0,0
3,4,4080,1,13,36,73,146,0,0,0,0,0,0,0,0
9,6,4005,1,3,91,182,364,0,0,0,0,0,0,0,0
3,5,3242,1,14,62,125,250,0,0,0,0,0,0,0,0
9,5,2443,1,4,154,308,616,0,0,0,0,0,0,0,0
0,0,0,0,0,0,0,0,0,0,0,0,0,0,0,0
10,5,683,0,1,48,97,194,0,0,0,0,0,0,0,0
10,5,3816,1,1,34,69,138,0,0,0,0,0,0,0,0
0,0,0,0,0,0,0,0,0,0,0,0,0,0,0,0
10,6,2986,1,0,107,214,429,0,0,0,0,0,0,0,0
10,6,3963,1,0,133,267,535,0,0,0,0,0,0,0,0
0,0,0,0,0,0,0,0,0,0,0,0,0,0,0,0
0,0,0,0,0,0,0,0,0,0,0,0,0,0,0,0
10,5,4092,0,0,145,290,581,0,0,0,0,0,0,0,0
0,0,0,0,0,0,0,0,0,0,0,0,0,0,0,0
0,0,0,0,0,0,0,0,0,0,0,0,0,0,0,0
8,5,4092,0,5,24,49,99,0,0,0,0,0,0,0,0
10,5,3903,0,0,117,234,469,0,0,0,0,0,0,0,0
0,0,0,0,0,0,0,0,0,0,0,0,0,0,0,0
7,4,3891,1,6,24,48,96,0,0,0,0,0,0,0,0
0,0,0,0,0,0,0,0,0,0,0,0,0,0,0,0
10,4,3240,1,2,80,160,321,0,0,0,0,0,0,0,0
0,0,0,0,0,0,0,0,0,0,0,0,0,0,0,0
10,5,939,0,0,105,211,423,0,0,0,0,0,0,0,0
6,4,3855,0,6,19,39,79,0,0,0,0,0,0,0,0
10,6,3695,0,0,10,21,43,0,0,0,0,0,0,0,0
10,5,4083,0,0,101,202,405,0,0,0,0,0,0,0,0
0,0,0,0,0,0,0,0,0,0,0,0,0,0,0,0
0,0,0,0,0,0,0,0,0,0,0,0,0,0,0,0
0,0,0,0,0,0,0,0,0,0,0,0,0,0,0,0
9,5,3881,1,3,149,298,597,0,0,0,0,0,0,0,0
10,4,956,0,0,68,136,272,0,0,0,0,0,0,0,0
10,5,3722,1,1,5,10,21,0,0,0,0,0,0,0,0
10,5,4047,0,0,80,160,321,0,0,0,0,0,0,0,0
0,0,0,0,0,0,0,0,0,0,0,0,0,0,0,0
0,0,0,0,0,0,0,0,0,0,0,0,0,0,0,0
0,0,0,0,0,0,0,0,0,0,0,0,0,0,0,0
10,5,4083,0,0,41,82,165,0,0,0,0,0,0,0,0
0,0,0,0,0,0,0,0,0,0,0,0,0,0,0,0
0,0,0,0,0,0,0,0,0,0,0,0,0,0,0,0
9,4,3728,1,4,31,62,125,0,0,0,0,0,0,0,0
0,0,0,0,0,0,0,0,0,0,0,0,0,0,0,0
0,0,0,0,0,0,0,0,0,0,0,0,0,0,0,0
0,0,0,0,0,0,0,0,0,0,0,0,0,0,0,0
0,0,0,0,0,0,0,0,0,0,0,0,0,0,0,0
10,5,2219,0,1,122,245,490,0,0,0,0,0,0,0,0
10,6,4095,1,0,29,58,117,0,0,0,0,0,0,0,0
0,0,0,0,0,0,0,0,0,0,0,0,0,0,0,0
10,4,3874,1,1,116,233,466,0,0,0,0,0,0,0,0
10,4,3314,1,1,85,170,340,0,0,0,0,0,0,0,0
4,4,303,0,10,141,283,567,0,0,0,0,0,0,0,0
4,6,3030,0,11,5,10,20,0,0,0,0,0,0,0,0
0,0,0,0,0,0,0,0,0,0,0,0,0,0,0,0
0,0,0,0,0,0,0,0,0,0,0,0,0,0,0,0
0,0,0,0,0,0,0,0,0,0,0,0,0,0,0,0
0,0,0,0,0,0,0,0,0,0,0,0,0,0,0,0
10,6,4090,1,1,126,253,507,0,0,0,0,0,0,0,0
0,0,0,0,0,0,0,0,0,0,0,0,0,0,0,0
0,0,0,0,0,0,0,0,0,0,0,0,0,0,0,0
9,5,2792,1,5,107,214,429,0,0,0,0,0,0,0,0
0,0,0,0,0,0,0,0,0,0,0,0,0,0,0,0
0,0,0,0,0,0,0,0,0,0,0,0,0,0,0,0
9,5,3043,1,5,118,237,474,0,0,0,0,0,0,0,0
8,6,4030,0,5,133,266,533,0,0,0,0,0,0,0,0
0,0,0,0,0,0,0,0,0,0,0,0,0,0,0,0
0,0,0,0,0,0,0,0,0,0,0,0,0,0,0,0
0,0,0,0,0,0,0,0,0,0,0,0,0,0,0,0
0,0,0,0,0,0,0,0,0,0,0,0,0,0,0,0
0,0,0,0,0,0,0,0,0,0,0,0,0,0,0,0
0,0,0,0,0,0,0,0,0,0,0,0,0,0,0,0
10,4,3011,0,1,54,108,217,0,0,0,0,0,0,0,0
0,0,0,0,0,0,0,0,0,0,0,0,0,0,0,0
8,4,831,0,5,2,5,11,0,0,0,0,0,0,0,0
0,0,0,0,0,0,0,0,0,0,0,0,0,0,0,0
0,0,0,0,0,0,0,0,0,0,0,0,0,0,0,0
0,0,0,0,0,0,0,0,0,0,0,0,0,0,0,0
10,4,3696,1,0,102,204,409,0,0,0,0,0,0,0,0
10,5,4028,1,0,16,32,64,0,0,0,0,0,0,0,0
3,5,4092,1,14,3,6,13,0,0,0,0,0,0,0,0
0,0,0,0,0,0,0,0,0,0,0,0,0,0,0,0
0,0,0,0,0,0,0,0,0,0,0,0,0,0,0,0
0,0,0,0,0,0,0,0,0,0,0,0,0,0,0,0
10,6,4095,1,0,35,70,141,4,6,1387,0,9,22,45,90
0,0,0,0,0,0,0,0,0,0,0,0,0,0,0,0
10,6,1707,0,2,112,225,450,0,0,0,0,0,0,0,0
7,5,1003,1,6,66,133,266,0,0,0,0,0,0,0,0
0,0,0,0,0,0,0,0,0,0,0,0,0,0,0,0
10,6,3839,0,0,29,58,117,0,0,0,0,0,0,0,0
6,4,655,0,8,95,190,381,0,0,0,0,0,0,0,0
10,4,714,1,0,117,235,470,0,0,0,0,0,0,0,0
0,0,0,0,0,0,0,0,0,0,0,0,0,0,0,0
0,0,0,0,0,0,0,0,0,0,0,0,0,0,0,0
0,0,0,0,0,0,0,0,0,0,0,0,0,0,0,0
0,0,0,0,0,0,0,0,0,0,0,0,0,0,0,0
6,5,1358,0,8,46,93,186,0,0,0,0,0,0,0,0
0,0,0,0,0,0,0,0,0,0,0,0,0,0,0,0
10,6,2731,0,1,127,255,510,0,0,0,0,0,0,0,0
0,0,0,0,0,0,0,0,0,0,0,0,0,0,0,0
0,0,0,0,0,0,0,0,0,0,0,0,0,0,0,0
0,0,0,0,0,0,0,0,0,0,0,0,0,0,0,0
10,5,4083,0,0,48,96,193,0,0,0,0,0,0,0,0
3,4,826,1,15,54,108,216,0,0,0,0,0,0,0,0
0,0,0,0,0,0,0,0,0,0,0,0,0,0,0,0
0,0,0,0,0,0,0,0,0,0,0,0,0,0,0,0
0,0,0,0,0,0,0,0,0,0,0,0,0,0,0,0
0,0,0,0,0,0,0,0,0,0,0,0,0,0,0,0
0,0,0,0,0,0,0,0,0,0,0,0,0,0,0,0
9,5,2763,1,5,44,88,177,0,0,0,0,0,0,0,0
0,0,0,0,0,0,0,0,0,0,0,0,0,0,0,0
0,0,0,0,0,0,0,0,0,0,0,0,0,0,0,0
0,0,0,0,0,0,0,0,0,0,0,0,0,0,0,0
10,6,2731,0,1,80,161,322,0,0,0,0,0,0,0,0
0,0,0,0,0,0,0,0,0,0,0,0,0,0,0,0
0,0,0,0,0,0,0,0,0,0,0,0,0,0,0,0
0,0,0,0,0,0,0,0,0,0,0,0,0,0,0,0
8,4,4044,0,5,19,39,79,0,0,0,0,0,0,0,0
10,5,3902,1,1,148,296,592,0,0,0,0,0,0,0,0
0,0,0,0,0,0,0,0,0,0,0,0,0,0,0,0
10,5,2767,0,1,46,92,184,0,0,0,0,0,0,0,0
0,0,0,0,0,0,0,0,0,0,0,0,0,0,0,0
0,0,0,0,0,0,0,0,0,0,0,0,0,0,0,0
9,5,4065,1,3,50,100,201,0,0,0,0,0,0,0,0
0,0,0,0,0,0,0,0,0,0,0,0,0,0,0,0
10,6,1461,0,0,60,121,243,0,0,0,0,0,0,0,0
10,6,4010,1,1,141,283,566,0,0,0,0,0,0,0,0
10,5,2739,0,1,135,270,540,0,0,0,0,0,0,0,0
10,5,3827,0,0,37,74,149,0,0,0,0,0,0,0,0
0,0,0,0,0,0,0,0,0,0,0,0,0,0,0,0
0,0,0,0,0,0,0,0,0,0,0,0,0,0,0,0
10,4,4064,1,2,22,45,90,0,0,0,0,0,0,0,0
0,0,0,0,0,0,0,0,0,0,0,0,0,0,0,0
0,0,0,0,0,0,0,0,0,0,0,0,0,0,0,0
0,0,0,0,0,0,0,0,0,0,0,0,0,0,0,0
3,5,3409,1,14,8,17,34,0,0,0,0,0,0,0,0
10,4,2095,0,1,151,303,607,0,0,0,0,0,0,0,0
6,4,3855,0,6,58,117,235,0,0,0,0,0,0,0,0
0,0,0,0,0,0,0,0,0,0,0,0,0,0,0,0
10,5,699,0,1,4,9,19,0,0,0,0,0,0,0,0
10,5,2812,0,2,65,130,261,0,0,0,0,0,0,0,0
10,6,1707,0,2,138,277,554,0,0,0,0,0,0,0,0
0,0,0,0,0,0,0,0,0,0,0,0,0,0,0,0
10,4,2851,0,0,98,197,395,0,0,0,0,0,0,0,0
0,0,0,0,0,0,0,0,0,0,0,0,0,0,0,0
0,0,0,0,0,0,0,0,0,0,0,0,0,0,0,0
0,0,0,0,0,0,0,0,0,0,0,0,0,0,0,0
0,0,0,0,0,0,0,0,0,0,0,0,0,0,0,0
0,0,0,0,0,0,0,0,0,0,0,0,0,0,0,0
10,5,4042,1,1,126,253,507,0,0,0,0,0,0,0,0
0,0,0,0,0,0,0,0,0,0,0,0,0,0,0,0
10,5,1699,0,2,132,265,530,0,0,0,0,0,0,0,0
9,5,2979,1,5,107,214,429,0,0,0,0,0,0,0,0
10,4,234,1,2,157,315,631,0,0,0,0,0,0,0,0
8,4,111,0,5,99,198,397,0,0,0,0,0,0,0,0
10,6,3051,0,0,138,277,555,0,0,0,0,0,0,0,0
0,0,0,0,0,0,0,0,0,0,0,0,0,0,0,0
10,5,2723,0,1,70,141,282,0,0,0,0,0,0,0,0
10,5,4083,0,0,88,176,353,0,0,0,0,0,0,0,0
0,0,0,0,0,0,0,0,0,0,0,0,0,0,0,0
0,0,0,0,0,0,0,0,0,0,0,0,0,0,0,0
0,0,0,0,0,0,0,0,0,0,0,0,0,0,0,0
0,0,0,0,0,0,0,0,0,0,0,0,0,0,0,0
0,0,0,0,0,0,0,0,0,0,0,0,0,0,0,0
0,0,0,0,0,0,0,0,0,0,0,0,0,0,0,0
0,0,0,0,0,0,0,0,0,0,0,0,0,0,0,0
10,5,441,1,0,147,294,588,0,0,0,0,0,0,0,0
0,0,0,0,0,0,0,0,0,0,0,0,0,0,0,0
0,0,0,0,0,0,0,0,0,0,0,0,0,0,0,0
10,4,3315,0,0,142,284,569,0,0,0,0,0,0,0,0
0,0,0,0,0,0,0,0,0,0,0,0,0,0,0,0
0,0,0,0,0,0,0,0,0,0,0,0,0,0,0,0
0,0,0,0,0,0,0,0,0,0,0,0,0,0,0,0
10,5,1002,1,2,139,279,559,0,0,0,0,0,0,0,0
9,4,230,1,3,41,83,166,0,0,0,0,0,0,0,0
10,6,3754,1,1,39,78,157,0,0,0,0,0,0,0,0
0,0,0,0,0,0,0,0,0,0,0,0,0,0,0,0
10,5,2303,0,1,112,224,449,0,0,0,0,0,0,0,0
0,0,0,0,0,0,0,0,0,0,0,0,0,0,0,0
0,0,0,0,0,0,0,0,0,0,0,0,0,0,0,0
0,0,0,0,0,0,0,0,0,0,0,0,0,0,0,0
10,6,4095,1,0,96,192,385,0,0,0,0,0,0,0,0
10,4,3298,1,1,88,177,355,0,0,0,0,0,0,0,0
3,4,916,1,15,73,147,294,0,0,0,0,0,0,0,0
6,4,2620,0,8,95,190,381,0,0,0,0,0,0,0,0
10,4,3855,1,0,117,234,469,0,0,0,0,0,0,0,0
0,0,0,0,0,0,0,0,0,0,0,0,0,0,0,0
3,5,3752,1,15,3,6,13,0,0,0,0,0,0,0,0
0,0,0,0,0,0,0,0,0,0,0,0,0,0,0,0
0,0,0,0,0,0,0,0,0,0,0,0,0,0,0,0
0,0,0,0,0,0,0,0,0,0,0,0,0,0,0,0
0,0,0,0,0,0,0,0,0,0,0,0,0,0,0,0
0,0,0,0,0,0,0,0,0,0,0,0,0,0,0,0
0,0,0,0,0,0,0,0,0,0,0,0,0,0,0,0
10,6,2731,0,1,15,31,62,0,0,0,0,0,0,0,0
0,0,0,0,0,0,0,0,0,0,0,0,0,0,0,0
7,5,3903,1,6,43,86,172,0,0,0,0,0,0,0,0
6,6,2751,0,8,60,120,241,0,0,0,0,0,0,0,0
4,5,1215,0,9,100,200,401,0,0,0,0,0,0,0,0
0,0,0,0,0,0,0,0,0,0,0,0,0,0,0,0
10,5,683,0,1,34,69,138,0,0,0,0,0,0,0,0
10,5,4047,0,0,124,248,497,0,0,0,0,0,0,0,0
10,5,3242,1,1,43,87,174,0,0,0,0,0,0,0,0
0,0,0,0,0,0,0,0,0,0,0,0,0,0,0,0
0,0,0,0,0,0,0,0,0,0,0,0,0,0,0,0
0,0,0,0,0,0,0,0,0,0,0,0,0,0,0,0
6,5,3903,0,6,57,115,231,0,0,0,0,0,0,0,0
0,0,0,0,0,0,0,0,0,0,0,0,0,0,0,0
3,6,3669,1,15,117,235,470,0,0,0,0,0,0,0,0
10,6,4095,1,0,95,190,381,0,0,0,0,0,0,0,0
10,6,4095,1,0,113,226,453,0,0,0,0,0,0,0,0
10,6,4095,1,0,147,294,589,0,0,0,0,0,0,0,0
10,5,1023,1,0,120,240,481,0,0,0,0,0,0,0,0
9,6,3051,1,5,58,117,234,0,0,0,0,0,0,0,0
9,4,4000,1,3,91,182,365,0,0,0,0,0,0,0,0
9,5,2699,1,4,154,308,616,0,0,0,0,0,0,0,0
9,4,2095,1,4,9,19,38,0,0,0,0,0,0,0,0
10,4,2211,0,1,48,97,194,0,0,0,0,0,0,0,0
7,6,3738,1,7,148,297,595,0,0,0,0,0,0,0,0
10,4,2827,0,0,18,37,75,0,0,0,0,0,0,0,0
10,6,3071,0,1,90,180,361,0,0,0,0,0,0,0,0
0,0,0,0,0,0,0,0,0,0,0,0,0,0,0,0
0,0,0,0,0,0,0,0,0,0,0,0,0,0,0,0
0,0,0,0,0,0,0,0,0,0,0,0,0,0,0,0
3,4,969,1,15,92,185,371,0,0,0,0,0,0,0,0
0,0,0,0,0,0,0,0,0,0,0,0,0,0,0,0
0,0,0,0,0,0,0,0,0,0,0,0,0,0,0,0
10,6,3758,1,0,151,303,606,0,0,0,0,0,0,0,0
10,5,4008,1,2,0,0,1,0,0,0,0,0,0,0,0
0,0,0,0,0,0,0,0,0,0,0,0,0,0,0,0
0,0,0,0,0,0,0,0,0,0,0,0,0,0,0,0
4,5,3974,0,11,82,164,329,0,0,0,0,0,0,0,0
0,0,0,0,0,0,0,0,0,0,0,0,0,0,0,0
0,0,0,0,0,0,0,0,0,0,0,0,0,0,0,0
10,5,4082,1,1,101,202,404,0,0,0,0,0,0,0,0
7,5,3882,1,8,77,154,309,0,0,0,0,0,0,0,0
0,0,0,0,0,0,0,0,0,0,0,0,0,0,0,0
10,4,940,1,0,108,217,435,0,0,0,0,0,0,0,0
0,0,0,0,0,0,0,0,0,0,0,0,0,0,0,0
8,4,3890,0,4,124,248,497,0,0,0,0,0,0,0,0
0,0,0,0,0,0,0,0,0,0,0,0,0,0,0,0
0,0,0,0,0,0,0,0,0,0,0,0,0,0,0,0
10,5,4042,1,1,67,135,271,0,0,0,0,0,0,0,0
0,0,0,0,0,0,0,0,0,0,0,0,0,0,0,0
10,6,3823,0,0,155,310,620,0,0,0,0,0,0,0,0
10,5,3816,1,1,4,9,18,0,0,0,0,0,0,0,0
0,0,0,0,0,0,0,0,0,0,0,0,0,0,0,0
0,0,0,0,0,0,0,0,0,0,0,0,0,0,0,0
0,0,0,0,0,0,0,0,0,0,0,0,0,0,0,0
0,0,0,0,0,0,0,0,0,0,0,0,0,0,0,0
10,6,2731,0,1,138,277,554,0,0,0,0,0,0,0,0
0,0,0,0,0,0,0,0,0,0,0,0,0,0,0,0
0,0,0,0,0,0,0,0,0,0,0,0,0,0,0,0
0,0,0,0,0,0,0,0,0,0,0,0,0,0,0,0
0,0,0,0,0,0,0,0,0,0,0,0,0,0,0,0
0,0,0,0,0,0,0,0,0,0,0,0,0,0,0,0
10,4,2876,0,1,133,266,533,0,0,0,0,0,0,0,0
9,5,3877,1,3,22,44,88,0,0,0,0,0,0,0,0
10,6,4074,1,2,32,65,131,0,0,0,0,0,0,0,0
0,0,0,0,0,0,0,0,0,0,0,0,0,0,0,0
0,0,0,0,0,0,0,0,0,0,0,0,0,0,0,0
5,5,2492,1,11,46,93,187,0,0,0,0,0,0,0,0
0,0,0,0,0,0,0,0,0,0,0,0,0,0,0,0
0,0,0,0,0,0,0,0,0,0,0,0,0,0,0,0
10,5,2723,0,1,56,113,226,0,0,0,0,0,0,0,0
0,0,0,0,0,0,0,0,0,0,0,0,0,0,0,0
10,4,3713,1,2,150,301,603,0,0,0,0,0,0,0,0
10,5,1023,1,0,93,186,373,10,4,3744,1,2,4,8,16
0,0,0,0,0,0,0,0,0,0,0,0,0,0,0,0
10,5,2623,0,1,3,6,12,0,0,0,0,0,0,0,0
10,5,4083,0,0,153,306,613,0,0,0,0,0,0,0,0
10,5,3327,1,0,52,104,209,0,0,0,0,0,0,0,0
8,6,4026,0,4,45,90,180,0,0,0,0,0,0,0,0
0,0,0,0,0,0,0,0,0,0,0,0,0,0,0,0
0,0,0,0,0,0,0,0,0,0,0,0,0,0,0,0
0,0,0,0,0,0,0,0,0,0,0,0,0,0,0,0
10,5,4047,0,0,85,170,341,0,0,0,0,0,0,0,0
10,6,4010,1,1,139,279,558,0,0,0,0,0,0,0,0
9,4,230,1,3,41,83,166,0,0,0,0,0,0,0,0
3,6,3775,1,12,9,18,36,0,0,0,0,0,0,0,0
10,5,3626,1,1,93,187,374,0,0,0,0,0,0,0,0
10,4,936,1,2,84,168,337,0,0,0,0,0,0,0,0
10,5,1699,0,2,48,97,194,0,0,0,0,0,0,0,0
10,4,4080,0,0,156,312,625,0,0,0,0,0,0,0,0
10,5,3306,1,1,7,15,30,0,0,0,0,0,0,0,0
0,0,0,0,0,0,0,0,0,0,0,0,0,0,0,0
0,0,0,0,0,0,0,0,0,0,0,0,0,0,0,0
0,0,0,0,0,0,0,0,0,0,0,0,0,0,0,0
0,0,0,0,0,0,0,0,0,0,0,0,0,0,0,0
10,6,4095,1,0,87,174,349,0,0,0,0,0,0,0,0
10,6,4095,1,0,15,30,61,0,0,0,0,0,0,0,0
8,6,1387,0,3,18,36,72,0,0,0,0,0,0,0,0
10,5,3322,1,1,36,73,147,0,0,0,0,0,0,0,0
10,4,3900,0,0,26,52,105,0,0,0,0,0,0,0,0
10,6,2735,0,1,51,103,207,0,0,0,0,0,0,0,0
10,6,3071,0,1,5,10,21,0,0,0,0,0,0,0,0
10,6,2731,0,1,155,311,622,0,0,0,0,0,0,0,0
10,5,3903,0,0,124,248,497,0,0,0,0,0,0,0,0
0,0,0,0,0,0,0,0,0,0,0,0,0,0,0,0
10,5,2812,0,2,74,148,297,0,0,0,0,0,0,0,0
0,0,0,0,0,0,0,0,0,0,0,0,0,0,0,0
0,0,0,0,0,0,0,0,0,0,0,0,0,0,0,0
0,0,0,0,0,0,0,0,0,0,0,0,0,0,0,0
8,6,1455,0,3,107,215,430,0,0,0,0,0,0,0,0
10,6,4031,0,0,114,228,457,0,0,0,0,0,0,0,0
0,0,0,0,0,0,0,0,0,0,0,0,0,0,0,0
10,6,4095,1,0,16,32,65,0,0,0,0,0,0,0,0
0,0,0,0,0,0,0,0,0,0,0,0,0,0,0,0
8,6,1455,0,3,138,277,554,0,0,0,0,0,0,0,0
10,5,4083,0,0,19,38,77,0,0,0,0,0,0,0,0
10,5,3064,0,0,104,208,416,0,0,0,0,0,0,0,0
0,0,0,0,0,0,0,0,0,0,0,0,0,0,0,0
6,4,2110,0,6,119,238,476,0,0,0,0,0,0,0,0
0,0,0,0,0,0,0,0,0,0,0,0,0,0,0,0
0,0,0,0,0,0,0,0,0,0,0,0,0,0,0,0
3,5,937,1,15,126,253,506,0,0,0,0,0,0,0,0
10,5,3626,1,1,57,115,230,0,0,0,0,0,0,0,0
3,4,969,1,15,92,185,371,0,0,0,0,0,0,0,0
9,5,3059,1,4,77,155,311,0,0,0,0,0,0,0,0
10,5,1023,1,0,151,302,605,0,0,0,0,0,0,0,0
10,5,4008,1,2,0,0,1,0,0,0,0,0,0,0,0
0,0,0,0,0,0,0,0,0,0,0,0,0,0,0,0
0,0,0,0,0,0,0,0,0,0,0,0,0,0,0,0
8,5,698,0,5,104,208,416,0,0,0,0,0,0,0,0
4,6,2981,0,11,81,163,327,0,0,0,0,0,0,0,0
10,5,2812,0,2,122,244,489,0,0,0,0,0,0,0,0
9,5,2803,1,4,68,137,275,0,0,0,0,0,0,0,0
0,0,0,0,0,0,0,0,0,0,0,0,0,0,0,0
10,6,1711,0,2,112,225,450,0,0,0,0,0,0,0,0
6,6,2751,0,8,24,48,97,0,0,0,0,0,0,0,0
0,0,0,0,0,0,0,0,0,0,0,0,0,0,0,0
10,6,2735,0,1,62,125,251,0,0,0,0,0,0,0,0
10,5,2703,0,1,29,59,119,0,0,0,0,0,0,0,0
9,5,3877,1,3,40,80,160,0,0,0,0,0,0,0,0
0,0,0,0,0,0,0,0,0,0,0,0,0,0,0,0
0,0,0,0,0,0,0,0,0,0,0,0,0,0,0,0
9,4,929,1,3,123,246,492,0,0,0,0,0,0,0,0
0,0,0,0,0,0,0,0,0,0,0,0,0,0,0,0
10,6,2794,1,0,83,167,334,0,0,0,0,0,0,0,0
0,0,0,0,0,0,0,0,0,0,0,0,0,0,0,0
0,0,0,0,0,0,0,0,0,0,0,0,0,0,0,0
10,4,126,0,2,88,176,353,0,0,0,0,0,0,0,0
0,0,0,0,0,0,0,0,0,0,0,0,0,0,0,0
10,6,1707,0,2,152,305,610,6,4,3315,0,6,42,85,171
10,6,4031,0,0,108,216,433,0,0,0,0,0,0,0,0
8,5,3756,0,5,95,190,380,0,0,0,0,0,0,0,0
0,0,0,0,0,0,0,0,0,0,0,0,0,0,0,0
10,4,2826,1,0,81,163,326,0,0,0,0,0,0,0,0
0,0,0,0,0,0,0,0,0,0,0,0,0,0,0,0
0,0,0,0,0,0,0,0,0,0,0,0,0,0,0,0
10,6,4095,1,0,77,154,309,0,0,0,0,0,0,0,0
0,0,0,0,0,0,0,0,0,0,0,0,0,0,0,0
0,0,0,0,0,0,0,0,0,0,0,0,0,0,0,0
10,6,3738,1,1,148,296,593,9,6,1899,1,4,155,310,620
0,0,0,0,0,0,0,0,0,0,0,0,0,0,0,0
0,0,0,0,0,0,0,0,0,0,0,0,0,0,0,0
0,0,0,0,0,0,0,0,0,0,0,0,0,0,0,0
9,4,837,1,3,133,267,535,0,0,0,0,0,0,0,0
0,0,0,0,0,0,0,0,0,0,0,0,0,0,0,0
10,6,2986,1,0,49,98,197,0,0,0,0,0,0,0,0
0,0,0,0,0,0,0,0,0,0,0,0,0,0,0,0
10,6,1451,0,2,94,188,377,0,0,0,0,0,0,0,0
10,4,721,1,2,104,208,416,0,0,0,0,0,0,0,0
10,6,3065,1,1,53,107,214,0,0,0,0,0,0,0,0
10,4,2764,0,2,43,86,173,0,0,0,0,0,0,0,0
6,5,2748,0,8,107,214,429,0,0,0,0,0,0,0,0
0,0,0,0,0,0,0,0,0,0,0,0,0,0,0,0
3,6,3775,1,12,9,18,36,0,0,0,0,0,0,0,0
0,0,0,0,0,0,0,0,0,0,0,0,0,0,0,0
10,6,2815,0,1,102,204,408,0,0,0,0,0,0,0,0
0,0,0,0,0,0,0,0,0,0,0,0,0,0,0,0
10,5,3746,1,1,93,186,373,0,0,0,0,0,0,0,0
9,6,1466,1,3,85,171,343,9,5,3028,1,3,92,185,371
9,5,4004,1,4,84,168,336,0,0,0,0,0,0,0,0
10,4,3900,0,0,157,314,629,0,0,0,0,0,0,0,0
10,4,655,0,2,48,97,195,0,0,0,0,0,0,0,0
10,4,2876,0,1,54,108,217,0,0,0,0,0,0,0,0
0,0,0,0,0,0,0,0,0,0,0,0,0,0,0,0
8,4,1011,0,5,2,5,11,0,0,0,0,0,0,0,0
0,0,0,0,0,0,0,0,0,0,0,0,0,0,0,0
10,4,719,0,1,116,232,464,0,0,0,0,0,0,0,0
10,4,3440,1,0,102,204,409,0,0,0,0,0,0,0,0
10,4,1011,0,0,79,158,317,0,0,0,0,0,0,0,0
9,6,4005,1,3,92,184,368,0,0,0,0,0,0,0,0
10,5,2281,1,1,92,184,369,0,0,0,0,0,0,0,0
8,6,1455,0,3,136,273,546,0,0,0,0,0,0,0,0
10,4,254,1,2,121,242,485,0,0,0,0,0,0,0,0
10,6,4095,1,0,136,272,545,0,0,0,0,0,0,0,0
8,4,1420,0,4,87,175,351,0,0,0,0,0,0,0,0
10,5,4088,1,1,50,100,200,0,0,0,0,0,0,0,0
0,0,0,0,0,0,0,0,0,0,0,0,0,0,0,0
3,6,3754,1,14,76,153,306,0,0,0,0,0,0,0,0
10,6,4079,1,0,30,60,120,0,0,0,0,0,0,0,0
0,0,0,0,0,0,0,0,0,0,0,0,0,0,0,0
8,5,1327,0,3,107,215,430,0,0,0,0,0,0,0,0
0,0,0,0,0,0,0,0,0,0,0,0,0,0,0,0
0,0,0,0,0,0,0,0,0,0,0,0,0,0,0,0
6,5,427,0,8,98,197,395,0,0,0,0,0,0,0,0
0,0,0,0,0,0,0,0,0,0,0,0,0,0,0,0
10,6,3758,1,0,81,163,326,0,0,0,0,0,0,0,0
0,0,0,0,0,0,0,0,0,0,0,0,0,0,0,0
10,6,4095,1,0,116,232,465,0,0,0,0,0,0,0,0
8,5,4028,0,5,110,221,442,0,0,0,0,0,0,0,0
3,5,1018,1,15,54,108,216,0,0,0,0,0,0,0,0
0,0,0,0,0,0,0,0,0,0,0,0,0,0,0,0
0,0,0,0,0,0,0,0,0,0,0,0,0,0,0,0
0,0,0,0,0,0,0,0,0,0,0,0,0,0,0,0
0,0,0,0,0,0,0,0,0,0,0,0,0,0,0,0
4,6,1387,0,9,108,217,434,0,0,0,0,0,0,0,0
0,0,0,0,0,0,0,0,0,0,0,0,0,0,0,0
0,0,0,0,0,0,0,0,0,0,0,0,0,0,0,0
0,0,0,0,0,0,0,0,0,0,0,0,0,0,0,0
9,5,3988,1,4,90,181,362,0,0,0,0,0,0,0,0
0,0,0,0,0,0,0,0,0,0,0,0,0,0,0,0
3,5,4046,1,14,62,124,248,0,0,0,0,0,0,0,0
0,0,0,0,0,0,0,0,0,0,0,0,0,0,0,0
8,5,4092,0,5,24,49,99,0,0,0,0,0,0,0,0
0,0,0,0,0,0,0,0,0,0,0,0,0,0,0,0
0,0,0,0,0,0,0,0,0,0,0,0,0,0,0,0
10,4,2291,0,1,88,176,353,0,0,0,0,0,0,0,0
7,6,2794,1,6,24,48,96,0,0,0,0,0,0,0,0
10,5,510,0,1,79,159,319,0,0,0,0,0,0,0,0
0,0,0,0,0,0,0,0,0,0,0,0,0,0,0,0
10,5,1003,1,0,106,212,424,0,0,0,0,0,0,0,0
0,0,0,0,0,0,0,0,0,0,0,0,0,0,0,0
0,0,0,0,0,0,0,0,0,0,0,0,0,0,0,0
3,5,2476,1,12,123,247,494,0,0,0,0,0,0,0,0
2,4,2032,0,15,53,106,212,0,0,0,0,0,0,0,0
10,5,3763,0,0,113,226,452,0,0,0,0,0,0,0,0
10,5,2347,0,1,23,46,93,0,0,0,0,0,0,0,0
10,6,1711,0,2,110,221,442,0,0,0,0,0,0,0,0
0,0,0,0,0,0,0,0,0,0,0,0,0,0,0,0
9,5,2623,1,4,22,45,91,0,0,0,0,0,0,0,0
7,6,4074,1,8,61,122,245,0,0,0,0,0,0,0,0
0,0,0,0,0,0,0,0,0,0,0,0,0,0,0,0
3,5,3665,1,15,8,17,35,0,0,0,0,0,0,0,0
10,6,1367,0,2,151,303,607,0,0,0,0,0,0,0,0
0,0,0,0,0,0,0,0,0,0,0,0,0,0,0,0
0,0,0,0,0,0,0,0,0,0,0,0,0,0,0,0
10,5,3023,0,1,110,220,441,0,0,0,0,0,0,0,0
0,0,0,0,0,0,0,0,0,0,0,0,0,0,0,0
0,0,0,0,0,0,0,0,0,0,0,0,0,0,0,0
0,0,0,0,0,0,0,0,0,0,0,0,0,0,0,0
0,0,0,0,0,0,0,0,0,0,0,0,0,0,0,0
0,0,0,0,0,0,0,0,0,0,0,0,0,0,0,0
0,0,0,0,0,0,0,0,0,0,0,0,0,0,0,0
0,0,0,0,0,0,0,0,0,0,0,0,0,0,0,0
10,4,4035,1,0,28,56,113,0,0,0,0,0,0,0,0
0,0,0,0,0,0,0,0,0,0,0,0,0,0,0,0
8,5,3722,0,4,19,39,79,0,0,0,0,0,0,0,0
0,0,0,0,0,0,0,0,0,0,0,0,0,0,0,0
10,5,4047,0,0,73,146,293,0,0,0,0,0,0,0,0
0,0,0,0,0,0,0,0,0,0,0,0,0,0,0,0
10,6,3071,0,1,86,172,345,0,0,0,0,0,0,0,0
10,4,3315,0,0,116,232,465,0,0,0,0,0,0,0,0
5,5,4065,1,9,59,119,239,0,0,0,0,0,0,0,0
10,5,3903,0,0,32,64,129,0,0,0,0,0,0,0,0
10,5,1002,1,2,118,237,475,0,0,0,0,0,0,0,0
0,0,0,0,0,0,0,0,0,0,0,0,0,0,0,0
10,5,441,1,0,147,294,588,0,0,0,0,0,0,0,0
0,0,0,0,0,0,0,0,0,0,0,0,0,0,0,0
0,0,0,0,0,0,0,0,0,0,0,0,0,0,0,0
0,0,0,0,0,0,0,0,0,0,0,0,0,0,0,0
10,6,4095,1,0,44,88,177,0,0,0,0,0,0,0,0
0,0,0,0,0,0,0,0,0,0,0,0,0,0,0,0
3,5,3745,1,15,94,188,377,0,0,0,0,0,0,0,0
10,6,4095,1,0,152,304,609,0,0,0,0,0,0,0,0
10,5,4047,0,0,2,4,9,0,0,0,0,0,0,0,0
10,6,2815,0,1,54,108,216,0,0,0,0,0,0,0,0
10,4,2111,0,1,145,290,580,0,0,0,0,0,0,0,0
0,0,0,0,0,0,0,0,0,0,0,0,0,0,0,0
0,0,0,0,0,0,0,0,0,0,0,0,0,0,0,0
9,4,3620,1,3,88,177,355,0,0,0,0,0,0,0,0
10,6,3738,1,1,146,292,585,0,0,0,0,0,0,0,0
3,5,3732,1,15,130,261,522,0,0,0,0,0,0,0,0
10,5,683,0,1,51,103,206,0,0,0,0,0,0,0,0
0,0,0,0,0,0,0,0,0,0,0,0,0,0,0,0
0,0,0,0,0,0,0,0,0,0,0,0,0,0,0,0
0,0,0,0,0,0,0,0,0,0,0,0,0,0,0,0
0,0,0,0,0,0,0,0,0,0,0,0,0,0,0,0
0,0,0,0,0,0,0,0,0,0,0,0,0,0,0,0
0,0,0,0,0,0,0,0,0,0,0,0,0,0,0,0
0,0,0,0,0,0,0,0,0,0,0,0,0,0,0,0
2,5,1003,0,13,103,207,415,0,0,0,0,0,0,0,0
9,5,3665,1,3,107,215,430,0,0,0,0,0,0,0,0
10,6,3818,1,1,144,289,578,0,0,0,0,0,0,0,0
6,5,2748,0,8,29,58,117,0,0,0,0,0,0,0,0
10,5,4092,0,0,133,266,533,0,0,0,0,0,0,0,0
10,6,4095,1,0,78,156,313,0,0,0,0,0,0,0,0
0,0,0,0,0,0,0,0,0,0,0,0,0,0,0,0
10,6,4074,1,2,107,215,431,0,0,0,0,0,0,0,0
0,0,0,0,0,0,0,0,0,0,0,0,0,0,0,0
0,0,0,0,0,0,0,0,0,0,0,0,0,0,0,0
8,5,1327,0,3,53,107,214,0,0,0,0,0,0,0,0
7,5,4066,1,8,98,196,393,0,0,0,0,0,0,0,0
0,0,0,0,0,0,0,0,0,0,0,0,0,0,0,0
10,4,4035,1,0,73,146,293,0,0,0,0,0,0,0,0
6,5,4083,0,6,19,39,79,0,0,0,0,0,0,0,0
0,0,0,0,0,0,0,0,0,0,0,0,0,0,0,0
10,4,3135,1,0,15,30,61,0,0,0,0,0,0,0,0
10,6,4074,1,2,30,61,123,0,0,0,0,0,0,0,0
10,5,2984,1,0,117,234,469,0,0,0,0,0,0,0,0
0,0,0,0,0,0,0,0,0,0,0,0,0,0,0,0
9,6,4095,1,5,147,294,588,0,0,0,0,0,0,0,0
0,0,0,0,0,0,0,0,0,0,0,0,0,0,0,0
8,5,4092,0,5,59,119,239,0,0,0,0,0,0,0,0
10,6,4095,1,0,70,140,281,0,0,0,0,0,0,0,0
4,5,367,0,10,40,81,163,0,0,0,0,0,0,0,0
10,4,3024,1,2,112,224,448,0,0,0,0,0,0,0,0
0,0,0,0,0,0,0,0,0,0,0,0,0,0,0,0
9,4,929,1,3,3,6,12,0,0,0,0,0,0,0,0
7,4,3855,1,6,147,294,588,0,0,0,0,0,0,0,0
10,4,3324,1,0,107,214,429,0,0,0,0,0,0,0,0
0,0,0,0,0,0,0,0,0,0,0,0,0,0,0,0
10,5,2703,0,1,152,305,611,0,0,0,0,0,0,0,0
8,4,1116,0,3,4,8,16,0,0,0,0,0,0,0,0
9,6,3070,1,5,134,269,538,0,0,0,0,0,0,0,0
0,0,0,0,0,0,0,0,0,0,0,0,0,0,0,0
0,0,0,0,0,0,0,0,0,0,0,0,0,0,0,0
9,5,937,1,3,121,242,485,0,0,0,0,0,0,0,0
4,5,3668,0,10,5,10,21,0,0,0,0,0,0,0,0
9,5,3732,1,4,88,177,354,0,0,0,0,0,0,0,0
0,0,0,0,0,0,0,0,0,0,0,0,0,0,0,0
10,6,3738,1,1,146,292,585,0,0,0,0,0,0,0,0
10,5,3982,1,1,79,159,319,0,0,0,0,0,0,0,0
3,5,3732,1,15,130,261,522,0,0,0,0,0,0,0,0
10,6,4095,1,0,6,12,25,0,0,0,0,0,0,0,0
10,6,2731,0,1,51,103,206,0,0,0,0,0,0,0,0
8,6,1455,0,3,57,115,230,0,0,0,0,0,0,0,0
0,0,0,0,0,0,0,0,0,0,0,0,0,0,0,0
8,5,3902,0,4,65,130,261,0,0,0,0,0,0,0,0
0,0,0,0,0,0,0,0,0,0,0,0,0,0,0,0
10,5,3064,0,0,76,152,304,0,0,0,0,0,0,0,0
0,0,0,0,0,0,0,0,0,0,0,0,0,0,0,0
10,4,744,1,0,137,275,550,0,0,0,0,0,0,0,0
0,0,0,0,0,0,0,0,0,0,0,0,0,0,0,0
10,4,2190,0,0,133,267,534,0,0,0,0,0,0,0,0
0,0,0,0,0,0,0,0,0,0,0,0,0,0,0,0
10,4,931,0,0,18,37,75,0,0,0,0,0,0,0,0
0,0,0,0,0,0,0,0,0,0,0,0,0,0,0,0
10,6,4095,1,0,34,68,137,0,0,0,0,0,0,0,0
0,0,0,0,0,0,0,0,0,0,0,0,0,0,0,0
8,5,1443,0,3,53,107,214,0,0,0,0,0,0,0,0
10,6,1373,0,1,149,299,598,3,5,407,1,12,154,308,616
9,5,1007,1,5,128,257,515,0,0,0,0,0,0,0,0
0,0,0,0,0,0,0,0,0,0,0,0,0,0,0,0
10,6,3754,1,1,145,290,581,0,0,0,0,0,0,0,0
6,6,4031,0,6,104,209,418,0,0,0,0,0,0,0,0
0,0,0,0,0,0,0,0,0,0,0,0,0,0,0,0
0,0,0,0,0,0,0,0,0,0,0,0,0,0,0,0
0,0,0,0,0,0,0,0,0,0,0,0,0,0,0,0
0,0,0,0,0,0,0,0,0,0,0,0,0,0,0,0
10,5,687,0,2,149,299,599,0,0,0,0,0,0,0,0
10,5,4008,1,2,117,234,469,0,0,0,0,0,0,0,0
10,4,2091,0,1,36,73,146,0,0,0,0,0,0,0,0
7,6,2986,1,6,147,294,588,0,0,0,0,0,0,0,0
10,4,2616,0,0,84,169,338,0,0,0,0,0,0,0,0
4,5,367,0,10,40,81,163,0,0,0,0,0,0,0,0
10,4,3240,1,2,134,268,537,0,0,0,0,0,0,0,0
10,5,4092,0,0,141,282,565,0,0,0,0,0,0,0,0
0,0,0,0,0,0,0,0,0,0,0,0,0,0,0,0
0,0,0,0,0,0,0,0,0,0,0,0,0,0,0,0
0,0,0,0,0,0,0,0,0,0,0,0,0,0,0,0
0,0,0,0,0,0,0,0,0,0,0,0,0,0,0,0
0,0,0,0,0,0,0,0,0,0,0,0,0,0,0,0
0,0,0,0,0,0,0,0,0,0,0,0,0,0,0,0
0,0,0,0,0,0,0,0,0,0,0,0,0,0,0,0
0,0,0,0,0,0,0,0,0,0,0,0,0,0,0,0
0,0,0,0,0,0,0,0,0,0,0,0,0,0,0,0
10,5,3745,1,2,155,310,620,0,0,0,0,0,0,0,0
0,0,0,0,0,0,0,0,0,0,0,0,0,0,0,0
0,0,0,0,0,0,0,0,0,0,0,0,0,0,0,0
10,4,2575,0,1,9,18,36,0,0,0,0,0,0,0,0
10,5,3898,1,1,20,41,83,0,0,0,0,0,0,0,0
8,4,2800,0,3,110,221,442,0,0,0,0,0,0,0,0
9,5,4001,1,3,5,10,20,0,0,0,0,0,0,0,0
0,0,0,0,0,0,0,0,0,0,0,0,0,0,0,0
0,0,0,0,0,0,0,0,0,0,0,0,0,0,0,0
9,6,4095,1,5,43,86,172,0,0,0,0,0,0,0,0
6,5,703,0,8,60,120,241,0,0,0,0,0,0,0,0
4,5,3302,0,10,100,201,402,0,0,0,0,0,0,0,0
0,0,0,0,0,0,0,0,0,0,0,0,0,0,0,0
7,6,2773,1,8,132,264,529,0,0,0,0,0,0,0,0
0,0,0,0,0,0,0,0,0,0,0,0,0,0,0,0
10,4,1020,1,0,107,214,429,0,0,0,0,0,0,0,0
0,0,0,0,0,0,0,0,0,0,0,0,0,0,0,0
0,0,0,0,0,0,0,0,0,0,0,0,0,0,0,0
0,0,0,0,0,0,0,0,0,0,0,0,0,0,0,0
3,4,916,1,15,36,73,146,0,0,0,0,0,0,0,0
0,0,0,0,0,0,0,0,0,0,0,0,0,0,0,0
0,0,0,0,0,0,0,0,0,0,0,0,0,0,0,0
9,5,3732,1,4,84,169,338,0,0,0,0,0,0,0,0
10,5,2879,0,1,34,68,137,0,0,0,0,0,0,0,0
8,4,107,0,4,28,56,112,0,0,0,0,0,0,0,0
7,5,3306,1,8,133,266,533,0,0,0,0,0,0,0,0
9,6,3071,1,4,118,237,475,0,0,0,0,0,0,0,0
8,6,4026,0,4,133,266,532,0,0,0,0,0,0,0,0
0,0,0,0,0,0,0,0,0,0,0,0,0,0,0,0
10,4,255,0,0,51,102,205,0,0,0,0,0,0,0,0
0,0,0,0,0,0,0,0,0,0,0,0,0,0,0,0
8,4,690,0,5,138,276,552,0,0,0,0,0,0,0,0
10,5,2303,0,1,62,124,249,0,0,0,0,0,0,0,0
0,0,0,0,0,0,0,0,0,0,0,0,0,0,0,0
0,0,0,0,0,0,0,0,0,0,0,0,0,0,0,0
0,0,0,0,0,0,0,0,0,0,0,0,0,0,0,0
0,0,0,0,0,0,0,0,0,0,0,0,0,0,0,0
10,6,2751,0,2,18,36,72,0,0,0,0,0,0,0,0
0,0,0,0,0,0,0,0,0,0,0,0,0,0,0,0
9,5,3881,1,3,154,308,617,0,0,0,0,0,0,0,0
0,0,0,0,0,0,0,0,0,0,0,0,0,0,0,0
0,0,0,0,0,0,0,0,0,0,0,0,0,0,0,0
10,5,3809,1,2,34,68,137,0,0,0,0,0,0,0,0
0,0,0,0,0,0,0,0,0,0,0,0,0,0,0,0
0,0,0,0,0,0,0,0,0,0,0,0,0,0,0,0
0,0,0,0,0,0,0,0,0,0,0,0,0,0,0,0
0,0,0,0,0,0,0,0,0,0,0,0,0,0,0,0
10,5,3023,0,1,117,234,469,0,0,0,0,0,0,0,0
7,5,4066,1,8,43,86,173,0,0,0,0,0,0,0,0
0,0,0,0,0,0,0,0,0,0,0,0,0,0,0,0
9,5,1764,1,5,67,135,271,0,0,0,0,0,0,0,0
0,0,0,0,0,0,0,0,0,0,0,0,0,0,0,0
0,0,0,0,0,0,0,0,0,0,0,0,0,0,0,0
0,0,0,0,0,0,0,0,0,0,0,0,0,0,0,0
4,6,1387,0,9,50,101,202,0,0,0,0,0,0,0,0
0,0,0,0,0,0,0,0,0,0,0,0,0,0,0,0
10,6,4095,1,0,25,50,101,0,0,0,0,0,0,0,0
10,6,4095,1,0,77,154,309,0,0,0,0,0,0,0,0
4,4,1392,0,10,47,94,188,0,0,0,0,0,0,0,0
10,5,4092,0,0,97,194,389,0,0,0,0,0,0,0,0
0,0,0,0,0,0,0,0,0,0,0,0,0,0,0,0
6,4,2700,0,8,151,302,605,0,0,0,0,0,0,0,0
10,5,767,0,1,115,230,460,0,0,0,0,0,0,0,0
9,6,4073,1,3,149,299,598,0,0,0,0,0,0,0,0
0,0,0,0,0,0,0,0,0,0,0,0,0,0,0,0
0,0,0,0,0,0,0,0,0,0,0,0,0,0,0,0
0,0,0,0,0,0,0,0,0,0,0,0,0,0,0,0
3,4,376,1,12,20,40,81,0,0,0,0,0,0,0,0
0,0,0,0,0,0,0,0,0,0,0,0,0,0,0,0
10,5,2623,0,1,13,26,52,0,0,0,0,0,0,0,0
0,0,0,0,0,0,0,0,0,0,0,0,0,0,0,0
8,5,1443,0,3,106,213,426,0,0,0,0,0,0,0,0
5,6,3733,1,9,17,34,69,0,0,0,0,0,0,0,0
10,4,764,0,2,4,8,17,0,0,0,0,0,0,0,0
0,0,0,0,0,0,0,0,0,0,0,0,0,0,0,0
0,0,0,0,0,0,0,0,0,0,0,0,0,0,0,0
8,5,1452,0,4,119,239,478,0,0,0,0,0,0,0,0
10,6,3839,0,0,86,172,345,0,0,0,0,0,0,0,0
0,0,0,0,0,0,0,0,0,0,0,0,0,0,0,0
0,0,0,0,0,0,0,0,0,0,0,0,0,0,0,0
0,0,0,0,0,0,0,0,0,0,0,0,0,0,0,0
10,4,810,1,2,2,5,10,0,0,0,0,0,0,0,0
10,6,4091,1,0,153,306,612,0,0,0,0,0,0,0,0
0,0,0,0,0,0,0,0,0,0,0,0,0,0,0,0
0,0,0,0,0,0,0,0,0,0,0,0,0,0,0,0
4,5,1343,0,9,115,230,460,0,0,0,0,0,0,0,0
10,4,760,1,0,45,91,183,0,0,0,0,0,0,0,0
10,6,4091,1,0,2,4,8,0,0,0,0,0,0,0,0
0,0,0,0,0,0,0,0,0,0,0,0,0,0,0,0
0,0,0,0,0,0,0,0,0,0,0,0,0,0,0,0
0,0,0,0,0,0,0,0,0,0,0,0,0,0,0,0
2,4,2952,0,13,89,179,358,0,0,0,0,0,0,0,0
10,5,698,1,0,60,121,242,0,0,0,0,0,0,0,0
0,0,0,0,0,0,0,0,0,0,0,0,0,0,0,0
10,5,767,0,1,37,74,148,0,0,0,0,0,0,0,0
10,5,986,1,2,150,301,602,0,0,0,0,0,0,0,0
10,6,4095,1,0,93,186,373,0,0,0,0,0,0,0,0
8,4,3850,0,4,44,88,176,0,0,0,0,0,0,0,0
0,0,0,0,0,0,0,0,0,0,0,0,0,0,0,0
8,5,3902,0,4,45,90,181,0,0,0,0,0,0,0,0
10,5,4092,0,0,50,100,201,0,0,0,0,0,0,0,0
0,0,0,0,0,0,0,0,0,0,0,0,0,0,0,0
0,0,0,0,0,0,0,0,0,0,0,0,0,0,0,0
0,0,0,0,0,0,0,0,0,0,0,0,0,0,0,0
0,0,0,0,0,0,0,0,0,0,0,0,0,0,0,0
10,4,1020,1,0,10,20,41,0,0,0,0,0,0,0,0
7,6,4075,1,6,20,41,82,0,0,0,0,0,0,0,0
10,6,4095,1,0,36,72,145,7,4,3680,1,8,15,30,61
0,0,0,0,0,0,0,0,0,0,0,0,0,0,0,0
0,0,0,0,0,0,0,0,0,0,0,0,0,0,0,0
0,0,0,0,0,0,0,0,0,0,0,0,0,0,0,0
0,0,0,0,0,0,0,0,0,0,0,0,0,0,0,0
0,0,0,0,0,0,0,0,0,0,0,0,0,0,0,0
10,5,3746,1,1,61,122,245,0,0,0,0,0,0,0,0
0,0,0,0,0,0,0,0,0,0,0,0,0,0,0,0
10,4,696,0,0,70,141,282,0,0,0,0,0,0,0,0
0,0,0,0,0,0,0,0,0,0,0,0,0,0,0,0
0,0,0,0,0,0,0,0,0,0,0,0,0,0,0,0
0,0,0,0,0,0,0,0,0,0,0,0,0,0,0,0
8,5,363,0,4,18,36,72,0,0,0,0,0,0,0,0
9,5,3729,1,3,36,73,147,0,0,0,0,0,0,0,0
10,5,3018,1,0,25,51,102,0,0,0,0,0,0,0,0
8,4,175,0,3,51,103,206,0,0,0,0,0,0,0,0
10,6,4079,1,0,121,242,484,0,0,0,0,0,0,0,0
6,4,654,0,6,59,118,236,0,0,0,0,0,0,0,0
0,0,0,0,0,0,0,0,0,0,0,0,0,0,0,0
10,4,2700,0,2,85,171,343,0,0,0,0,0,0,0,0
0,0,0,0,0,0,0,0,0,0,0,0,0,0,0,0
10,6,3749,1,2,56,113,227,0,0,0,0,0,0,0,0
8,6,4026,0,4,92,184,368,0,0,0,0,0,0,0,0
0,0,0,0,0,0,0,0,0,0,0,0,0,0,0,0
0,0,0,0,0,0,0,0,0,0,0,0,0,0,0,0
0,0,0,0,0,0,0,0,0,0,0,0,0,0,0,0
0,0,0,0,0,0,0,0,0,0,0,0,0,0,0,0
10,4,930,1,1,142,285,570,0,0,0,0,0,0,0,0
0,0,0,0,0,0,0,0,0,0,0,0,0,0,0,0
3,5,507,1,12,96,193,387,0,0,0,0,0,0,0,0
10,5,4008,1,2,64,128,257,0,0,0,0,0,0,0,0
0,0,0,0,0,0,0,0,0,0,0,0,0,0,0,0
8,4,3854,0,4,21,42,85,0,0,0,0,0,0,0,0
0,0,0,0,0,0,0,0,0,0,0,0,0,0,0,0
3,4,1020,1,15,113,226,453,0,0,0,0,0,0,0,0
0,0,0,0,0,0,0,0,0,0,0,0,0,0,0,0
10,6,2731,0,1,149,299,598,0,0,0,0,0,0,0,0
3,5,3668,1,15,126,252,505,0,0,0,0,0,0,0,0
10,6,2794,1,0,57,115,230,0,0,0,0,0,0,0,0
10,5,2222,0,0,19,39,78,0,0,0,0,0,0,0,0
10,6,1711,0,2,42,85,170,0,0,0,0,0,0,0,0
0,0,0,0,0,0,0,0,0,0,0,0,0,0,0,0
0,0,0,0,0,0,0,0,0,0,0,0,0,0,0,0
10,4,3778,1,1,41,83,166,0,0,0,0,0,0,0,0
0,0,0,0,0,0,0,0,0,0,0,0,0,0,0,0
0,0,0,0,0,0,0,0,0,0,0,0,0,0,0,0
5,5,3732,1,9,25,50,101,0,0,0,0,0,0,0,0
8,5,3982,0,5,155,310,621,0,0,0,0,0,0,0,0
8,4,1676,0,3,10,21,43,0,0,0,0,0,0,0,0
0,0,0,0,0,0,0,0,0,0,0,0,0,0,0,0
10,5,1023,1,0,24,48,97,0,0,0,0,0,0,0,0
10,5,4047,0,0,39,78,157,0,0,0,0,0,0,0,0
0,0,0,0,0,0,0,0,0,0,0,0,0,0,0,0
9,4,4000,1,3,66,132,265,0,0,0,0,0,0,0,0
0,0,0,0,0,0,0,0,0,0,0,0,0,0,0,0
10,4,126,0,2,88,176,353,0,0,0,0,0,0,0,0
0,0,0,0,0,0,0,0,0,0,0,0,0,0,0,0
0,0,0,0,0,0,0,0,0,0,0,0,0,0,0,0
0,0,0,0,0,0,0,0,0,0,0,0,0,0,0,0
10,5,2703,0,1,21,43,87,0,0,0,0,0,0,0,0
2,4,1776,0,15,105,210,420,0,0,0,0,0,0,0,0
8,4,3597,0,4,116,233,467,0,0,0,0,0,0,0,0
9,5,3305,1,3,2,4,9,0,0,0,0,0,0,0,0
6,6,1390,0,8,150,301,602,0,0,0,0,0,0,0,0
0,0,0,0,0,0,0,0,0,0,0,0,0,0,0,0
0,0,0,0,0,0,0,0,0,0,0,0,0,0,0,0
0,0,0,0,0,0,0,0,0,0,0,0,0,0,0,0
0,0,0,0,0,0,0,0,0,0,0,0,0,0,0,0
0,0,0,0,0,0,0,0,0,0,0,0,0,0,0,0
10,4,1011,0,0,146,292,585,0,0,0,0,0,0,0,0
10,5,2994,1,0,72,145,291,0,0,0,0,0,0,0,0
10,5,686,0,0,70,141,282,0,0,0,0,0,0,0,0
10,6,4095,1,0,22,44,89,0,0,0,0,0,0,0,0
8,5,3722,0,4,129,259,519,0,0,0,0,0,0,0,0
0,0,0,0,0,0,0,0,0,0,0,0,0,0,0,0
0,0,0,0,0,0,0,0,0,0,0,0,0,0,0,0
0,0,0,0,0,0,0,0,0,0,0,0,0,0,0,0
0,0,0,0,0,0,0,0,0,0,0,0,0,0,0,0
10,5,2281,1,1,92,184,369,0,0,0,0,0,0,0,0
0,0,0,0,0,0,0,0,0,0,0,0,0,0,0,0
0,0,0,0,0,0,0,0,0,0,0,0,0,0,0,0
5,4,348,1,11,126,252,504,0,0,0,0,0,0,0,0
7,5,2282,1,6,75,150,300,0,0,0,0,0,0,0,0
0,0,0,0,0,0,0,0,0,0,0,0,0,0,0,0
8,5,4018,0,4,44,88,177,0,0,0,0,0,0,0,0
0,0,0,0,0,0,0,0,0,0,0,0,0,0,0,0
0,0,0,0,0,0,0,0,0,0,0,0,0,0,0,0
10,4,2764,0,2,39,78,157,0,0,0,0,0,0,0,0
10,6,3071,0,1,30,60,121,0,0,0,0,0,0,0,0
9,4,3849,1,3,142,284,569,0,0,0,0,0,0,0,0
7,6,2794,1,6,134,268,536,0,0,0,0,0,0,0,0
0,0,0,0,0,0,0,0,0,0,0,0,0,0,0,0
9,4,901,1,4,58,116,232,0,0,0,0,0,0,0,0
10,5,1023,1,0,49,98,197,0,0,0,0,0,0,0,0
3,4,249,1,15,138,276,552,0,0,0,0,0,0,0,0
0,0,0,0,0,0,0,0,0,0,0,0,0,0,0,0
10,6,1451,0,2,153,306,613,0,0,0,0,0,0,0,0
9,5,2607,1,4,138,277,554,0,0,0,0,0,0,0,0
0,0,0,0,0,0,0,0,0,0,0,0,0,0,0,0
3,4,3236,1,15,80,161,323,0,0,0,0,0,0,0,0
8,4,1712,0,4,150,300,601,0,0,0,0,0,0,0,0
9,5,1001,1,4,149,299,598,0,0,0,0,0,0,0,0
0,0,0,0,0,0,0,0,0,0,0,0,0,0,0,0
0,0,0,0,0,0,0,0,0,0,0,0,0,0,0,0
10,5,4083,0,0,51,102,205,0,0,0,0,0,0,0,0
0,0,0,0,0,0,0,0,0,0,0,0,0,0,0,0
0,0,0,0,0,0,0,0,0,0,0,0,0,0,0,0
0,0,0,0,0,0,0,0,0,0,0,0,0,0,0,0
10,5,767,0,1,61,122,244,0,0,0,0,0,0,0,0
5,6,1470,1,10,61,123,246,0,0,0,0,0,0,0,0
0,0,0,0,0,0,0,0,0,0,0,0,0,0,0,0
10,5,4092,0,0,119,238,477,0,0,0,0,0,0,0,0
0,0,0,0,0,0,0,0,0,0,0,0,0,0,0,0
10,6,2799,0,1,34,68,136,0,0,0,0,0,0,0,0
10,4,2106,1,0,84,169,338,0,0,0,0,0,0,0,0
0,0,0,0,0,0,0,0,0,0,0,0,0,0,0,0
0,0,0,0,0,0,0,0,0,0,0,0,0,0,0,0
0,0,0,0,0,0,0,0,0,0,0,0,0,0,0,0
0,0,0,0,0,0,0,0,0,0,0,0,0,0,0,0
0,0,0,0,0,0,0,0,0,0,0,0,0,0,0,0
0,0,0,0,0,0,0,0,0,0,0,0,0,0,0,0
10,5,2412,0,2,7,14,29,0,0,0,0,0,0,0,0
0,0,0,0,0,0,0,0,0,0,0,0,0,0,0,0
0,0,0,0,0,0,0,0,0,0,0,0,0,0,0,0
0,0,0,0,0,0,0,0,0,0,0,0,0,0,0,0
10,5,4092,0,0,77,154,309,0,0,0,0,0,0,0,0
0,0,0,0,0,0,0,0,0,0,0,0,0,0,0,0
3,5,3903,1,13,46,92,185,0,0,0,0,0,0,0,0
2,4,1580,0,15,117,235,471,0,0,0,0,0,0,0,0
10,5,938,1,1,74,149,298,0,0,0,0,0,0,0,0
0,0,0,0,0,0,0,0,0,0,0,0,0,0,0,0
0,0,0,0,0,0,0,0,0,0,0,0,0,0,0,0
3,6,2734,1,13,23,47,94,0,0,0,0,0,0,0,0
10,5,4067,1,0,9,18,36,0,0,0,0,0,0,0,0
10,5,2955,0,0,23,47,95,0,0,0,0,0,0,0,0
0,0,0,0,0,0,0,0,0,0,0,0,0,0,0,0
0,0,0,0,0,0,0,0,0,0,0,0,0,0,0,0
8,5,1788,0,4,24,48,97,0,0,0,0,0,0,0,0
10,5,3631,0,0,36,72,144,0,0,0,0,0,0,0,0
0,0,0,0,0,0,0,0,0,0,0,0,0,0,0,0
0,0,0,0,0,0,0,0,0,0,0,0,0,0,0,0
10,6,3754,1,1,45,90,181,0,0,0,0,0,0,0,0
7,5,3903,1,6,24,48,96,0,0,0,0,0,0,0,0
10,5,510,0,1,79,159,319,0,0,0,0,0,0,0,0
10,6,3754,1,1,66,132,265,0,0,0,0,0,0,0,0
10,5,1003,1,0,106,212,424,0,0,0,0,0,0,0,0
0,0,0,0,0,0,0,0,0,0,0,0,0,0,0,0
0,0,0,0,0,0,0,0,0,0,0,0,0,0,0,0
10,6,4095,1,0,18,36,73,0,0,0,0,0,0,0,0
10,6,1451,0,2,39,78,157,0,0,0,0,0,0,0,0
0,0,0,0,0,0,0,0,0,0,0,0,0,0,0,0
10,5,4092,0,0,44,88,177,0,0,0,0,0,0,0,0
0,0,0,0,0,0,0,0,0,0,0,0,0,0,0,0
2,4,2852,0,12,92,184,368,0,0,0,0,0,0,0,0
8,5,431,0,4,19,39,78,0,0,0,0,0,0,0,0
0,0,0,0,0,0,0,0,0,0,0,0,0,0,0,0
0,0,0,0,0,0,0,0,0,0,0,0,0,0,0,0
6,4,2736,0,8,151,302,605,0,0,0,0,0,0,0,0
3,6,2734,1,13,23,47,94,0,0,0,0,0,0,0,0
10,4,3324,1,0,80,160,321,0,0,0,0,0,0,0,0
0,0,0,0,0,0,0,0,0,0,0,0,0,0,0,0
0,0,0,0,0,0,0,0,0,0,0,0,0,0,0,0
0,0,0,0,0,0,0,0,0,0,0,0,0,0,0,0
9,5,3237,1,3,79,158,316,0,0,0,0,0,0,0,0
10,6,2751,0,2,6,12,24,0,0,0,0,0,0,0,0
2,6,2647,0,14,92,185,371,0,0,0,0,0,0,0,0
0,0,0,0,0,0,0,0,0,0,0,0,0,0,0,0
0,0,0,0,0,0,0,0,0,0,0,0,0,0,0,0
0,0,0,0,0,0,0,0,0,0,0,0,0,0,0,0
10,6,4011,1,0,44,89,179,0,0,0,0,0,0,0,0
0,0,0,0,0,0,0,0,0,0,0,0,0,0,0,0
8,5,1452,0,4,53,107,214,0,0,0,0,0,0,0,0
10,6,1497,0,0,149,299,599,0,0,0,0,0,0,0,0
0,0,0,0,0,0,0,0,0,0,0,0,0,0,0,0
9,4,3716,1,3,128,257,515,0,0,0,0,0,0,0,0
10,6,2735,0,1,8,17,35,0,0,0,0,0,0,0,0
0,0,0,0,0,0,0,0,0,0,0,0,0,0,0,0
10,6,2986,1,0,96,192,385,0,0,0,0,0,0,0,0
0,0,0,0,0,0,0,0,0,0,0,0,0,0,0,0
0,0,0,0,0,0,0,0,0,0,0,0,0,0,0,0
0,0,0,0,0,0,0,0,0,0,0,0,0,0,0,0
0,0,0,0,0,0,0,0,0,0,0,0,0,0,0,0
10,5,4092,0,0,56,112,225,0,0,0,0,0,0,0,0
9,5,3877,1,3,76,152,304,0,0,0,0,0,0,0,0
10,4,255,0,0,32,64,129,0,0,0,0,0,0,0,0
10,4,3880,1,2,4,9,18,0,0,0,0,0,0,0,0
0,0,0,0,0,0,0,0,0,0,0,0,0,0,0,0
10,6,2751,0,2,122,244,488,0,0,0,0,0,0,0,0
10,4,714,1,0,11,23,46,0,0,0,0,0,0,0,0
9,5,3732,1,4,68,137,274,0,0,0,0,0,0,0,0
0,0,0,0,0,0,0,0,0,0,0,0,0,0,0,0
10,6,3775,0,0,113,226,452,0,0,0,0,0,0,0,0
10,5,3903,0,0,61,122,245,0,0,0,0,0,0,0,0
0,0,0,0,0,0,0,0,0,0,0,0,0,0,0,0
10,6,2735,0,1,110,221,443,0,0,0,0,0,0,0,0
0,0,0,0,0,0,0,0,0,0,0,0,0,0,0,0
0,0,0,0,0,0,0,0,0,0,0,0,0,0,0,0
0,0,0,0,0,0,0,0,0,0,0,0,0,0,0,0
0,0,0,0,0,0,0,0,0,0,0,0,0,0,0,0
0,0,0,0,0,0,0,0,0,0,0,0,0,0,0,0
0,0,0,0,0,0,0,0,0,0,0,0,0,0,0,0
0,0,0,0,0,0,0,0,0,0,0,0,0,0,0,0
10,4,2255,0,1,110,220,440,0,0,0,0,0,0,0,0
10,5,3327,1,0,69,138,277,0,0,0,0,0,0,0,0
0,0,0,0,0,0,0,0,0,0,0,0,0,0,0,0
0,0,0,0,0,0,0,0,0,0,0,0,0,0,0,0
10,6,4095,1,0,105,210,421,0,0,0,0,0,0,0,0
2,5,1579,0,15,52,104,209,0,0,0,0,0,0,0,0
0,0,0,0,0,0,0,0,0,0,0,0,0,0,0,0
9,4,2095,1,4,130,261,522,0,0,0,0,0,0,0,0
10,4,1667,0,2,19,39,78,0,0,0,0,0,0,0,0
10,5,3785,1,2,78,156,313,0,0,0,0,0,0,0,0
0,0,0,0,0,0,0,0,0,0,0,0,0,0,0,0
3,5,430,1,12,144,289,578,0,0,0,0,0,0,0,0
0,0,0,0,0,0,0,0,0,0,0,0,0,0,0,0
0,0,0,0,0,0,0,0,0,0,0,0,0,0,0,0
0,0,0,0,0,0,0,0,0,0,0,0,0,0,0,0
10,6,4095,1,0,112,224,449,0,0,0,0,0,0,0,0
0,0,0,0,0,0,0,0,0,0,0,0,0,0,0,0
0,0,0,0,0,0,0,0,0,0,0,0,0,0,0,0
0,0,0,0,0,0,0,0,0,0,0,0,0,0,0,0
10,5,2748,0,2,18,36,72,0,0,0,0,0,0,0,0
10,5,1023,1,0,91,182,365,0,0,0,0,0,0,0,0
0,0,0,0,0,0,0,0,0,0,0,0,0,0,0,0
0,0,0,0,0,0,0,0,0,0,0,0,0,0,0,0
10,5,2723,0,1,122,245,490,0,0,0,0,0,0,0,0
10,6,4094,1,1,29,58,116,0,0,0,0,0,0,0,0
0,0,0,0,0,0,0,0,0,0,0,0,0,0,0,0
0,0,0,0,0,0,0,0,0,0,0,0,0,0,0,0
0,0,0,0,0,0,0,0,0,0,0,0,0,0,0,0
10,4,2700,0,2,94,189,379,0,0,0,0,0,0,0,0
10,4,1020,1,0,10,20,41,0,0,0,0,0,0,0,0
7,6,4075,1,6,20,41,82,0,0,0,0,0,0,0,0
10,6,3055,0,0,113,226,452,0,0,0,0,0,0,0,0
0,0,0,0,0,0,0,0,0,0,0,0,0,0,0,0
0,0,0,0,0,0,0,0,0,0,0,0,0,0,0,0
10,4,255,0,0,32,64,129,0,0,0,0,0,0,0,0
10,6,4095,1,0,124,248,497,0,0,0,0,0,0,0,0
0,0,0,0,0,0,0,0,0,0,0,0,0,0,0,0
0,0,0,0,0,0,0,0,0,0,0,0,0,0,0,0
10,5,2879,0,1,54,108,217,0,0,0,0,0,0,0,0
0,0,0,0,0,0,0,0,0,0,0,0,0,0,0,0
8,5,1023,0,5,2,5,11,0,0,0,0,0,0,0,0
0,0,0,0,0,0,0,0,0,0,0,0,0,0,0,0
0,0,0,0,0,0,0,0,0,0,0,0,0,0,0,0
0,0,0,0,0,0,0,0,0,0,0,0,0,0,0,0
10,4,3440,1,0,102,204,409,0,0,0,0,0,0,0,0
8,4,4044,0,5,91,183,367,0,0,0,0,0,0,0,0
3,4,376,1,12,20,40,81,0,0,0,0,0,0,0,0
10,6,4095,1,0,121,242,485,0,0,0,0,0,0,0,0
0,0,0,0,0,0,0,0,0,0,0,0,0,0,0,0
0,0,0,0,0,0,0,0,0,0,0,0,0,0,0,0
0,0,0,0,0,0,0,0,0,0,0,0,0,0,0,0
0,0,0,0,0,0,0,0,0,0,0,0,0,0,0,0
0,0,0,0,0,0,0,0,0,0,0,0,0,0,0,0
8,5,3722,0,4,91,183,367,0,0,0,0,0,0,0,0
0,0,0,0,0,0,0,0,0,0,0,0,0,0,0,0
0,0,0,0,0,0,0,0,0,0,0,0,0,0,0,0
0,0,0,0,0,0,0,0,0,0,0,0,0,0,0,0
10,4,994,1,2,117,235,471,0,0,0,0,0,0,0,0
0,0,0,0,0,0,0,0,0,0,0,0,0,0,0,0
10,5,4008,1,2,130,260,521,0,0,0,0,0,0,0,0
0,0,0,0,0,0,0,0,0,0,0,0,0,0,0,0
10,6,1451,0,2,119,238,477,0,0,0,0,0,0,0,0
10,5,4082,1,1,87,174,348,0,0,0,0,0,0,0,0
0,0,0,0,0,0,0,0,0,0,0,0,0,0,0,0
0,0,0,0,0,0,0,0,0,0,0,0,0,0,0,0
0,0,0,0,0,0,0,0,0,0,0,0,0,0,0,0
0,0,0,0,0,0,0,0,0,0,0,0,0,0,0,0
0,0,0,0,0,0,0,0,0,0,0,0,0,0,0,0
2,5,1019,0,13,104,208,416,0,0,0,0,0,0,0,0
10,4,930,1,1,107,215,430,0,0,0,0,0,0,0,0
9,5,4081,1,3,2,5,10,0,0,0,0,0,0,0,0
10,4,3324,1,0,153,306,613,0,0,0,0,0,0,0,0
10,6,4074,1,2,103,207,415,0,0,0,0,0,0,0,0
10,5,2703,0,1,103,207,415,0,0,0,0,0,0,0,0
0,0,0,0,0,0,0,0,0,0,0,0,0,0,0,0
0,0,0,0,0,0,0,0,0,0,0,0,0,0,0,0
0,0,0,0,0,0,0,0,0,0,0,0,0,0,0,0
3,5,1018,1,15,54,108,216,0,0,0,0,0,0,0,0
10,6,4095,1,0,144,288,577,0,0,0,0,0,0,0,0
0,0,0,0,0,0,0,0,0,0,0,0,0,0,0,0
0,0,0,0,0,0,0,0,0,0,0,0,0,0,0,0
0,0,0,0,0,0,0,0,0,0,0,0,0,0,0,0
10,5,3246,1,0,19,39,79,0,0,0,0,0,0,0,0
8,5,1215,0,3,42,85,171,0,0,0,0,0,0,0,0
0,0,0,0,0,0,0,0,0,0,0,0,0,0,0,0
10,6,4090,1,1,58,117,235,0,0,0,0,0,0,0,0
10,5,3746,1,1,41,82,165,0,0,0,0,0,0,0,0
0,0,0,0,0,0,0,0,0,0,0,0,0,0,0,0
0,0,0,0,0,0,0,0,0,0,0,0,0,0,0,0
5,5,3732,1,9,25,50,101,0,0,0,0,0,0,0,0
10,5,4092,0,0,106,212,425,0,0,0,0,0,0,0,0
0,0,0,0,0,0,0,0,0,0,0,0,0,0,0,0
0,0,0,0,0,0,0,0,0,0,0,0,0,0,0,0
0,0,0,0,0,0,0,0,0,0,0,0,0,0,0,0
10,4,234,1,2,106,213,427,0,0,0,0,0,0,0,0
10,4,3024,1,2,112,224,448,0,0,0,0,0,0,0,0
0,0,0,0,0,0,0,0,0,0,0,0,0,0,0,0
3,4,229,1,15,41,83,166,0,0,0,0,0,0,0,0
10,4,3240,1,2,79,158,317,0,0,0,0,0,0,0,0
10,6,4089,1,2,22,45,90,0,0,0,0,0,0,0,0
0,0,0,0,0,0,0,0,0,0,0,0,0,0,0,0
0,0,0,0,0,0,0,0,0,0,0,0,0,0,0,0
0,0,0,0,0,0,0,0,0,0,0,0,0,0,0,0
0,0,0,0,0,0,0,0,0,0,0,0,0,0,0,0
3,4,3393,1,14,8,17,35,0,0,0,0,0,0,0,0
10,5,2723,0,1,151,303,606,0,0,0,0,0,0,0,0
10,4,3119,1,0,36,72,144,0,0,0,0,0,0,0,0
7,4,3279,1,6,107,215,431,0,0,0,0,0,0,0,0
0,0,0,0,0,0,0,0,0,0,0,0,0,0,0,0
6,4,2736,0,8,130,260,521,0,0,0,0,0,0,0,0
0,0,0,0,0,0,0,0,0,0,0,0,0,0,0,0
0,0,0,0,0,0,0,0,0,0,0,0,0,0,0,0
0,0,0,0,0,0,0,0,0,0,0,0,0,0,0,0
5,4,3093,1,9,137,275,550,0,0,0,0,0,0,0,0
0,0,0,0,0,0,0,0,0,0,0,0,0,0,0,0
0,0,0,0,0,0,0,0,0,0,0,0,0,0,0,0
0,0,0,0,0,0,0,0,0,0,0,0,0,0,0,0
0,0,0,0,0,0,0,0,0,0,0,0,0,0,0,0
0,0,0,0,0,0,0,0,0,0,0,0,0,0,0,0
8,5,2977,0,3,47,95,190,10,4,215,1,0,33,66,133
10,6,2734,0,0,61,123,246,0,0,0,0,0,0,0,0
10,5,3064,0,0,76,152,304,0,0,0,0,0,0,0,0
10,4,906,1,1,117,235,470,0,0,0,0,0,0,0,0
0,0,0,0,0,0,0,0,0,0,0,0,0,0,0,0
10,4,484,1,0,118,236,472,0,0,0,0,0,0,0,0
10,5,3903,0,0,81,162,325,0,0,0,0,0,0,0,0
0,0,0,0,0,0,0,0,0,0,0,0,0,0,0,0
10,6,2798,0,0,141,283,567,0,0,0,0,0,0,0,0
5,6,3989,1,9,49,99,198,0,0,0,0,0,0,0,0
0,0,0,0,0,0,0,0,0,0,0,0,0,0,0,0
0,0,0,0,0,0,0,0,0,0,0,0,0,0,0,0
0,0,0,0,0,0,0,0,0,0,0,0,0,0,0,0
0,0,0,0,0,0,0,0,0,0,0,0,0,0,0,0
0,0,0,0,0,0,0,0,0,0,0,0,0,0,0,0
0,0,0,0,0,0,0,0,0,0,0,0,0,0,0,0
10,5,441,1,0,147,294,588,0,0,0,0,0,0,0,0
0,0,0,0,0,0,0,0,0,0,0,0,0,0,0,0
10,5,4088,1,1,142,284,568,0,0,0,0,0,0,0,0
0,0,0,0,0,0,0,0,0,0,0,0,0,0,0,0
6,4,2736,0,8,151,302,605,0,0,0,0,0,0,0,0
10,6,4095,1,0,133,266,533,0,0,0,0,0,0,0,0
0,0,0,0,0,0,0,0,0,0,0,0,0,0,0,0
10,5,1023,1,0,137,274,549,0,0,0,0,0,0,0,0
0,0,0,0,0,0,0,0,0,0,0,0,0,0,0,0
10,4,831,1,0,80,160,321,0,0,0,0,0,0,0,0
0,0,0,0,0,0,0,0,0,0,0,0,0,0,0,0
8,6,4030,0,5,155,310,621,0,0,0,0,0,0,0,0
8,6,4010,0,4,10,21,43,0,0,0,0,0,0,0,0
0,0,0,0,0,0,0,0,0,0,0,0,0,0,0,0
0,0,0,0,0,0,0,0,0,0,0,0,0,0,0,0
10,6,3967,0,0,16,32,64,0,0,0,0,0,0,0,0
10,5,4072,1,2,116,233,466,0,0,0,0,0,0,0,0
10,6,3754,1,1,85,170,341,0,0,0,0,0,0,0,0
10,6,4095,1,0,115,230,461,0,0,0,0,0,0,0,0
4,5,383,0,10,142,284,568,0,0,0,0,0,0,0,0
0,0,0,0,0,0,0,0,0,0,0,0,0,0,0,0
0,0,0,0,0,0,0,0,0,0,0,0,0,0,0,0
0,0,0,0,0,0,0,0,0,0,0,0,0,0,0,0
0,0,0,0,0,0,0,0,0,0,0,0,0,0,0,0
0,0,0,0,0,0,0,0,0,0,0,0,0,0,0,0
0,0,0,0,0,0,0,0,0,0,0,0,0,0,0,0
3,5,2732,1,12,23,47,94,0,0,0,0,0,0,0,0
10,4,2956,0,1,24,48,96,0,0,0,0,0,0,0,0
10,5,3882,1,1,134,269,538,0,0,0,0,0,0,0,0
0,0,0,0,0,0,0,0,0,0,0,0,0,0,0,0
10,4,4080,0,0,141,282,565,0,0,0,0,0,0,0,0
0,0,0,0,0,0,0,0,0,0,0,0,0,0,0,0
0,0,0,0,0,0,0,0,0,0,0,0,0,0,0,0
10,4,831,1,0,62,124,249,0,0,0,0,0,0,0,0
0,0,0,0,0,0,0,0,0,0,0,0,0,0,0,0
0,0,0,0,0,0,0,0,0,0,0,0,0,0,0,0
0,0,0,0,0,0,0,0,0,0,0,0,0,0,0,0
10,5,3903,0,0,146,292,585,0,0,0,0,0,0,0,0
0,0,0,0,0,0,0,0,0,0,0,0,0,0,0,0
10,4,2255,0,1,90,180,360,0,0,0,0,0,0,0,0
3,5,3752,1,15,3,6,13,5,4,4048,1,10,120,241,482
10,4,994,1,2,49,99,199,0,0,0,0,0,0,0,0
10,4,191,0,2,25,50,100,0,0,0,0,0,0,0,0
0,0,0,0,0,0,0,0,0,0,0,0,0,0,0,0
0,0,0,0,0,0,0,0,0,0,0,0,0,0,0,0
10,6,4095,1,0,17,34,69,0,0,0,0,0,0,0,0
8,5,1199,0,3,19,39,78,0,0,0,0,0,0,0,0
10,6,4009,1,2,78,156,313,0,0,0,0,0,0,0,0
0,0,0,0,0,0,0,0,0,0,0,0,0,0,0,0
10,6,4095,1,0,127,254,509,0,0,0,0,0,0,0,0
0,0,0,0,0,0,0,0,0,0,0,0,0,0,0,0
10,6,4095,1,0,105,210,421,0,0,0,0,0,0,0,0
0,0,0,0,0,0,0,0,0,0,0,0,0,0,0,0
10,5,2812,0,2,107,214,429,0,0,0,0,0,0,0,0
3,5,1021,1,15,19,38,76,0,0,0,0,0,0,0,0
7,4,4034,1,8,117,234,469,0,0,0,0,0,0,0,0
0,0,0,0,0,0,0,0,0,0,0,0,0,0,0,0
0,0,0,0,0,0,0,0,0,0,0,0,0,0,0,0
9,5,3732,1,4,84,169,338,0,0,0,0,0,0,0,0
10,5,1022,1,1,125,250,500,0,0,0,0,0,0,0,0
9,6,4095,1,5,75,150,300,0,0,0,0,0,0,0,0
0,0,0,0,0,0,0,0,0,0,0,0,0,0,0,0
8,6,4030,0,5,44,88,177,0,0,0,0,0,0,0,0
0,0,0,0,0,0,0,0,0,0,0,0,0,0,0,0
10,6,2986,1,0,14,28,57,0,0,0,0,0,0,0,0
10,6,2815,0,1,39,78,156,0,0,0,0,0,0,0,0
9,4,3236,1,3,45,90,180,0,0,0,0,0,0,0,0
0,0,0,0,0,0,0,0,0,0,0,0,0,0,0,0
0,0,0,0,0,0,0,0,0,0,0,0,0,0,0,0
0,0,0,0,0,0,0,0,0,0,0,0,0,0,0,0
0,0,0,0,0,0,0,0,0,0,0,0,0,0,0,0
0,0,0,0,0,0,0,0,0,0,0,0,0,0,0,0
10,4,2700,0,2,119,239,479,0,0,0,0,0,0,0,0
10,4,3315,0,0,56,112,225,0,0,0,0,0,0,0,0
9,5,3748,1,3,75,151,303,0,0,0,0,0,0,0,0
10,4,255,0,0,32,64,129,0,0,0,0,0,0,0,0
9,6,4073,1,3,4,9,18,0,0,0,0,0,0,0,0
0,0,0,0,0,0,0,0,0,0,0,0,0,0,0,0
0,0,0,0,0,0,0,0,0,0,0,0,0,0,0,0
0,0,0,0,0,0,0,0,0,0,0,0,0,0,0,0
10,6,3071,0,1,117,234,469,0,0,0,0,0,0,0,0
7,4,1000,1,8,43,86,173,0,0,0,0,0,0,0,0
10,6,4095,1,0,61,122,245,0,0,0,0,0,0,0,0
5,6,1470,1,10,61,123,246,0,0,0,0,0,0,0,0
0,0,0,0,0,0,0,0,0,0,0,0,0,0,0,0
10,6,4095,1,0,119,238,477,0,0,0,0,0,0,0,0
0,0,0,0,0,0,0,0,0,0,0,0,0,0,0,0
0,0,0,0,0,0,0,0,0,0,0,0,0,0,0,0
0,0,0,0,0,0,0,0,0,0,0,0,0,0,0,0
10,5,3068,0,1,65,130,261,0,0,0,0,0,0,0,0
0,0,0,0,0,0,0,0,0,0,0,0,0,0,0,0
10,4,574,0,0,98,197,395,0,0,0,0,0,0,0,0
0,0,0,0,0,0,0,0,0,0,0,0,0,0,0,0
0,0,0,0,0,0,0,0,0,0,0,0,0,0,0,0
0,0,0,0,0,0,0,0,0,0,0,0,0,0,0,0
10,6,4095,1,0,8,16,33,0,0,0,0,0,0,0,0
10,4,4044,0,0,153,306,613,0,0,0,0,0,0,0,0
10,4,764,0,2,3,6,13,0,0,0,0,0,0,0,0
2,5,3068,0,15,52,104,208,0,0,0,0,0,0,0,0
0,0,0,0,0,0,0,0,0,0,0,0,0,0,0,0
10,5,3327,1,0,61,122,245,0,0,0,0,0,0,0,0
0,0,0,0,0,0,0,0,0,0,0,0,0,0,0,0
10,5,4008,1,2,130,260,521,0,0,0,0,0,0,0,0
0,0,0,0,0,0,0,0,0,0,0,0,0,0,0,0
10,6,2735,0,1,12,25,51,0,0,0,0,0,0,0,0
7,5,2282,1,6,70,140,280,0,0,0,0,0,0,0,0
8,5,1443,0,3,106,213,426,0,0,0,0,0,0,0,0
0,0,0,0,0,0,0,0,0,0,0,0,0,0,0,0
9,5,3064,1,5,67,135,270,0,0,0,0,0,0,0,0
10,5,4047,0,0,17,34,69,0,0,0,0,0,0,0,0
0,0,0,0,0,0,0,0,0,0,0,0,0,0,0,0
0,0,0,0,0,0,0,0,0,0,0,0,0,0,0,0
5,6,3733,1,9,17,34,69,0,0,0,0,0,0,0,0
0,0,0,0,0,0,0,0,0,0,0,0,0,0,0,0
0,0,0,0,0,0,0,0,0,0,0,0,0,0,0,0
4,4,806,0,11,92,184,369,0,0,0,0,0,0,0,0
0,0,0,0,0,0,0,0,0,0,0,0,0,0,0,0
0,0,0,0,0,0,0,0,0,0,0,0,0,0,0,0
10,5,2303,0,1,74,148,297,0,0,0,0,0,0,0,0
0,0,0,0,0,0,0,0,0,0,0,0,0,0,0,0
9,4,230,1,3,41,83,166,0,0,0,0,0,0,0,0
0,0,0,0,0,0,0,0,0,0,0,0,0,0,0,0
2,5,1019,0,13,104,208,416,0,0,0,0,0,0,0,0
10,5,3023,0,1,75,150,301,0,0,0,0,0,0,0,0
5,6,3797,1,9,122,245,490,0,0,0,0,0,0,0,0
10,6,4074,1,2,100,201,403,0,0,0,0,0,0,0,0
10,4,994,1,2,1,3,7,0,0,0,0,0,0,0,0
0,0,0,0,0,0,0,0,0,0,0,0,0,0,0,0
10,5,3023,0,1,146,292,585,0,0,0,0,0,0,0,0
0,0,0,0,0,0,0,0,0,0,0,0,0,0,0,0
10,4,2291,0,1,6,12,25,0,0,0,0,0,0,0,0
10,6,4095,1,0,60,120,241,0,0,0,0,0,0,0,0
3,4,969,1,15,92,185,371,0,0,0,0,0,0,0,0
0,0,0,0,0,0,0,0,0,0,0,0,0,0,0,0
10,5,3242,1,1,43,87,174,0,0,0,0,0,0,0,0
0,0,0,0,0,0,0,0,0,0,0,0,0,0,0,0
10,4,975,0,0,83,166,333,0,0,0,0,0,0,0,0
0,0,0,0,0,0,0,0,0,0,0,0,0,0,0,0
6,6,2746,0,6,103,207,415,0,0,0,0,0,0,0,0
0,0,0,0,0,0,0,0,0,0,0,0,0,0,0,0
9,5,4004,1,4,107,214,428,0,0,0,0,0,0,0,0
10,4,3040,0,0,112,225,451,0,0,0,0,0,0,0,0
6,5,1357,0,7,36,72,145,3,4,229,1,15,41,83,166
0,0,0,0,0,0,0,0,0,0,0,0,0,0,0,0
10,4,3855,1,0,56,112,225,0,0,0,0,0,0,0,0
0,0,0,0,0,0,0,0,0,0,0,0,0,0,0,0
0,0,0,0,0,0,0,0,0,0,0,0,0,0,0,0
4,5,3668,0,10,5,10,21,0,0,0,0,0,0,0,0
10,6,4010,1,1,27,55,110,0,0,0,0,0,0,0,0
2,6,2647,0,14,92,185,371,0,0,0,0,0,0,0,0
10,6,4079,1,0,121,242,484,0,0,0,0,0,0,0,0
0,0,0,0,0,0,0,0,0,0,0,0,0,0,0,0
0,0,0,0,0,0,0,0,0,0,0,0,0,0,0,0
10,5,1022,1,1,85,170,340,0,0,0,0,0,0,0,0
10,5,2607,0,1,94,189,379,0,0,0,0,0,0,0,0
0,0,0,0,0,0,0,0,0,0,0,0,0,0,0,0
7,6,4075,1,6,20,41,82,0,0,0,0,0,0,0,0
10,6,4010,1,1,56,113,226,0,0,0,0,0,0,0,0
8,4,3130,0,4,92,184,368,0,0,0,0,0,0,0,0
0,0,0,0,0,0,0,0,0,0,0,0,0,0,0,0
0,0,0,0,0,0,0,0,0,0,0,0,0,0,0,0
0,0,0,0,0,0,0,0,0,0,0,0,0,0,0,0
0,0,0,0,0,0,0,0,0,0,0,0,0,0,0,0
10,4,3976,1,2,0,1,2,0,0,0,0,0,0,0,0
0,0,0,0,0,0,0,0,0,0,0,0,0,0,0,0
4,4,1356,0,10,81,163,327,0,0,0,0,0,0,0,0
10,5,4042,1,1,117,235,471,0,0,0,0,0,0,0,0
0,0,0,0,0,0,0,0,0,0,0,0,0,0,0,0
10,4,484,1,0,118,236,472,0,0,0,0,0,0,0,0
0,0,0,0,0,0,0,0,0,0,0,0,0,0,0,0
0,0,0,0,0,0,0,0,0,0,0,0,0,0,0,0
0,0,0,0,0,0,0,0,0,0,0,0,0,0,0,0
9,5,1023,1,5,147,294,588,0,0,0,0,0,0,0,0
10,4,3624,1,1,64,128,257,0,0,0,0,0,0,0,0
0,0,0,0,0,0,0,0,0,0,0,0,0,0,0,0
8,5,367,0,4,21,42,85,0,0,0,0,0,0,0,0
0,0,0,0,0,0,0,0,0,0,0,0,0,0,0,0
3,4,1020,1,15,113,226,453,0,0,0,0,0,0,0,0
10,5,2623,0,1,133,266,532,0,0,0,0,0,0,0,0
9,6,2731,1,4,22,44,88,0,0,0,0,0,0,0,0
0,0,0,0,0,0,0,0,0,0,0,0,0,0,0,0
10,5,3246,1,0,19,39,79,0,0,0,0,0,0,0,0
10,6,2751,0,2,43,86,172,0,0,0,0,0,0,0,0
10,6,4090,1,1,58,117,235,0,0,0,0,0,0,0,0
0,0,0,0,0,0,0,0,0,0,0,0,0,0,0,0
10,5,3064,0,0,76,152,304,0,0,0,0,0,0,0,0
10,4,2764,0,2,20,40,81,0,0,0,0,0,0,0,0
0,0,0,0,0,0,0,0,0,0,0,0,0,0,0,0
10,6,3759,0,0,18,37,75,5,6,3733,1,9,49,98,197
10,4,1011,0,0,62,124,249,0,0,0,0,0,0,0,0
7,4,3126,1,8,96,192,385,0,0,0,0,0,0,0,0
10,4,831,1,0,76,152,305,0,0,0,0,0,0,0,0
10,6,2735,0,1,21,43,87,0,0,0,0,0,0,0,0
9,4,969,1,4,53,107,214,0,0,0,0,0,0,0,0
0,0,0,0,0,0,0,0,0,0,0,0,0,0,0,0
0,0,0,0,0,0,0,0,0,0,0,0,0,0,0,0
7,4,4064,1,8,102,204,409,0,0,0,0,0,0,0,0
10,5,3327,1,0,28,56,113,0,0,0,0,0,0,0,0
3,6,3775,1,12,9,18,36,0,0,0,0,0,0,0,0
0,0,0,0,0,0,0,0,0,0,0,0,0,0,0,0
10,4,3617,1,2,93,186,372,0,0,0,0,0,0,0,0
0,0,0,0,0,0,0,0,0,0,0,0,0,0,0,0
10,5,687,0,2,48,97,195,0,0,0,0,0,0,0,0
10,6,4090,1,1,128,257,515,0,0,0,0,0,0,0,0
10,5,3327,1,0,22,44,89,0,0,0,0,0,0,0,0
8,4,3594,0,4,129,259,519,0,0,0,0,0,0,0,0
10,5,4072,1,2,69,139,278,0,0,0,0,0,0,0,0
0,0,0,0,0,0,0,0,0,0,0,0,0,0,0,0
0,0,0,0,0,0,0,0,0,0,0,0,0,0,0,0
0,0,0,0,0,0,0,0,0,0,0,0,0,0,0,0
7,4,984,1,8,25,50,100,0,0,0,0,0,0,0,0
0,0,0,0,0,0,0,0,0,0,0,0,0,0,0,0
10,5,3902,1,1,139,278,556,0,0,0,0,0,0,0,0
0,0,0,0,0,0,0,0,0,0,0,0,0,0,0,0
10,5,4092,0,0,141,282,565,0,0,0,0,0,0,0,0
3,5,1021,1,15,19,38,76,0,0,0,0,0,0,0,0
9,5,3732,1,4,84,169,338,0,0,0,0,0,0,0,0
10,5,1720,0,2,30,61,122,0,0,0,0,0,0,0,0
10,5,4082,1,1,85,170,340,0,0,0,0,0,0,0,0
10,4,826,1,2,57,115,231,0,0,0,0,0,0,0,0
10,6,4095,1,0,49,98,197,0,0,0,0,0,0,0,0
0,0,0,0,0,0,0,0,0,0,0,0,0,0,0,0
0,0,0,0,0,0,0,0,0,0,0,0,0,0,0,0
10,5,2812,0,2,153,306,613,0,0,0,0,0,0,0,0
9,5,3732,1,4,138,277,554,0,0,0,0,0,0,0,0
0,0,0,0,0,0,0,0,0,0,0,0,0,0,0,0
0,0,0,0,0,0,0,0,0,0,0,0,0,0,0,0
10,5,1006,1,1,123,246,492,0,0,0,0,0,0,0,0
8,4,1196,0,3,107,215,430,0,0,0,0,0,0,0,0
0,0,0,0,0,0,0,0,0,0,0,0,0,0,0,0
0,0,0,0,0,0,0,0,0,0,0,0,0,0,0,0
4,5,1379,0,9,98,197,394,0,0,0,0,0,0,0,0
10,6,4094,1,1,129,258,516,0,0,0,0,0,0,0,0
10,4,3315,0,0,150,300,601,0,0,0,0,0,0,0,0
10,5,4083,0,0,1,2,5,0,0,0,0,0,0,0,0
0,0,0,0,0,0,0,0,0,0,0,0,0,0,0,0
0,0,0,0,0,0,0,0,0,0,0,0,0,0,0,0
10,5,4092,0,0,73,146,293,0,0,0,0,0,0,0,0
10,5,3263,0,0,86,172,344,0,0,0,0,0,0,0,0
0,0,0,0,0,0,0,0,0,0,0,0,0,0,0,0
7,5,2961,1,8,132,264,529,0,0,0,0,0,0,0,0
0,0,0,0,0,0,0,0,0,0,0,0,0,0,0,0
0,0,0,0,0,0,0,0,0,0,0,0,0,0,0,0
0,0,0,0,0,0,0,0,0,0,0,0,0,0,0,0
0,0,0,0,0,0,0,0,0,0,0,0,0,0,0,0
0,0,0,0,0,0,0,0,0,0,0,0,0,0,0,0
10,4,2575,0,1,150,300,600,0,0,0,0,0,0,0,0
0,0,0,0,0,0,0,0,0,0,0,0,0,0,0,0
0,0,0,0,0,0,0,0,0,0,0,0,0,0,0,0
10,6,4095,1,0,73,146,293,0,0,0,0,0,0,0,0
10,6,4031,0,0,86,172,345,0,0,0,0,0,0,0,0
10,5,2995,0,1,83,166,332,0,0,0,0,0,0,0,0
9,6,3055,1,5,113,227,454,0,0,0,0,0,0,0,0
9,6,3813,1,3,27,54,108,0,0,0,0,0,0,0,0
4,6,1403,0,9,54,109,219,0,0,0,0,0,0,0,0
3,5,1017,1,15,137,275,551,0,0,0,0,0,0,0,0
8,4,1347,0,3,27,54,109,0,0,0,0,0,0,0,0
10,6,2734,0,0,117,235,470,0,0,0,0,0,0,0,0
0,0,0,0,0,0,0,0,0,0,0,0,0,0,0,0
0,0,0,0,0,0,0,0,0,0,0,0,0,0,0,0
9,4,996,1,5,70,140,281,0,0,0,0,0,0,0,0
10,6,4095,1,0,94,188,377,0,0,0,0,0,0,0,0
0,0,0,0,0,0,0,0,0,0,0,0,0,0,0,0
9,5,3064,1,5,67,135,270,0,0,0,0,0,0,0,0
10,6,4095,1,0,131,262,525,0,0,0,0,0,0,0,0
0,0,0,0,0,0,0,0,0,0,0,0,0,0,0,0
10,6,4026,1,1,49,99,199,0,0,0,0,0,0,0,0
0,0,0,0,0,0,0,0,0,0,0,0,0,0,0,0
0,0,0,0,0,0,0,0,0,0,0,0,0,0,0,0
8,4,1212,0,4,63,126,252,0,0,0,0,0,0,0,0
0,0,0,0,0,0,0,0,0,0,0,0,0,0,0,0
9,4,709,1,3,104,208,416,0,0,0,0,0,0,0,0
10,6,2809,1,1,53,106,213,0,0,0,0,0,0,0,0
8,4,364,0,5,4,8,17,0,0,0,0,0,0,0,0
0,0,0,0,0,0,0,0,0,0,0,0,0,0,0,0
6,5,2748,0,8,107,214,429,0,0,0,0,0,0,0,0
10,5,4076,1,0,43,86,172,0,0,0,0,0,0,0,0
10,5,4047,0,0,141,282,565,0,0,0,0,0,0,0,0
3,5,1021,1,15,19,38,76,0,0,0,0,0,0,0,0
10,5,4043,1,0,72,144,288,0,0,0,0,0,0,0,0
10,4,3970,1,1,62,125,250,0,0,0,0,0,0,0,0
5,4,993,1,10,31,62,124,0,0,0,0,0,0,0,0
8,5,1199,0,3,64,129,258,0,0,0,0,0,0,0,0
0,0,0,0,0,0,0,0,0,0,0,0,0,0,0,0
10,5,2219,0,1,18,37,74,0,0,0,0,0,0,0,0
7,5,1002,1,8,72,144,289,0,0,0,0,0,0,0,0
10,6,1451,0,2,39,78,157,0,0,0,0,0,0,0,0
0,0,0,0,0,0,0,0,0,0,0,0,0,0,0,0
0,0,0,0,0,0,0,0,0,0,0,0,0,0,0,0
0,0,0,0,0,0,0,0,0,0,0,0,0,0,0,0
0,0,0,0,0,0,0,0,0,0,0,0,0,0,0,0
0,0,0,0,0,0,0,0,0,0,0,0,0,0,0,0
0,0,0,0,0,0,0,0,0,0,0,0,0,0,0,0
0,0,0,0,0,0,0,0,0,0,0,0,0,0,0,0
0,0,0,0,0,0,0,0,0,0,0,0,0,0,0,0
0,0,0,0,0,0,0,0,0,0,0,0,0,0,0,0
0,0,0,0,0,0,0,0,0,0,0,0,0,0,0,0
8,4,1411,0,3,87,175,350,0,0,0,0,0,0,0,0
0,0,0,0,0,0,0,0,0,0,0,0,0,0,0,0
0,0,0,0,0,0,0,0,0,0,0,0,0,0,0,0
10,4,3016,1,0,143,287,575,0,0,0,0,0,0,0,0
3,6,3754,1,14,76,153,306,0,0,0,0,0,0,0,0
0,0,0,0,0,0,0,0,0,0,0,0,0,0,0,0
10,5,2603,0,1,130,261,522,0,0,0,0,0,0,0,0
0,0,0,0,0,0,0,0,0,0,0,0,0,0,0,0
8,5,427,0,3,152,304,609,0,0,0,0,0,0,0,0
10,6,4095,1,0,74,148,297,0,0,0,0,0,0,0,0
7,4,994,1,8,132,264,529,0,0,0,0,0,0,0,0
0,0,0,0,0,0,0,0,0,0,0,0,0,0,0,0
0,0,0,0,0,0,0,0,0,0,0,0,0,0,0,0
7,5,4072,1,8,117,234,469,0,0,0,0,0,0,0,0
0,0,0,0,0,0,0,0,0,0,0,0,0,0,0,0
3,4,916,1,15,36,73,146,0,0,0,0,0,0,0,0
0,0,0,0,0,0,0,0,0,0,0,0,0,0,0,0
10,5,4072,1,2,84,169,338,0,0,0,0,0,0,0,0
10,6,4095,1,0,29,58,117,0,0,0,0,0,0,0,0
0,0,0,0,0,0,0,0,0,0,0,0,0,0,0,0
0,0,0,0,0,0,0,0,0,0,0,0,0,0,0,0
10,6,2731,0,1,70,141,282,0,0,0,0,0,0,0,0
0,0,0,0,0,0,0,0,0,0,0,0,0,0,0,0
10,4,3880,1,2,38,77,154,0,0,0,0,0,0,0,0
7,4,234,1,8,66,132,265,0,0,0,0,0,0,0,0
0,0,0,0,0,0,0,0,0,0,0,0,0,0,0,0
0,0,0,0,0,0,0,0,0,0,0,0,0,0,0,0
0,0,0,0,0,0,0,0,0,0,0,0,0,0,0,0
10,6,2799,0,1,34,68,136,0,0,0,0,0,0,0,0
9,6,4005,1,3,91,182,364,0,0,0,0,0,0,0,0
10,6,4095,1,0,51,102,205,3,5,3746,1,14,62,125,250
0,0,0,0,0,0,0,0,0,0,0,0,0,0,0,0
0,0,0,0,0,0,0,0,0,0,0,0,0,0,0,0
10,6,4095,1,0,117,234,469,0,0,0,0,0,0,0,0
7,6,2794,1,6,70,140,280,0,0,0,0,0,0,0,0
0,0,0,0,0,0,0,0,0,0,0,0,0,0,0,0
0,0,0,0,0,0,0,0,0,0,0,0,0,0,0,0
9,5,3064,1,5,67,135,270,0,0,0,0,0,0,0,0
0,0,0,0,0,0,0,0,0,0,0,0,0,0,0,0
0,0,0,0,0,0,0,0,0,0,0,0,0,0,0,0
3,6,3754,1,14,94,189,378,0,0,0,0,0,0,0,0
10,5,4083,0,0,152,304,609,0,0,0,0,0,0,0,0
10,6,4095,1,0,2,4,9,0,0,0,0,0,0,0,0
10,6,2815,0,1,68,136,272,0,0,0,0,0,0,0,0
10,6,2815,0,1,54,108,216,0,0,0,0,0,0,0,0
10,6,2751,0,2,145,290,580,0,0,0,0,0,0,0,0
0,0,0,0,0,0,0,0,0,0,0,0,0,0,0,0
0,0,0,0,0,0,0,0,0,0,0,0,0,0,0,0
3,5,507,1,12,96,193,387,0,0,0,0,0,0,0,0
0,0,0,0,0,0,0,0,0,0,0,0,0,0,0,0
10,5,4008,1,2,64,128,257,0,0,0,0,0,0,0,0
0,0,0,0,0,0,0,0,0,0,0,0,0,0,0,0
8,4,3854,0,4,21,42,85,0,0,0,0,0,0,0,0
0,0,0,0,0,0,0,0,0,0,0,0,0,0,0,0
0,0,0,0,0,0,0,0,0,0,0,0,0,0,0,0
10,6,4095,1,0,140,280,561,0,0,0,0,0,0,0,0
3,4,1020,1,15,113,226,453,0,0,0,0,0,0,0,0
10,5,4082,1,1,97,194,388,0,0,0,0,0,0,0,0
0,0,0,0,0,0,0,0,0,0,0,0,0,0,0,0
0,0,0,0,0,0,0,0,0,0,0,0,0,0,0,0
0,0,0,0,0,0,0,0,0,0,0,0,0,0,0,0
0,0,0,0,0,0,0,0,0,0,0,0,0,0,0,0
6,5,4083,0,6,19,39,79,0,0,0,0,0,0,0,0
0,0,0,0,0,0,0,0,0,0,0,0,0,0,0,0
10,6,1451,0,2,106,212,425,0,0,0,0,0,0,0,0
0,0,0,0,0,0,0,0,0,0,0,0,0,0,0,0
10,5,4008,1,2,1,2,5,0,0,0,0,0,0,0,0
10,4,3114,1,1,154,309,618,0,0,0,0,0,0,0,0
10,5,4024,1,1,144,289,579,0,0,0,0,0,0,0,0
6,5,2748,0,8,29,58,117,0,0,0,0,0,0,0,0
0,0,0,0,0,0,0,0,0,0,0,0,0,0,0,0
0,0,0,0,0,0,0,0,0,0,0,0,0,0,0,0
10,5,3246,1,0,107,215,431,0,0,0,0,0,0,0,0
9,5,4001,1,3,13,26,52,0,0,0,0,0,0,0,0
0,0,0,0,0,0,0,0,0,0,0,0,0,0,0,0
0,0,0,0,0,0,0,0,0,0,0,0,0,0,0,0
0,0,0,0,0,0,0,0,0,0,0,0,0,0,0,0
10,4,187,0,1,132,265,531,0,0,0,0,0,0,0,0
7,4,971,1,6,107,215,430,0,0,0,0,0,0,0,0
10,4,255,0,0,157,314,629,0,0,0,0,0,0,0,0
2,4,428,0,15,105,211,423,0,0,0,0,0,0,0,0
8,5,3725,0,4,116,233,467,0,0,0,0,0,0,0,0
9,5,1001,1,4,2,5,10,0,0,0,0,0,0,0,0
6,5,2739,0,8,150,300,601,0,0,0,0,0,0,0,0
0,0,0,0,0,0,0,0,0,0,0,0,0,0,0,0
8,5,4028,0,5,70,141,282,0,0,0,0,0,0,0,0
8,4,3134,0,5,7,14,29,0,0,0,0,0,0,0,0
8,4,3714,0,5,152,304,608,0,0,0,0,0,0,0,0
0,0,0,0,0,0,0,0,0,0,0,0,0,0,0,0
9,4,905,1,3,10,20,41,0,0,0,0,0,0,0,0
7,6,4075,1,6,20,41,82,0,0,0,0,0,0,0,0
10,6,4095,1,0,107,214,429,0,0,0,0,0,0,0,0
0,0,0,0,0,0,0,0,0,0,0,0,0,0,0,0
9,6,3070,1,5,134,269,538,0,0,0,0,0,0,0,0
0,0,0,0,0,0,0,0,0,0,0,0,0,0,0,0
0,0,0,0,0,0,0,0,0,0,0,0,0,0,0,0
10,6,4095,1,0,103,206,413,0,0,0,0,0,0,0,0
10,5,2618,0,0,16,33,66,0,0,0,0,0,0,0,0
9,5,937,1,3,121,242,485,0,0,0,0,0,0,0,0
2,4,1776,0,15,146,292,584,0,0,0,0,0,0,0,0
10,5,3327,1,0,131,262,525,0,0,0,0,0,0,0,0
7,5,3311,1,6,66,133,267,0,0,0,0,0,0,0,0
0,0,0,0,0,0,0,0,0,0,0,0,0,0,0,0
0,0,0,0,0,0,0,0,0,0,0,0,0,0,0,0
0,0,0,0,0,0,0,0,0,0,0,0,0,0,0,0
10,5,3311,1,0,121,242,484,0,0,0,0,0,0,0,0
0,0,0,0,0,0,0,0,0,0,0,0,0,0,0,0
0,0,0,0,0,0,0,0,0,0,0,0,0,0,0,0
10,4,3324,1,0,85,170,341,0,0,0,0,0,0,0,0
0,0,0,0,0,0,0,0,0,0,0,0,0,0,0,0
10,5,3306,1,1,56,113,226,0,0,0,0,0,0,0,0
8,4,1420,0,4,91,183,367,0,0,0,0,0,0,0,0
0,0,0,0,0,0,0,0,0,0,0,0,0,0,0,0
9,6,3071,1,4,113,227,455,0,0,0,0,0,0,0,0
9,6,2815,1,4,26,53,107,0,0,0,0,0,0,0,0
4,5,1327,0,9,54,109,219,0,0,0,0,0,0,0,0
0,0,0,0,0,0,0,0,0,0,0,0,0,0,0,0
0,0,0,0,0,0,0,0,0,0,0,0,0,0,0,0
3,5,3668,1,15,138,276,553,0,0,0,0,0,0,0,0
0,0,0,0,0,0,0,0,0,0,0,0,0,0,0,0
8,4,299,0,3,153,306,612,0,0,0,0,0,0,0,0
0,0,0,0,0,0,0,0,0,0,0,0,0,0,0,0
10,6,1711,0,2,26,53,106,0,0,0,0,0,0,0,0
10,4,2111,0,1,112,224,448,0,0,0,0,0,0,0,0
10,6,4074,1,2,136,273,547,0,0,0,0,0,0,0,0
0,0,0,0,0,0,0,0,0,0,0,0,0,0,0,0
10,5,4047,0,0,136,272,545,0,0,0,0,0,0,0,0
0,0,0,0,0,0,0,0,0,0,0,0,0,0,0,0
10,4,3320,1,1,89,178,356,0,0,0,0,0,0,0,0
0,0,0,0,0,0,0,0,0,0,0,0,0,0,0,0
6,4,2736,0,8,95,190,381,0,0,0,0,0,0,0,0
0,0,0,0,0,0,0,0,0,0,0,0,0,0,0,0
10,4,3210,1,1,19,39,78,0,0,0,0,0,0,0,0
8,4,175,0,3,42,85,170,0,0,0,0,0,0,0,0
10,5,3898,1,1,58,117,235,0,0,0,0,0,0,0,0
10,6,4009,1,2,107,214,429,0,0,0,0,0,0,0,0
0,0,0,0,0,0,0,0,0,0,0,0,0,0,0,0
0,0,0,0,0,0,0,0,0,0,0,0,0,0,0,0
0,0,0,0,0,0,0,0,0,0,0,0,0,0,0,0
0,0,0,0,0,0,0,0,0,0,0,0,0,0,0,0
0,0,0,0,0,0,0,0,0,0,0,0,0,0,0,0
0,0,0,0,0,0,0,0,0,0,0,0,0,0,0,0
7,6,3738,1,7,30,61,123,0,0,0,0,0,0,0,0
0,0,0,0,0,0,0,0,0,0,0,0,0,0,0,0
10,6,1710,0,1,64,128,257,0,0,0,0,0,0,0,0
0,0,0,0,0,0,0,0,0,0,0,0,0,0,0,0
0,0,0,0,0,0,0,0,0,0,0,0,0,0,0,0
7,4,234,1,8,72,144,289,0,0,0,0,0,0,0,0
10,6,1451,0,2,39,78,157,0,0,0,0,0,0,0,0
0,0,0,0,0,0,0,0,0,0,0,0,0,0,0,0
0,0,0,0,0,0,0,0,0,0,0,0,0,0,0,0
0,0,0,0,0,0,0,0,0,0,0,0,0,0,0,0
10,4,4044,0,0,77,154,309,0,0,0,0,0,0,0,0
10,4,3976,1,2,96,193,386,0,0,0,0,0,0,0,0
0,0,0,0,0,0,0,0,0,0,0,0,0,0,0,0
2,4,2300,0,15,117,234,468,0,0,0,0,0,0,0,0
3,6,3737,1,15,118,236,472,0,0,0,0,0,0,0,0
9,5,1007,1,5,58,117,235,0,0,0,0,0,0,0,0
9,4,4000,1,3,91,182,365,0,0,0,0,0,0,0,0
10,6,4095,1,0,121,242,485,0,0,0,0,0,0,0,0
10,6,4095,1,0,22,44,89,0,0,0,0,0,0,0,0
8,5,1468,0,4,130,260,520,0,0,0,0,0,0,0,0
10,6,4095,1,0,91,182,365,0,0,0,0,0,0,0,0
10,4,3114,1,1,69,139,278,0,0,0,0,0,0,0,0
0,0,0,0,0,0,0,0,0,0,0,0,0,0,0,0
5,5,2492,1,11,24,49,99,0,0,0,0,0,0,0,0
0,0,0,0,0,0,0,0,0,0,0,0,0,0,0,0
0,0,0,0,0,0,0,0,0,0,0,0,0,0,0,0
10,5,2723,0,1,130,261,522,0,0,0,0,0,0,0,0
10,5,2699,0,1,18,37,74,0,0,0,0,0,0,0,0
10,4,2691,0,1,151,303,607,0,0,0,0,0,0,0,0
0,0,0,0,0,0,0,0,0,0,0,0,0,0,0,0
9,4,2595,1,4,16,32,65,0,0,0,0,0,0,0,0
0,0,0,0,0,0,0,0,0,0,0,0,0,0,0,0
0,0,0,0,0,0,0,0,0,0,0,0,0,0,0,0
0,0,0,0,0,0,0,0,0,0,0,0,0,0,0,0
0,0,0,0,0,0,0,0,0,0,0,0,0,0,0,0
0,0,0,0,0,0,0,0,0,0,0,0,0,0,0,0
0,0,0,0,0,0,0,0,0,0,0,0,0,0,0,0
10,6,4095,1,0,13,26,53,0,0,0,0,0,0,0,0
10,4,940,1,0,108,217,435,0,0,0,0,0,0,0,0
0,0,0,0,0,0,0,0,0,0,0,0,0,0,0,0
7,5,4076,1,6,135,271,543,0,0,0,0,0,0,0,0
0,0,0,0,0,0,0,0,0,0,0,0,0,0,0,0
0,0,0,0,0,0,0,0,0,0,0,0,0,0,0,0
10,6,3994,1,2,149,298,597,0,0,0,0,0,0,0,0
0,0,0,0,0,0,0,0,0,0,0,0,0,0,0,0
0,0,0,0,0,0,0,0,0,0,0,0,0,0,0,0
3,5,4082,1,14,94,188,377,0,0,0,0,0,0,0,0
0,0,0,0,0,0,0,0,0,0,0,0,0,0,0,0
10,5,2622,0,0,100,201,403,0,0,0,0,0,0,0,0
0,0,0,0,0,0,0,0,0,0,0,0,0,0,0,0
10,6,2751,0,2,68,136,272,0,0,0,0,0,0,0,0
0,0,0,0,0,0,0,0,0,0,0,0,0,0,0,0
0,0,0,0,0,0,0,0,0,0,0,0,0,0,0,0
10,5,4092,0,0,116,232,465,0,0,0,0,0,0,0,0
10,6,1451,0,2,28,56,113,0,0,0,0,0,0,0,0
9,4,1011,1,5,118,237,475,0,0,0,0,0,0,0,0
10,6,1371,0,2,133,266,532,0,0,0,0,0,0,0,0
10,6,4095,1,0,76,152,305,0,0,0,0,0,0,0,0
0,0,0,0,0,0,0,0,0,0,0,0,0,0,0,0
10,5,3327,1,0,51,102,205,0,0,0,0,0,0,0,0
0,0,0,0,0,0,0,0,0,0,0,0,0,0,0,0
0,0,0,0,0,0,0,0,0,0,0,0,0,0,0,0
10,5,4088,1,1,62,124,248,0,0,0,0,0,0,0,0
0,0,0,0,0,0,0,0,0,0,0,0,0,0,0,0
0,0,0,0,0,0,0,0,0,0,0,0,0,0,0,0
0,0,0,0,0,0,0,0,0,0,0,0,0,0,0,0
0,0,0,0,0,0,0,0,0,0,0,0,0,0,0,0
0,0,0,0,0,0,0,0,0,0,0,0,0,0,0,0
0,0,0,0,0,0,0,0,0,0,0,0,0,0,0,0
0,0,0,0,0,0,0,0,0,0,0,0,0,0,0,0
3,6,4095,1,13,23,47,94,0,0,0,0,0,0,0,0
10,4,3724,0,0,23,47,95,0,0,0,0,0,0,0,0
10,5,3768,1,0,144,289,578,0,0,0,0,0,0,0,0
10,5,2767,0,1,2,4,8,0,0,0,0,0,0,0,0
0,0,0,0,0,0,0,0,0,0,0,0,0,0,0,0
0,0,0,0,0,0,0,0,0,0,0,0,0,0,0,0
0,0,0,0,0,0,0,0,0,0,0,0,0,0,0,0
10,5,1023,1,0,61,122,245,0,0,0,0,0,0,0,0
10,6,3050,1,0,107,215,430,0,0,0,0,0,0,0,0
0,0,0,0,0,0,0,0,0,0,0,0,0,0,0,0
9,4,3664,1,5,12,25,51,0,0,0,0,0,0,0,0
0,0,0,0,0,0,0,0,0,0,0,0,0,0,0,0
0,0,0,0,0,0,0,0,0,0,0,0,0,0,0,0
6,4,2620,0,8,50,100,201,0,0,0,0,0,0,0,0
0,0,0,0,0,0,0,0,0,0,0,0,0,0,0,0
10,6,4095,1,0,25,50,101,0,0,0,0,0,0,0,0
0,0,0,0,0,0,0,0,0,0,0,0,0,0,0,0
10,4,255,0,0,77,154,309,0,0,0,0,0,0,0,0
0,0,0,0,0,0,0,0,0,0,0,0,0,0,0,0
10,6,4095,1,0,31,62,125,0,0,0,0,0,0,0,0
10,4,3240,1,2,156,312,625,0,0,0,0,0,0,0,0
10,4,3298,1,1,7,15,31,0,0,0,0,0,0,0,0
0,0,0,0,0,0,0,0,0,0,0,0,0,0,0,0
0,0,0,0,0,0,0,0,0,0,0,0,0,0,0,0
0,0,0,0,0,0,0,0,0,0,0,0,0,0,0,0
0,0,0,0,0,0,0,0,0,0,0,0,0,0,0,0
10,6,4095,1,0,43,86,173,0,0,0,0,0,0,0,0
8,4,1196,0,3,19,39,78,0,0,0,0,0,0,0,0
10,5,3625,1,2,78,156,312,0,0,0,0,0,0,0,0
0,0,0,0,0,0,0,0,0,0,0,0,0,0,0,0
0,0,0,0,0,0,0,0,0,0,0,0,0,0,0,0
0,0,0,0,0,0,0,0,0,0,0,0,0,0,0,0
8,4,3134,0,5,87,174,349,0,0,0,0,0,0,0,0
0,0,0,0,0,0,0,0,0,0,0,0,0,0,0,0
9,6,3070,1,5,134,269,538,0,0,0,0,0,0,0,0
0,0,0,0,0,0,0,0,0,0,0,0,0,0,0,0
0,0,0,0,0,0,0,0,0,0,0,0,0,0,0,0
4,4,1331,0,9,115,230,460,0,0,0,0,0,0,0,0
10,4,2760,0,0,45,91,182,0,0,0,0,0,0,0,0
10,5,4092,0,0,2,4,9,0,0,0,0,0,0,0,0
10,5,3898,1,1,150,301,603,0,0,0,0,0,0,0,0
0,0,0,0,0,0,0,0,0,0,0,0,0,0,0,0
0,0,0,0,0,0,0,0,0,0,0,0,0,0,0,0
0,0,0,0,0,0,0,0,0,0,0,0,0,0,0,0
10,5,437,1,0,60,121,243,0,0,0,0,0,0,0,0
10,5,3242,1,1,56,113,226,0,0,0,0,0,0,0,0
8,4,1071,0,3,138,277,554,0,0,0,0,0,0,0,0
10,4,3900,0,0,19,38,77,0,0,0,0,0,0,0,0
10,4,2784,0,0,103,207,415,0,0,0,0,0,0,0,0
0,0,0,0,0,0,0,0,0,0,0,0,0,0,0,0
10,6,4095,1,0,57,114,229,0,0,0,0,0,0,0,0
10,4,3324,1,0,56,112,225,0,0,0,0,0,0,0,0
0,0,0,0,0,0,0,0,0,0,0,0,0,0,0,0
10,4,255,0,0,32,64,129,0,0,0,0,0,0,0,0
10,5,959,0,0,1,2,4,0,0,0,0,0,0,0,0
10,6,4095,1,0,150,300,601,0,0,0,0,0,0,0,0
9,6,4073,1,3,4,9,18,0,0,0,0,0,0,0,0
0,0,0,0,0,0,0,0,0,0,0,0,0,0,0,0
0,0,0,0,0,0,0,0,0,0,0,0,0,0,0,0
10,4,675,0,2,70,141,282,0,0,0,0,0,0,0,0
10,6,4095,1,0,41,82,165,0,0,0,0,0,0,0,0
10,6,4095,1,0,32,64,129,0,0,0,0,0,0,0,0
0,0,0,0,0,0,0,0,0,0,0,0,0,0,0,0
0,0,0,0,0,0,0,0,0,0,0,0,0,0,0,0
10,4,3279,1,0,107,214,429,0,0,0,0,0,0,0,0
10,6,1373,0,1,3,7,14,0,0,0,0,0,0,0,0
0,0,0,0,0,0,0,0,0,0,0,0,0,0,0,0
0,0,0,0,0,0,0,0,0,0,0,0,0,0,0,0
0,0,0,0,0,0,0,0,0,0,0,0,0,0,0,0
0,0,0,0,0,0,0,0,0,0,0,0,0,0,0,0
9,5,937,1,3,121,242,485,0,0,0,0,0,0,0,0
9,5,3881,1,3,40,80,161,0,0,0,0,0,0,0,0
0,0,0,0,0,0,0,0,0,0,0,0,0,0,0,0
0,0,0,0,0,0,0,0,0,0,0,0,0,0,0,0
0,0,0,0,0,0,0,0,0,0,0,0,0,0,0,0
10,4,4035,1,0,3,6,13,0,0,0,0,0,0,0,0
0,0,0,0,0,0,0,0,0,0,0,0,0,0,0,0
10,4,234,1,2,117,235,471,0,0,0,0,0,0,0,0
0,0,0,0,0,0,0,0,0,0,0,0,0,0,0,0
9,5,3881,1,3,130,260,521,0,0,0,0,0,0,0,0
0,0,0,0,0,0,0,0,0,0,0,0,0,0,0,0
0,0,0,0,0,0,0,0,0,0,0,0,0,0,0,0
0,0,0,0,0,0,0,0,0,0,0,0,0,0,0,0
0,0,0,0,0,0,0,0,0,0,0,0,0,0,0,0
9,5,2787,1,4,31,63,126,0,0,0,0,0,0,0,0
0,0,0,0,0,0,0,0,0,0,0,0,0,0,0,0
0,0,0,0,0,0,0,0,0,0,0,0,0,0,0,0
0,0,0,0,0,0,0,0,0,0,0,0,0,0,0,0
7,5,3048,1,6,72,144,289,0,0,0,0,0,0,0,0
10,5,2412,0,2,7,14,29,0,0,0,0,0,0,0,0
9,4,4000,1,3,38,76,153,0,0,0,0,0,0,0,0
0,0,0,0,0,0,0,0,0,0,0,0,0,0,0,0
0,0,0,0,0,0,0,0,0,0,0,0,0,0,0,0
0,0,0,0,0,0,0,0,0,0,0,0,0,0,0,0
10,5,3882,1,1,96,193,386,0,0,0,0,0,0,0,0
3,4,831,1,14,46,93,186,0,0,0,0,0,0,0,0
2,5,359,0,15,117,235,471,0,0,0,0,0,0,0,0
0,0,0,0,0,0,0,0,0,0,0,0,0,0,0,0
0,0,0,0,0,0,0,0,0,0,0,0,0,0,0,0
0,0,0,0,0,0,0,0,0,0,0,0,0,0,0,0
0,0,0,0,0,0,0,0,0,0,0,0,0,0,0,0
10,4,975,0,0,98,196,393,0,0,0,0,0,0,0,0
8,5,2953,0,4,47,95,190,0,0,0,0,0,0,0,0
10,5,3810,1,1,61,123,246,0,0,0,0,0,0,0,0
10,5,3326,1,1,30,60,120,0,0,0,0,0,0,0,0
2,5,1023,0,14,104,208,416,0,0,0,0,0,0,0,0
7,4,3304,1,8,133,266,533,0,0,0,0,0,0,0,0
9,5,3043,1,5,118,237,474,0,0,0,0,0,0,0,0
8,6,4030,0,5,133,266,533,0,0,0,0,0,0,0,0
0,0,0,0,0,0,0,0,0,0,0,0,0,0,0,0
10,5,3323,1,0,51,102,204,0,0,0,0,0,0,0,0
0,0,0,0,0,0,0,0,0,0,0,0,0,0,0,0
0,0,0,0,0,0,0,0,0,0,0,0,0,0,0,0
0,0,0,0,0,0,0,0,0,0,0,0,0,0,0,0
0,0,0,0,0,0,0,0,0,0,0,0,0,0,0,0
10,5,938,1,1,94,189,378,0,0,0,0,0,0,0,0
10,6,4095,1,0,18,36,73,0,0,0,0,0,0,0,0
10,6,1711,0,2,39,79,158,0,0,0,0,0,0,0,0
10,5,1614,0,2,1,2,5,0,0,0,0,0,0,0,0
0,0,0,0,0,0,0,0,0,0,0,0,0,0,0,0
8,4,3900,0,5,155,311,622,0,0,0,0,0,0,0,0
8,6,4030,0,5,11,22,45,0,0,0,0,0,0,0,0
0,0,0,0,0,0,0,0,0,0,0,0,0,0,0,0
10,6,4095,1,0,92,184,369,0,0,0,0,0,0,0,0
9,4,4000,1,3,142,284,569,0,0,0,0,0,0,0,0
10,6,2986,1,0,34,68,137,0,0,0,0,0,0,0,0
0,0,0,0,0,0,0,0,0,0,0,0,0,0,0,0
10,5,3882,1,1,66,133,266,0,0,0,0,0,0,0,0
9,4,932,1,4,107,214,428,0,0,0,0,0,0,0,0
0,0,0,0,0,0,0,0,0,0,0,0,0,0,0,0
10,4,3040,0,0,112,225,451,0,0,0,0,0,0,0,0
0,0,0,0,0,0,0,0,0,0,0,0,0,0,0,0
6,5,1341,0,7,36,73,146,3,4,229,1,15,41,83,166
10,6,4095,1,0,101,202,405,0,0,0,0,0,0,0,0
0,0,0,0,0,0,0,0,0,0,0,0,0,0,0,0
10,5,1022,1,1,43,86,172,0,0,0,0,0,0,0,0
0,0,0,0,0,0,0,0,0,0,0,0,0,0,0,0
0,0,0,0,0,0,0,0,0,0,0,0,0,0,0,0
6,6,2751,0,8,46,92,185,0,0,0,0,0,0,0,0
10,5,2303,0,1,110,220,441,0,0,0,0,0,0,0,0
0,0,0,0,0,0,0,0,0,0,0,0,0,0,0,0
10,6,2751,0,2,68,136,272,0,0,0,0,0,0,0,0
0,0,0,0,0,0,0,0,0,0,0,0,0,0,0,0
0,0,0,0,0,0,0,0,0,0,0,0,0,0,0,0
0,0,0,0,0,0,0,0,0,0,0,0,0,0,0,0
0,0,0,0,0,0,0,0,0,0,0,0,0,0,0,0
0,0,0,0,0,0,0,0,0,0,0,0,0,0,0,0
0,0,0,0,0,0,0,0,0,0,0,0,0,0,0,0
10,5,4047,0,0,146,292,585,0,0,0,0,0,0,0,0
0,0,0,0,0,0,0,0,0,0,0,0,0,0,0,0
10,5,3242,1,1,117,235,470,0,0,0,0,0,0,0,0
0,0,0,0,0,0,0,0,0,0,0,0,0,0,0,0
0,0,0,0,0,0,0,0,0,0,0,0,0,0,0,0
0,0,0,0,0,0,0,0,0,0,0,0,0,0,0,0
0,0,0,0,0,0,0,0,0,0,0,0,0,0,0,0
9,5,4001,1,3,3,6,12,0,0,0,0,0,0,0,0
0,0,0,0,0,0,0,0,0,0,0,0,0,0,0,0
0,0,0,0,0,0,0,0,0,0,0,0,0,0,0,0
10,6,2815,0,1,46,92,184,0,0,0,0,0,0,0,0
0,0,0,0,0,0,0,0,0,0,0,0,0,0,0,0
7,5,4047,1,6,74,149,299,0,0,0,0,0,0,0,0
2,4,3598,0,13,55,111,223,0,0,0,0,0,0,0,0
0,0,0,0,0,0,0,0,0,0,0,0,0,0,0,0
10,5,441,1,0,61,122,244,0,0,0,0,0,0,0,0
10,4,3324,1,0,134,268,537,0,0,0,0,0,0,0,0
10,5,687,0,2,36,73,147,0,0,0,0,0,0,0,0
8,4,975,0,5,17,35,71,0,0,0,0,0,0,0,0
10,4,3874,1,1,144,289,578,0,0,0,0,0,0,0,0
0,0,0,0,0,0,0,0,0,0,0,0,0,0,0,0
0,0,0,0,0,0,0,0,0,0,0,0,0,0,0,0
0,0,0,0,0,0,0,0,0,0,0,0,0,0,0,0
0,0,0,0,0,0,0,0,0,0,0,0,0,0,0,0
10,4,255,0,0,61,122,245,0,0,0,0,0,0,0,0
0,0,0,0,0,0,0,0,0,0,0,0,0,0,0,0
7,4,3891,1,6,75,150,300,0,0,0,0,0,0,0,0
0,0,0,0,0,0,0,0,0,0,0,0,0,0,0,0
0,0,0,0,0,0,0,0,0,0,0,0,0,0,0,0
0,0,0,0,0,0,0,0,0,0,0,0,0,0,0,0
0,0,0,0,0,0,0,0,0,0,0,0,0,0,0,0
10,5,3068,0,1,39,78,157,0,0,0,0,0,0,0,0
7,6,4090,1,7,52,105,210,0,0,0,0,0,0,0,0
10,5,3064,0,0,76,152,304,0,0,0,0,0,0,0,0
0,0,0,0,0,0,0,0,0,0,0,0,0,0,0,0
6,5,2623,0,8,139,278,557,0,0,0,0,0,0,0,0
10,5,4083,0,0,85,170,341,0,0,0,0,0,0,0,0
10,6,4095,1,0,115,230,461,0,0,0,0,0,0,0,0
4,4,303,0,10,141,283,567,0,0,0,0,0,0,0,0
2,5,4088,0,12,5,10,20,0,0,0,0,0,0,0,0
10,6,4095,1,0,11,22,45,0,0,0,0,0,0,0,0
0,0,0,0,0,0,0,0,0,0,0,0,0,0,0,0
0,0,0,0,0,0,0,0,0,0,0,0,0,0,0,0
10,6,2731,0,1,98,197,394,0,0,0,0,0,0,0,0
0,0,0,0,0,0,0,0,0,0,0,0,0,0,0,0
0,0,0,0,0,0,0,0,0,0,0,0,0,0,0,0
0,0,0,0,0,0,0,0,0,0,0,0,0,0,0,0
0,0,0,0,0,0,0,0,0,0,0,0,0,0,0,0
0,0,0,0,0,0,0,0,0,0,0,0,0,0,0,0
0,0,0,0,0,0,0,0,0,0,0,0,0,0,0,0
10,6,4095,1,0,61,122,245,0,0,0,0,0,0,0,0
5,6,1470,1,10,61,123,246,0,0,0,0,0,0,0,0
0,0,0,0,0,0,0,0,0,0,0,0,0,0,0,0
0,0,0,0,0,0,0,0,0,0,0,0,0,0,0,0
10,5,4082,1,1,43,86,172,0,0,0,0,0,0,0,0
8,4,3250,0,4,87,174,348,0,0,0,0,0,0,0,0
0,0,0,0,0,0,0,0,0,0,0,0,0,0,0,0
0,0,0,0,0,0,0,0,0,0,0,0,0,0,0,0
0,0,0,0,0,0,0,0,0,0,0,0,0,0,0,0
0,0,0,0,0,0,0,0,0,0,0,0,0,0,0,0
0,0,0,0,0,0,0,0,0,0,0,0,0,0,0,0
3,5,4092,1,14,3,6,13,0,0,0,0,0,0,0,0
0,0,0,0,0,0,0,0,0,0,0,0,0,0,0,0
0,0,0,0,0,0,0,0,0,0,0,0,0,0,0,0
0,0,0,0,0,0,0,0,0,0,0,0,0,0,0,0
0,0,0,0,0,0,0,0,0,0,0,0,0,0,0,0
10,5,3621,1,2,22,45,91,0,0,0,0,0,0,0,0
0,0,0,0,0,0,0,0,0,0,0,0,0,0,0,0
0,0,0,0,0,0,0,0,0,0,0,0,0,0,0,0
0,0,0,0,0,0,0,0,0,0,0,0,0,0,0,0
10,4,675,0,2,151,303,606,0,0,0,0,0,0,0,0
10,6,3754,1,1,23,46,93,0,0,0,0,0,0,0,0
0,0,0,0,0,0,0,0,0,0,0,0,0,0,0,0
10,5,3903,0,0,6,12,25,0,0,0,0,0,0,0,0
10,5,4092,0,0,155,310,621,0,0,0,0,0,0,0,0
0,0,0,0,0,0,0,0,0,0,0,0,0,0,0,0
0,0,0,0,0,0,0,0,0,0,0,0,0,0,0,0
9,5,2283,1,5,44,88,177,0,0,0,0,0,0,0,0
0,0,0,0,0,0,0,0,0,0,0,0,0,0,0,0
0,0,0,0,0,0,0,0,0,0,0,0,0,0,0,0
0,0,0,0,0,0,0,0,0,0,0,0,0,0,0,0
0,0,0,0,0,0,0,0,0,0,0,0,0,0,0,0
0,0,0,0,0,0,0,0,0,0,0,0,0,0,0,0
10,5,4047,0,0,107,214,429,0,0,0,0,0,0,0,0
0,0,0,0,0,0,0,0,0,0,0,0,0,0,0,0
10,4,3855,1,0,152,304,609,0,0,0,0,0,0,0,0
10,6,1374,0,2,4,8,16,0,0,0,0,0,0,0,0
9,6,3070,1,5,134,269,538,0,0,0,0,0,0,0,0
0,0,0,0,0,0,0,0,0,0,0,0,0,0,0,0
8,4,1324,0,4,5,11,22,0,0,0,0,0,0,0,0
0,0,0,0,0,0,0,0,0,0,0,0,0,0,0,0
9,5,937,1,3,121,242,485,0,0,0,0,0,0,0,0
0,0,0,0,0,0,0,0,0,0,0,0,0,0,0,0
0,0,0,0,0,0,0,0,0,0,0,0,0,0,0,0
0,0,0,0,0,0,0,0,0,0,0,0,0,0,0,0
0,0,0,0,0,0,0,0,0,0,0,0,0,0,0,0
10,5,441,1,0,147,294,588,0,0,0,0,0,0,0,0
0,0,0,0,0,0,0,0,0,0,0,0,0,0,0,0
0,0,0,0,0,0,0,0,0,0,0,0,0,0,0,0
10,5,4088,1,1,142,284,568,0,0,0,0,0,0,0,0
0,0,0,0,0,0,0,0,0,0,0,0,0,0,0,0
0,0,0,0,0,0,0,0,0,0,0,0,0,0,0,0
0,0,0,0,0,0,0,0,0,0,0,0,0,0,0,0
10,4,2227,0,1,6,12,24,0,0,0,0,0,0,0,0
2,6,2391,0,14,92,185,371,0,0,0,0,0,0,0,0
0,0,0,0,0,0,0,0,0,0,0,0,0,0,0,0
10,6,4079,1,0,155,310,620,0,0,0,0,0,0,0,0
10,6,2746,0,0,4,9,18,0,0,0,0,0,0,0,0
10,4,975,0,0,138,276,553,0,0,0,0,0,0,0,0
0,0,0,0,0,0,0,0,0,0,0,0,0,0,0,0
0,0,0,0,0,0,0,0,0,0,0,0,0,0,0,0
0,0,0,0,0,0,0,0,0,0,0,0,0,0,0,0
0,0,0,0,0,0,0,0,0,0,0,0,0,0,0,0
10,4,255,0,0,41,82,165,0,0,0,0,0,0,0,0
6,4,947,0,6,104,209,418,0,0,0,0,0,0,0,0
0,0,0,0,0,0,0,0,0,0,0,0,0,0,0,0
0,0,0,0,0,0,0,0,0,0,0,0,0,0,0,0
0,0,0,0,0,0,0,0,0,0,0,0,0,0,0,0
9,4,3011,1,5,31,63,126,0,0,0,0,0,0,0,0
0,0,0,0,0,0,0,0,0,0,0,0,0,0,0,0
2,5,4008,0,12,5,11,22,0,0,0,0,0,0,0,0
10,5,3903,0,0,16,32,65,0,0,0,0,0,0,0,0
6,4,2111,0,8,139,278,557,0,0,0,0,0,0,0,0
10,4,3113,1,2,85,170,341,0,0,0,0,0,0,0,0
10,5,3327,1,0,115,230,461,0,0,0,0,0,0,0,0
0,0,0,0,0,0,0,0,0,0,0,0,0,0,0,0
0,0,0,0,0,0,0,0,0,0,0,0,0,0,0,0
0,0,0,0,0,0,0,0,0,0,0,0,0,0,0,0
0,0,0,0,0,0,0,0,0,0,0,0,0,0,0,0
0,0,0,0,0,0,0,0,0,0,0,0,0,0,0,0
0,0,0,0,0,0,0,0,0,0,0,0,0,0,0,0
10,4,810,1,2,139,279,558,0,0,0,0,0,0,0,0
9,4,230,1,3,41,83,166,0,0,0,0,0,0,0,0
9,5,2287,1,4,16,33,66,0,0,0,0,0,0,0,0
0,0,0,0,0,0,0,0,0,0,0,0,0,0,0,0
8,4,2856,0,4,133,267,534,0,0,0,0,0,0,0,0
0,0,0,0,0,0,0,0,0,0,0,0,0,0,0,0
0,0,0,0,0,0,0,0,0,0,0,0,0,0,0,0
0,0,0,0,0,0,0,0,0,0,0,0,0,0,0,0
0,0,0,0,0,0,0,0,0,0,0,0,0,0,0,0
0,0,0,0,0,0,0,0,0,0,0,0,0,0,0,0
10,5,2303,0,1,130,260,521,0,0,0,0,0,0,0,0
8,4,1295,0,3,53,107,214,0,0,0,0,0,0,0,0
3,6,3050,1,14,152,305,610,0,0,0,0,0,0,0,0
0,0,0,0,0,0,0,0,0,0,0,0,0,0,0,0
10,6,3966,1,0,97,195,391,0,0,0,0,0,0,0,0
10,4,3635,0,0,90,180,360,0,0,0,0,0,0,0,0
3,5,4092,1,14,3,6,13,5,4,3857,1,9,87,175,350
10,6,4095,1,0,104,208,417,0,0,0,0,0,0,0,0
10,4,191,0,2,25,50,100,0,0,0,0,0,0,0,0
10,6,2986,1,0,130,260,521,0,0,0,0,0,0,0,0
3,4,969,1,15,92,185,371,0,0,0,0,0,0,0,0
0,0,0,0,0,0,0,0,0,0,0,0,0,0,0,0
10,6,3754,1,1,43,86,173,0,0,0,0,0,0,0,0
0,0,0,0,0,0,0,0,0,0,0,0,0,0,0,0
10,4,2291,0,1,74,148,297,0,0,0,0,0,0,0,0
10,6,4095,1,0,83,166,333,0,0,0,0,0,0,0,0
0,0,0,0,0,0,0,0,0,0,0,0,0,0,0,0
0,0,0,0,0,0,0,0,0,0,0,0,0,0,0,0
10,5,2607,0,1,64,129,259,0,0,0,0,0,0,0,0
0,0,0,0,0,0,0,0,0,0,0,0,0,0,0,0
0,0,0,0,0,0,0,0,0,0,0,0,0,0,0,0
0,0,0,0,0,0,0,0,0,0,0,0,0,0,0,0
10,6,4094,1,1,43,86,172,0,0,0,0,0,0,0,0
0,0,0,0,0,0,0,0,0,0,0,0,0,0,0,0
0,0,0,0,0,0,0,0,0,0,0,0,0,0,0,0
0,0,0,0,0,0,0,0,0,0,0,0,0,0,0,0
10,5,1023,1,0,62,124,249,0,0,0,0,0,0,0,0
4,6,1455,0,9,47,94,188,0,0,0,0,0,0,0,0
10,4,2111,0,1,148,296,592,0,0,0,0,0,0,0,0
0,0,0,0,0,0,0,0,0,0,0,0,0,0,0,0
10,5,1018,1,2,7,14,28,0,0,0,0,0,0,0,0
10,4,3134,1,1,155,310,620,0,0,0,0,0,0,0,0
0,0,0,0,0,0,0,0,0,0,0,0,0,0,0,0
0,0,0,0,0,0,0,0,0,0,0,0,0,0,0,0
10,6,2735,0,1,8,17,35,0,0,0,0,0,0,0,0
10,6,4090,1,1,20,41,83,0,0,0,0,0,0,0,0
10,6,2815,0,1,110,220,440,0,0,0,0,0,0,0,0
0,0,0,0,0,0,0,0,0,0,0,0,0,0,0,0
10,4,3135,1,0,155,310,621,0,0,0,0,0,0,0,0
10,5,954,1,1,4,9,19,0,0,0,0,0,0,0,0
0,0,0,0,0,0,0,0,0,0,0,0,0,0,0,0
0,0,0,0,0,0,0,0,0,0,0,0,0,0,0,0
0,0,0,0,0,0,0,0,0,0,0,0,0,0,0,0
0,0,0,0,0,0,0,0,0,0,0,0,0,0,0,0
10,5,2723,0,1,138,277,554,0,0,0,0,0,0,0,0
0,0,0,0,0,0,0,0,0,0,0,0,0,0,0,0
0,0,0,0,0,0,0,0,0,0,0,0,0,0,0,0
0,0,0,0,0,0,0,0,0,0,0,0,0,0,0,0
0,0,0,0,0,0,0,0,0,0,0,0,0,0,0,0
0,0,0,0,0,0,0,0,0,0,0,0,0,0,0,0
0,0,0,0,0,0,0,0,0,0,0,0,0,0,0,0
0,0,0,0,0,0,0,0,0,0,0,0,0,0,0,0
10,6,4095,1,0,59,118,237,0,0,0,0,0,0,0,0
0,0,0,0,0,0,0,0,0,0,0,0,0,0,0,0
10,5,4024,1,1,0,1,3,0,0,0,0,0,0,0,0
0,0,0,0,0,0,0,0,0,0,0,0,0,0,0,0
10,6,3007,0,1,117,234,468,0,0,0,0,0,0,0,0
4,5,2949,0,11,81,163,327,0,0,0,0,0,0,0,0
10,4,1020,1,0,98,196,393,0,0,0,0,0,0,0,0
4,6,1403,0,9,50,101,203,0,0,0,0,0,0,0,0
0,0,0,0,0,0,0,0,0,0,0,0,0,0,0,0
9,5,2607,1,4,50,101,202,0,0,0,0,0,0,0,0
0,0,0,0,0,0,0,0,0,0,0,0,0,0,0,0
10,6,4095,1,0,139,278,557,0,0,0,0,0,0,0,0
10,5,4083,0,0,134,268,537,0,0,0,0,0,0,0,0
0,0,0,0,0,0,0,0,0,0,0,0,0,0,0,0
10,5,4092,0,0,88,176,353,0,0,0,0,0,0,0,0
0,0,0,0,0,0,0,0,0,0,0,0,0,0,0,0
0,0,0,0,0,0,0,0,0,0,0,0,0,0,0,0
0,0,0,0,0,0,0,0,0,0,0,0,0,0,0,0
0,0,0,0,0,0,0,0,0,0,0,0,0,0,0,0
10,6,1374,0,2,147,294,588,0,0,0,0,0,0,0,0
0,0,0,0,0,0,0,0,0,0,0,0,0,0,0,0
0,0,0,0,0,0,0,0,0,0,0,0,0,0,0,0
0,0,0,0,0,0,0,0,0,0,0,0,0,0,0,0
10,6,4010,1,1,139,279,558,0,0,0,0,0,0,0,0
10,4,234,1,2,41,83,167,0,0,0,0,0,0,0,0
10,5,2803,0,1,133,266,532,0,0,0,0,0,0,0,0
0,0,0,0,0,0,0,0,0,0,0,0,0,0,0,0
0,0,0,0,0,0,0,0,0,0,0,0,0,0,0,0
10,4,994,1,2,32,65,131,0,0,0,0,0,0,0,0
10,5,3903,0,0,147,294,589,0,0,0,0,0,0,0,0
0,0,0,0,0,0,0,0,0,0,0,0,0,0,0,0
10,4,1004,1,0,137,274,548,0,0,0,0,0,0,0,0
8,4,419,0,3,79,158,317,0,0,0,0,0,0,0,0
10,6,4094,1,1,129,258,516,0,0,0,0,0,0,0,0
3,4,376,1,12,20,40,81,0,0,0,0,0,0,0,0
10,6,4090,1,1,113,227,455,0,0,0,0,0,0,0,0
4,6,1663,0,9,115,230,460,0,0,0,0,0,0,0,0
0,0,0,0,0,0,0,0,0,0,0,0,0,0,0,0
10,6,4095,1,0,122,244,489,0,0,0,0,0,0,0,0
10,6,4094,1,1,2,4,8,0,0,0,0,0,0,0,0
10,5,3882,1,1,150,301,602,0,0,0,0,0,0,0,0
2,6,2986,0,13,89,178,357,0,0,0,0,0,0,0,0
10,5,438,0,0,61,122,244,0,0,0,0,0,0,0,0
10,6,4095,1,0,26,52,105,0,0,0,0,0,0,0,0
0,0,0,0,0,0,0,0,0,0,0,0,0,0,0,0
10,4,2300,0,2,74,148,297,0,0,0,0,0,0,0,0
0,0,0,0,0,0,0,0,0,0,0,0,0,0,0,0
0,0,0,0,0,0,0,0,0,0,0,0,0,0,0,0
10,6,4095,1,0,76,152,305,0,0,0,0,0,0,0,0
0,0,0,0,0,0,0,0,0,0,0,0,0,0,0,0
0,0,0,0,0,0,0,0,0,0,0,0,0,0,0,0
9,4,3728,1,4,1,2,5,0,0,0,0,0,0,0,0
7,6,2966,1,7,140,281,562,0,0,0,0,0,0,0,0
0,0,0,0,0,0,0,0,0,0,0,0,0,0,0,0
0,0,0,0,0,0,0,0,0,0,0,0,0,0,0,0
0,0,0,0,0,0,0,0,0,0,0,0,0,0,0,0
10,4,3279,1,0,93,186,373,0,0,0,0,0,0,0,0
10,5,3327,1,0,120,240,481,0,0,0,0,0,0,0,0
0,0,0,0,0,0,0,0,0,0,0,0,0,0,0,0
0,0,0,0,0,0,0,0,0,0,0,0,0,0,0,0
10,6,2731,0,1,70,141,282,0,0,0,0,0,0,0,0
0,0,0,0,0,0,0,0,0,0,0,0,0,0,0,0
7,5,2282,1,6,66,132,264,0,0,0,0,0,0,0,0
3,4,969,1,15,92,185,371,0,0,0,0,0,0,0,0
0,0,0,0,0,0,0,0,0,0,0,0,0,0,0,0
0,0,0,0,0,0,0,0,0,0,0,0,0,0,0,0
10,5,3242,1,1,151,303,606,0,0,0,0,0,0,0,0
10,5,4024,1,1,0,1,3,0,0,0,0,0,0,0,0
0,0,0,0,0,0,0,0,0,0,0,0,0,0,0,0
10,4,956,0,0,83,166,332,0,0,0,0,0,0,0,0
0,0,0,0,0,0,0,0,0,0,0,0,0,0,0,0
8,5,3722,0,4,103,207,415,8,4,1580,0,3,64,129,259
4,5,3322,0,11,81,163,327,0,0,0,0,0,0,0,0
0,0,0,0,0,0,0,0,0,0,0,0,0,0,0,0
10,5,683,0,1,119,239,478,0,0,0,0,0,0,0,0
0,0,0,0,0,0,0,0,0,0,0,0,0,0,0,0
10,4,1020,1,0,106,212,425,0,0,0,0,0,0,0,0
0,0,0,0,0,0,0,0,0,0,0,0,0,0,0,0
10,6,2555,0,1,6,13,27,0,0,0,0,0,0,0,0
10,4,1859,0,2,155,311,622,0,0,0,0,0,0,0,0
10,5,3068,0,1,148,296,593,0,0,0,0,0,0,0,0
0,0,0,0,0,0,0,0,0,0,0,0,0,0,0,0
0,0,0,0,0,0,0,0,0,0,0,0,0,0,0,0
10,6,3839,0,0,54,108,217,0,0,0,0,0,0,0,0
0,0,0,0,0,0,0,0,0,0,0,0,0,0,0,0
10,4,2892,0,1,19,39,79,0,0,0,0,0,0,0,0
2,4,2528,0,14,158,317,634,0,0,0,0,0,0,0,0
0,0,0,0,0,0,0,0,0,0,0,0,0,0,0,0
3,5,507,1,12,96,193,387,0,0,0,0,0,0,0,0
10,6,4095,1,0,86,172,345,0,0,0,0,0,0,0,0
0,0,0,0,0,0,0,0,0,0,0,0,0,0,0,0
0,0,0,0,0,0,0,0,0,0,0,0,0,0,0,0
10,6,4095,1,0,127,254,509,0,0,0,0,0,0,0,0
0,0,0,0,0,0,0,0,0,0,0,0,0,0,0,0
0,0,0,0,0,0,0,0,0,0,0,0,0,0,0,0
3,4,1020,1,15,113,226,453,0,0,0,0,0,0,0,0
0,0,0,0,0,0,0,0,0,0,0,0,0,0,0,0
0,0,0,0,0,0,0,0,0,0,0,0,0,0,0,0
10,5,3327,1,0,1,2,5,0,0,0,0,0,0,0,0
0,0,0,0,0,0,0,0,0,0,0,0,0,0,0,0
10,5,4092,0,0,73,146,293,0,0,0,0,0,0,0,0
10,6,4031,0,0,86,172,345,0,0,0,0,0,0,0,0
7,4,214,1,8,123,247,495,0,0,0,0,0,0,0,0
9,5,3732,1,4,68,137,274,0,0,0,0,0,0,0,0
0,0,0,0,0,0,0,0,0,0,0,0,0,0,0,0
10,6,3759,0,0,112,225,451,0,0,0,0,0,0,0,0
8,5,1599,0,3,110,221,443,0,0,0,0,0,0,0,0
0,0,0,0,0,0,0,0,0,0,0,0,0,0,0,0
2,4,428,0,15,105,211,423,0,0,0,0,0,0,0,0
8,5,3725,0,4,116,233,467,0,0,0,0,0,0,0,0
9,5,3305,1,3,2,4,9,0,0,0,0,0,0,0,0
6,6,1402,0,8,150,301,602,0,0,0,0,0,0,0,0
0,0,0,0,0,0,0,0,0,0,0,0,0,0,0,0
8,5,4028,0,5,70,141,282,0,0,0,0,0,0,0,0
10,4,2575,0,1,133,266,532,0,0,0,0,0,0,0,0
3,6,3775,1,12,9,18,36,0,0,0,0,0,0,0,0
9,4,2571,1,4,22,44,89,0,0,0,0,0,0,0,0
10,5,2739,0,1,102,204,408,0,0,0,0,0,0,0,0
10,6,4010,1,1,32,65,130,0,0,0,0,0,0,0,0
10,4,255,0,0,16,32,65,0,0,0,0,0,0,0,0
10,6,4095,1,0,62,124,249,0,0,0,0,0,0,0,0
0,0,0,0,0,0,0,0,0,0,0,0,0,0,0,0
3,6,3754,1,14,76,153,306,0,0,0,0,0,0,0,0
10,6,4095,1,0,157,314,629,0,0,0,0,0,0,0,0
10,5,2303,0,1,8,16,33,0,0,0,0,0,0,0,0
10,6,3071,0,1,48,96,193,0,0,0,0,0,0,0,0
0,0,0,0,0,0,0,0,0,0,0,0,0,0,0,0
0,0,0,0,0,0,0,0,0,0,0,0,0,0,0,0
0,0,0,0,0,0,0,0,0,0,0,0,0,0,0,0
10,5,2219,0,1,122,245,490,0,0,0,0,0,0,0,0
10,6,4078,1,1,28,57,115,0,0,0,0,0,0,0,0
10,6,1707,0,2,30,61,122,0,0,0,0,0,0,0,0
10,5,3621,1,2,141,283,567,0,0,0,0,0,0,0,0
7,6,2794,1,6,134,268,536,0,0,0,0,0,0,0,0
0,0,0,0,0,0,0,0,0,0,0,0,0,0,0,0
0,0,0,0,0,0,0,0,0,0,0,0,0,0,0,0
10,4,3135,1,0,49,98,197,0,0,0,0,0,0,0,0
3,5,1017,1,15,137,275,551,0,0,0,0,0,0,0,0
0,0,0,0,0,0,0,0,0,0,0,0,0,0,0,0
0,0,0,0,0,0,0,0,0,0,0,0,0,0,0,0
0,0,0,0,0,0,0,0,0,0,0,0,0,0,0,0
8,6,1387,0,3,27,54,108,0,0,0,0,0,0,0,0
0,0,0,0,0,0,0,0,0,0,0,0,0,0,0,0
0,0,0,0,0,0,0,0,0,0,0,0,0,0,0,0
10,6,4095,1,0,138,276,553,0,0,0,0,0,0,0,0
0,0,0,0,0,0,0,0,0,0,0,0,0,0,0,0
9,4,3233,1,3,97,194,388,0,0,0,0,0,0,0,0
0,0,0,0,0,0,0,0,0,0,0,0,0,0,0,0
4,6,1387,0,9,108,217,434,0,0,0,0,0,0,0,0
0,0,0,0,0,0,0,0,0,0,0,0,0,0,0,0
5,4,508,1,11,104,208,416,0,0,0,0,0,0,0,0
10,4,4064,1,2,91,183,366,0,0,0,0,0,0,0,0
7,4,3850,1,8,16,32,65,0,0,0,0,0,0,0,0
10,4,3976,1,2,53,107,214,0,0,0,0,0,0,0,0
0,0,0,0,0,0,0,0,0,0,0,0,0,0,0,0
0,0,0,0,0,0,0,0,0,0,0,0,0,0,0,0
0,0,0,0,0,0,0,0,0,0,0,0,0,0,0,0
10,4,3760,0,0,102,205,411,0,0,0,0,0,0,0,0
0,0,0,0,0,0,0,0,0,0,0,0,0,0,0,0
10,6,4095,1,0,127,254,509,0,0,0,0,0,0,0,0
2,4,2032,0,15,53,106,212,0,0,0,0,0,0,0,0
10,5,4047,0,0,63,126,253,0,0,0,0,0,0,0,0
8,5,363,0,4,23,46,92,0,0,0,0,0,0,0,0
8,5,1199,0,3,110,221,442,0,0,0,0,0,0,0,0
0,0,0,0,0,0,0,0,0,0,0,0,0,0,0,0
0,0,0,0,0,0,0,0,0,0,0,0,0,0,0,0
0,0,0,0,0,0,0,0,0,0,0,0,0,0,0,0
10,6,1451,0,2,155,310,621,0,0,0,0,0,0,0,0
8,5,1724,0,4,10,20,40,0,0,0,0,0,0,0,0
0,0,0,0,0,0,0,0,0,0,0,0,0,0,0,0
2,5,3736,0,12,92,184,368,0,0,0,0,0,0,0,0
10,5,2978,1,0,80,161,322,0,0,0,0,0,0,0,0
0,0,0,0,0,0,0,0,0,0,0,0,0,0,0,0
0,0,0,0,0,0,0,0,0,0,0,0,0,0,0,0
0,0,0,0,0,0,0,0,0,0,0,0,0,0,0,0
10,5,3048,1,0,153,307,614,0,0,0,0,0,0,0,0
10,5,4083,0,0,3,6,13,0,0,0,0,0,0,0,0
10,6,4095,1,0,131,262,525,0,0,0,0,0,0,0,0
0,0,0,0,0,0,0,0,0,0,0,0,0,0,0,0
8,4,428,0,4,110,221,442,0,0,0,0,0,0,0,0
3,5,933,1,15,54,108,217,0,0,0,0,0,0,0,0
0,0,0,0,0,0,0,0,0,0,0,0,0,0,0,0
0,0,0,0,0,0,0,0,0,0,0,0,0,0,0,0
0,0,0,0,0,0,0,0,0,0,0,0,0,0,0,0
9,4,2095,1,4,68,137,274,0,0,0,0,0,0,0,0
0,0,0,0,0,0,0,0,0,0,0,0,0,0,0,0
6,4,2236,0,8,24,48,97,0,0,0,0,0,0,0,0
2,5,4008,0,12,5,11,22,0,0,0,0,0,0,0,0
2,4,1776,0,15,146,292,584,0,0,0,0,0,0,0,0
0,0,0,0,0,0,0,0,0,0,0,0,0,0,0,0
10,4,4080,0,0,138,276,553,0,0,0,0,0,0,0,0
10,5,4092,0,0,106,212,425,0,0,0,0,0,0,0,0
0,0,0,0,0,0,0,0,0,0,0,0,0,0,0,0
0,0,0,0,0,0,0,0,0,0,0,0,0,0,0,0
0,0,0,0,0,0,0,0,0,0,0,0,0,0,0,0
10,6,4095,1,0,77,154,309,0,0,0,0,0,0,0,0
9,6,2799,1,4,22,45,90,0,0,0,0,0,0,0,0
10,6,3839,0,0,97,194,389,0,0,0,0,0,0,0,0
0,0,0,0,0,0,0,0,0,0,0,0,0,0,0,0
0,0,0,0,0,0,0,0,0,0,0,0,0,0,0,0
10,6,2751,0,2,106,212,424,0,0,0,0,0,0,0,0
3,5,3409,1,14,8,17,34,0,0,0,0,0,0,0,0
10,6,2731,0,1,151,303,606,0,0,0,0,0,0,0,0
0,0,0,0,0,0,0,0,0,0,0,0,0,0,0,0
0,0,0,0,0,0,0,0,0,0,0,0,0,0,0,0
0,0,0,0,0,0,0,0,0,0,0,0,0,0,0,0
10,5,1309,0,1,149,299,599,0,0,0,0,0,0,0,0
0,0,0,0,0,0,0,0,0,0,0,0,0,0,0,0
10,5,1023,1,0,14,28,57,0,0,0,0,0,0,0,0
9,5,2287,1,4,22,45,90,0,0,0,0,0,0,0,0
10,6,2735,0,1,8,17,35,0,0,0,0,0,0,0,0
10,6,4090,1,1,20,41,83,0,0,0,0,0,0,0,0
0,0,0,0,0,0,0,0,0,0,0,0,0,0,0,0
0,0,0,0,0,0,0,0,0,0,0,0,0,0,0,0
0,0,0,0,0,0,0,0,0,0,0,0,0,0,0,0
0,0,0,0,0,0,0,0,0,0,0,0,0,0,0,0
10,6,4095,1,0,122,244,489,10,4,4035,1,0,24,48,97
0,0,0,0,0,0,0,0,0,0,0,0,0,0,0,0
10,4,3696,1,0,102,204,409,0,0,0,0,0,0,0,0
10,5,2303,0,1,112,224,449,0,0,0,0,0,0,0,0
10,6,2731,0,1,38,77,154,0,0,0,0,0,0,0,0
0,0,0,0,0,0,0,0,0,0,0,0,0,0,0,0
0,0,0,0,0,0,0,0,0,0,0,0,0,0,0,0
10,6,3003,0,0,139,279,559,0,0,0,0,0,0,0,0
0,0,0,0,0,0,0,0,0,0,0,0,0,0,0,0
9,6,3733,1,3,88,177,355,0,0,0,0,0,0,0,0
0,0,0,0,0,0,0,0,0,0,0,0,0,0,0,0
6,4,2355,0,8,95,190,380,0,0,0,0,0,0,0,0
10,4,4035,1,0,117,234,469,0,0,0,0,0,0,0,0
0,0,0,0,0,0,0,0,0,0,0,0,0,0,0,0
0,0,0,0,0,0,0,0,0,0,0,0,0,0,0,0
0,0,0,0,0,0,0,0,0,0,0,0,0,0,0,0
10,4,810,1,2,118,237,474,0,0,0,0,0,0,0,0
0,0,0,0,0,0,0,0,0,0,0,0,0,0,0,0
10,5,1023,1,0,108,216,433,0,0,0,0,0,0,0,0
0,0,0,0,0,0,0,0,0,0,0,0,0,0,0,0
10,5,3903,0,0,126,252,505,0,0,0,0,0,0,0,0
10,5,4092,0,0,142,284,569,0,0,0,0,0,0,0,0
10,4,3855,1,0,44,88,177,0,0,0,0,0,0,0,0
0,0,0,0,0,0,0,0,0,0,0,0,0,0,0,0
0,0,0,0,0,0,0,0,0,0,0,0,0,0,0,0
0,0,0,0,0,0,0,0,0,0,0,0,0,0,0,0
0,0,0,0,0,0,0,0,0,0,0,0,0,0,0,0
0,0,0,0,0,0,0,0,0,0,0,0,0,0,0,0
10,5,2703,0,1,109,219,439,0,0,0,0,0,0,0,0
0,0,0,0,0,0,0,0,0,0,0,0,0,0,0,0
10,4,2700,0,2,103,207,415,0,0,0,0,0,0,0,0
10,5,2623,0,1,97,194,388,0,0,0,0,0,0,0,0
0,0,0,0,0,0,0,0,0,0,0,0,0,0,0,0
0,0,0,0,0,0,0,0,0,0,0,0,0,0,0,0
8,5,3646,0,5,110,220,441,0,0,0,0,0,0,0,0
3,5,937,1,15,54,109,218,0,0,0,0,0,0,0,0
3,6,3737,1,15,118,236,472,0,0,0,0,0,0,0,0
0,0,0,0,0,0,0,0,0,0,0,0,0,0,0,0
10,6,4095,1,0,113,226,453,0,0,0,0,0,0,0,0
10,6,4095,1,0,120,240,481,0,0,0,0,0,0,0,0
9,4,3984,1,5,58,117,234,0,0,0,0,0,0,0,0
9,4,4000,1,3,91,182,365,0,0,0,0,0,0,0,0
8,5,3898,0,4,87,174,348,0,0,0,0,0,0,0,0
0,0,0,0,0,0,0,0,0,0,0,0,0,0,0,0
0,0,0,0,0,0,0,0,0,0,0,0,0,0,0,0
0,0,0,0,0,0,0,0,0,0,0,0,0,0,0,0
0,0,0,0,0,0,0,0,0,0,0,0,0,0,0,0
0,0,0,0,0,0,0,0,0,0,0,0,0,0,0,0
8,5,1679,0,3,79,159,319,0,0,0,0,0,0,0,0
0,0,0,0,0,0,0,0,0,0,0,0,0,0,0,0
0,0,0,0,0,0,0,0,0,0,0,0,0,0,0,0
10,6,2815,0,1,18,36,72,0,0,0,0,0,0,0,0
0,0,0,0,0,0,0,0,0,0,0,0,0,0,0,0
10,6,4090,1,1,100,201,403,0,0,0,0,0,0,0,0
7,4,3850,1,8,77,154,309,0,0,0,0,0,0,0,0
10,5,767,0,1,13,26,52,0,0,0,0,0,0,0,0
10,4,684,0,2,108,217,435,0,0,0,0,0,0,0,0
4,6,1407,0,10,101,202,404,0,0,0,0,0,0,0,0
10,4,654,0,0,107,215,430,0,0,0,0,0,0,0,0
0,0,0,0,0,0,0,0,0,0,0,0,0,0,0,0
10,6,4095,1,0,152,304,609,0,0,0,0,0,0,0,0
10,5,751,0,1,4,8,16,0,0,0,0,0,0,0,0
9,6,3070,1,5,134,269,538,0,0,0,0,0,0,0,0
10,5,4092,0,0,157,314,629,0,0,0,0,0,0,0,0
10,5,687,0,2,5,11,23,0,0,0,0,0,0,0,0
9,5,1001,1,4,121,243,486,0,0,0,0,0,0,0,0
8,6,3774,0,5,99,198,397,0,0,0,0,0,0,0,0
10,4,4080,0,0,70,140,281,0,0,0,0,0,0,0,0
0,0,0,0,0,0,0,0,0,0,0,0,0,0,0,0
0,0,0,0,0,0,0,0,0,0,0,0,0,0,0,0
0,0,0,0,0,0,0,0,0,0,0,0,0,0,0,0
7,6,3050,1,6,66,132,265,0,0,0,0,0,0,0,0
0,0,0,0,0,0,0,0,0,0,0,0,0,0,0,0
0,0,0,0,0,0,0,0,0,0,0,0,0,0,0,0
0,0,0,0,0,0,0,0,0,0,0,0,0,0,0,0
0,0,0,0,0,0,0,0,0,0,0,0,0,0,0,0
3,4,632,1,14,20,40,81,0,0,0,0,0,0,0,0
0,0,0,0,0,0,0,0,0,0,0,0,0,0,0,0
0,0,0,0,0,0,0,0,0,0,0,0,0,0,0,0
0,0,0,0,0,0,0,0,0,0,0,0,0,0,0,0
8,4,690,0,5,105,210,420,0,0,0,0,0,0,0,0
10,6,2985,1,1,107,214,428,0,0,0,0,0,0,0,0
0,0,0,0,0,0,0,0,0,0,0,0,0,0,0,0
0,0,0,0,0,0,0,0,0,0,0,0,0,0,0,0
0,0,0,0,0,0,0,0,0,0,0,0,0,0,0,0
10,6,4094,1,1,98,196,392,0,0,0,0,0,0,0,0
9,4,4000,1,3,64,128,257,0,0,0,0,0,0,0,0
0,0,0,0,0,0,0,0,0,0,0,0,0,0,0,0
8,5,4028,0,5,21,43,86,0,0,0,0,0,0,0,0
0,0,0,0,0,0,0,0,0,0,0,0,0,0,0,0
10,5,1023,1,0,141,282,565,0,0,0,0,0,0,0,0
3,4,1020,1,15,113,226,453,0,0,0,0,0,0,0,0
0,0,0,0,0,0,0,0,0,0,0,0,0,0,0,0
0,0,0,0,0,0,0,0,0,0,0,0,0,0,0,0
8,5,1708,0,3,119,239,479,0,0,0,0,0,0,0,0
0,0,0,0,0,0,0,0,0,0,0,0,0,0,0,0
10,6,4095,1,0,106,212,425,0,0,0,0,0,0,0,0
0,0,0,0,0,0,0,0,0,0,0,0,0,0,0,0
0,0,0,0,0,0,0,0,0,0,0,0,0,0,0,0
0,0,0,0,0,0,0,0,0,0,0,0,0,0,0,0
10,4,3324,1,0,156,312,625,0,0,0,0,0,0,0,0
10,5,938,1,1,7,15,30,0,0,0,0,0,0,0,0
0,0,0,0,0,0,0,0,0,0,0,0,0,0,0,0
0,0,0,0,0,0,0,0,0,0,0,0,0,0,0,0
0,0,0,0,0,0,0,0,0,0,0,0,0,0,0,0
0,0,0,0,0,0,0,0,0,0,0,0,0,0,0,0
3,5,507,1,12,96,193,387,0,0,0,0,0,0,0,0
10,5,2723,0,1,21,43,86,0,0,0,0,0,0,0,0
9,4,809,1,3,53,106,213,0,0,0,0,0,0,0,0
0,0,0,0,0,0,0,0,0,0,0,0,0,0,0,0
0,0,0,0,0,0,0,0,0,0,0,0,0,0,0,0
5,5,4037,1,9,101,203,407,8,4,3900,0,5,70,141,282
9,5,2287,1,4,16,33,66,0,0,0,0,0,0,0,0
0,0,0,0,0,0,0,0,0,0,0,0,0,0,0,0
0,0,0,0,0,0,0,0,0,0,0,0,0,0,0,0
0,0,0,0,0,0,0,0,0,0,0,0,0,0,0,0
0,0,0,0,0,0,0,0,0,0,0,0,0,0,0,0
0,0,0,0,0,0,0,0,0,0,0,0,0,0,0,0
10,5,3752,1,1,61,122,245,0,0,0,0,0,0,0,0
8,5,447,0,4,138,277,555,0,0,0,0,0,0,0,0
0,0,0,0,0,0,0,0,0,0,0,0,0,0,0,0
10,5,4047,0,0,19,38,77,0,0,0,0,0,0,0,0
10,6,4090,1,1,60,121,243,0,0,0,0,0,0,0,0
10,5,2958,0,0,103,207,415,0,0,0,0,0,0,0,0
0,0,0,0,0,0,0,0,0,0,0,0,0,0,0,0
10,6,1707,0,2,30,61,122,0,0,0,0,0,0,0,0
10,5,4088,1,1,85,170,340,0,0,0,0,0,0,0,0
10,5,1018,1,2,58,116,232,0,0,0,0,0,0,0,0
10,6,4095,1,0,49,98,197,0,0,0,0,0,0,0,0
8,4,3213,0,4,117,234,468,0,0,0,0,0,0,0,0
0,0,0,0,0,0,0,0,0,0,0,0,0,0,0,0
0,0,0,0,0,0,0,0,0,0,0,0,0,0,0,0
10,6,1451,0,2,153,306,613,0,0,0,0,0,0,0,0
9,6,2799,1,4,138,277,554,0,0,0,0,0,0,0,0
0,0,0,0,0,0,0,0,0,0,0,0,0,0,0,0
0,0,0,0,0,0,0,0,0,0,0,0,0,0,0,0
0,0,0,0,0,0,0,0,0,0,0,0,0,0,0,0
10,5,3241,1,2,40,80,161,0,0,0,0,0,0,0,0
0,0,0,0,0,0,0,0,0,0,0,0,0,0,0,0
9,5,3237,1,3,123,246,492,0,0,0,0,0,0,0,0
0,0,0,0,0,0,0,0,0,0,0,0,0,0,0,0
5,4,901,1,9,137,275,550,0,0,0,0,0,0,0,0
0,0,0,0,0,0,0,0,0,0,0,0,0,0,0,0
0,0,0,0,0,0,0,0,0,0,0,0,0,0,0,0
0,0,0,0,0,0,0,0,0,0,0,0,0,0,0,0
10,5,3626,1,1,142,285,570,0,0,0,0,0,0,0,0
0,0,0,0,0,0,0,0,0,0,0,0,0,0,0,0
10,6,2475,0,1,28,56,113,0,0,0,0,0,0,0,0
10,5,1023,1,0,43,86,173,0,0,0,0,0,0,0,0
0,0,0,0,0,0,0,0,0,0,0,0,0,0,0,0
0,0,0,0,0,0,0,0,0,0,0,0,0,0,0,0
0,0,0,0,0,0,0,0,0,0,0,0,0,0,0,0
0,0,0,0,0,0,0,0,0,0,0,0,0,0,0,0
0,0,0,0,0,0,0,0,0,0,0,0,0,0,0,0
10,6,4095,1,0,62,124,249,0,0,0,0,0,0,0,0
6,6,1390,0,8,46,93,186,0,0,0,0,0,0,0,0
10,4,814,1,1,34,69,139,0,0,0,0,0,0,0,0
0,0,0,0,0,0,0,0,0,0,0,0,0,0,0,0
10,5,3745,1,2,27,54,108,0,0,0,0,0,0,0,0
6,6,1643,0,8,54,109,219,0,0,0,0,0,0,0,0
3,4,249,1,15,138,276,552,0,0,0,0,0,0,0,0
10,5,3327,1,0,49,98,197,0,0,0,0,0,0,0,0
10,6,2751,0,2,27,54,108,0,0,0,0,0,0,0,0
0,0,0,0,0,0,0,0,0,0,0,0,0,0,0,0
9,4,975,1,5,80,161,323,0,0,0,0,0,0,0,0
0,0,0,0,0,0,0,0,0,0,0,0,0,0,0,0
0,0,0,0,0,0,0,0,0,0,0,0,0,0,0,0
6,6,1402,0,8,50,101,202,0,0,0,0,0,0,0,0
10,6,4094,1,1,25,50,100,0,0,0,0,0,0,0,0
9,6,2799,1,4,50,101,202,0,0,0,0,0,0,0,0
10,5,3647,0,0,77,154,309,0,0,0,0,0,0,0,0
0,0,0,0,0,0,0,0,0,0,0,0,0,0,0,0
10,5,3263,0,0,144,288,576,0,0,0,0,0,0,0,0
0,0,0,0,0,0,0,0,0,0,0,0,0,0,0,0
10,5,4042,1,1,102,205,411,0,0,0,0,0,0,0,0
0,0,0,0,0,0,0,0,0,0,0,0,0,0,0,0
9,5,3881,1,3,103,206,413,0,0,0,0,0,0,0,0
10,6,3065,1,1,53,107,214,0,0,0,0,0,0,0,0
8,5,1327,0,3,43,87,174,0,0,0,0,0,0,0,0
6,5,2748,0,8,107,214,429,0,0,0,0,0,0,0,0
10,6,2734,0,0,71,143,286,0,0,0,0,0,0,0,0
0,0,0,0,0,0,0,0,0,0,0,0,0,0,0,0
0,0,0,0,0,0,0,0,0,0,0,0,0,0,0,0
9,4,249,1,5,31,62,124,0,0,0,0,0,0,0,0
0,0,0,0,0,0,0,0,0,0,0,0,0,0,0,0
8,5,1708,0,3,64,129,259,0,0,0,0,0,0,0,0
0,0,0,0,0,0,0,0,0,0,0,0,0,0,0,0
7,5,2282,1,6,72,144,288,0,0,0,0,0,0,0,0
10,6,1451,0,2,39,78,157,0,0,0,0,0,0,0,0
0,0,0,0,0,0,0,0,0,0,0,0,0,0,0,0
0,0,0,0,0,0,0,0,0,0,0,0,0,0,0,0
10,5,2703,0,1,77,155,311,0,0,0,0,0,0,0,0
10,5,3882,1,1,96,193,386,0,0,0,0,0,0,0,0
3,4,2094,1,12,46,93,186,0,0,0,0,0,0,0,0
2,5,347,0,15,117,235,471,0,0,0,0,0,0,0,0
3,5,3647,1,12,22,44,89,0,0,0,0,0,0,0,0
0,0,0,0,0,0,0,0,0,0,0,0,0,0,0,0
10,6,3818,1,1,155,311,622,0,0,0,0,0,0,0,0
10,6,4095,1,0,5,10,21,0,0,0,0,0,0,0,0
0,0,0,0,0,0,0,0,0,0,0,0,0,0,0,0
0,0,0,0,0,0,0,0,0,0,0,0,0,0,0,0
0,0,0,0,0,0,0,0,0,0,0,0,0,0,0,0
0,0,0,0,0,0,0,0,0,0,0,0,0,0,0,0
10,5,683,0,1,100,201,402,0,0,0,0,0,0,0,0
0,0,0,0,0,0,0,0,0,0,0,0,0,0,0,0
2,4,700,0,15,145,290,580,0,0,0,0,0,0,0,0
10,5,2738,0,0,122,245,490,0,0,0,0,0,0,0,0
6,5,2703,0,7,24,48,97,0,0,0,0,0,0,0,0
10,6,4094,1,1,29,58,116,0,0,0,0,0,0,0,0
0,0,0,0,0,0,0,0,0,0,0,0,0,0,0,0
4,5,1423,0,9,115,230,460,0,0,0,0,0,0,0,0
10,4,719,0,1,46,92,184,0,0,0,0,0,0,0,0
10,5,1022,1,1,2,4,8,0,0,0,0,0,0,0,0
10,5,3722,1,1,150,300,601,0,0,0,0,0,0,0,0
0,0,0,0,0,0,0,0,0,0,0,0,0,0,0,0
0,0,0,0,0,0,0,0,0,0,0,0,0,0,0,0
2,5,1002,0,12,89,179,358,0,0,0,0,0,0,0,0
10,5,442,0,1,61,122,245,0,0,0,0,0,0,0,0
10,4,3644,0,0,37,74,149,0,0,0,0,0,0,0,0
0,0,0,0,0,0,0,0,0,0,0,0,0,0,0,0
0,0,0,0,0,0,0,0,0,0,0,0,0,0,0,0
10,6,4095,1,0,129,258,517,0,0,0,0,0,0,0,0
10,6,2731,0,1,130,261,522,0,0,0,0,0,0,0,0
0,0,0,0,0,0,0,0,0,0,0,0,0,0,0,0
10,6,4095,1,0,105,210,421,0,0,0,0,0,0,0,0
10,5,1023,1,0,61,122,245,0,0,0,0,0,0,0,0
7,5,3887,1,6,74,149,299,0,0,0,0,0,0,0,0
10,6,4095,1,0,119,238,477,0,0,0,0,0,0,0,0
8,4,1596,0,4,44,88,176,0,0,0,0,0,0,0,0
10,4,2255,0,1,39,78,156,0,0,0,0,0,0,0,0
10,4,975,0,0,54,108,217,0,0,0,0,0,0,0,0
0,0,0,0,0,0,0,0,0,0,0,0,0,0,0,0
8,4,444,0,5,3,6,12,0,0,0,0,0,0,0,0
0,0,0,0,0,0,0,0,0,0,0,0,0,0,0,0
0,0,0,0,0,0,0,0,0,0,0,0,0,0,0,0
0,0,0,0,0,0,0,0,0,0,0,0,0,0,0,0
10,4,3440,1,0,102,204,409,0,0,0,0,0,0,0,0
0,0,0,0,0,0,0,0,0,0,0,0,0,0,0,0
10,4,2691,0,1,70,141,283,0,0,0,0,0,0,0,0
0,0,0,0,0,0,0,0,0,0,0,0,0,0,0,0
10,5,3241,1,2,38,76,153,0,0,0,0,0,0,0,0
7,6,2794,1,6,66,132,264,0,0,0,0,0,0,0,0
0,0,0,0,0,0,0,0,0,0,0,0,0,0,0,0
0,0,0,0,0,0,0,0,0,0,0,0,0,0,0,0
10,5,2623,0,1,68,136,272,0,0,0,0,0,0,0,0
0,0,0,0,0,0,0,0,0,0,0,0,0,0,0,0
0,0,0,0,0,0,0,0,0,0,0,0,0,0,0,0
0,0,0,0,0,0,0,0,0,0,0,0,0,0,0,0
5,6,1518,1,11,61,123,246,0,0,0,0,0,0,0,0
10,4,3980,1,0,26,52,104,0,0,0,0,0,0,0,0
0,0,0,0,0,0,0,0,0,0,0,0,0,0,0,0
10,5,4082,1,1,79,158,316,0,0,0,0,0,0,0,0
10,5,3886,1,1,42,85,171,0,0,0,0,0,0,0,0
10,4,2255,0,1,34,68,136,0,0,0,0,0,0,0,0
2,4,1016,0,13,92,184,368,0,0,0,0,0,0,0,0
10,4,2755,0,1,104,208,416,0,0,0,0,0,0,0,0
0,0,0,0,0,0,0,0,0,0,0,0,0,0,0,0
0,0,0,0,0,0,0,0,0,0,0,0,0,0,0,0
0,0,0,0,0,0,0,0,0,0,0,0,0,0,0,0
3,5,933,1,15,54,108,217,0,0,0,0,0,0,0,0
0,0,0,0,0,0,0,0,0,0,0,0,0,0,0,0
0,0,0,0,0,0,0,0,0,0,0,0,0,0,0,0
9,4,4048,1,4,97,195,391,0,0,0,0,0,0,0,0
9,5,3973,1,3,64,128,256,0,0,0,0,0,0,0,0
0,0,0,0,0,0,0,0,0,0,0,0,0,0,0,0
0,0,0,0,0,0,0,0,0,0,0,0,0,0,0,0
0,0,0,0,0,0,0,0,0,0,0,0,0,0,0,0
3,4,1020,1,15,113,226,453,0,0,0,0,0,0,0,0
10,6,4026,1,1,144,289,579,0,0,0,0,0,0,0,0
0,0,0,0,0,0,0,0,0,0,0,0,0,0,0,0
0,0,0,0,0,0,0,0,0,0,0,0,0,0,0,0
0,0,0,0,0,0,0,0,0,0,0,0,0,0,0,0
0,0,0,0,0,0,0,0,0,0,0,0,0,0,0,0
0,0,0,0,0,0,0,0,0,0,0,0,0,0,0,0
0,0,0,0,0,0,0,0,0,0,0,0,0,0,0,0
10,5,1023,1,0,61,122,245,0,0,0,0,0,0,0,0
10,5,2282,1,0,107,215,430,0,0,0,0,0,0,0,0
0,0,0,0,0,0,0,0,0,0,0,0,0,0,0,0
10,6,2751,0,2,6,12,24,0,0,0,0,0,0,0,0
10,6,4095,1,0,44,88,177,0,0,0,0,0,0,0,0
0,0,0,0,0,0,0,0,0,0,0,0,0,0,0,0
10,6,3994,1,2,101,202,405,0,0,0,0,0,0,0,0
5,5,4041,1,9,61,122,244,0,0,0,0,0,0,0,0
0,0,0,0,0,0,0,0,0,0,0,0,0,0,0,0
10,6,4095,1,0,149,298,597,0,0,0,0,0,0,0,0
0,0,0,0,0,0,0,0,0,0,0,0,0,0,0,0
3,5,3409,1,14,8,17,34,0,0,0,0,0,0,0,0
10,6,2731,0,1,151,303,606,0,0,0,0,0,0,0,0
0,0,0,0,0,0,0,0,0,0,0,0,0,0,0,0
10,4,255,0,0,53,106,213,0,0,0,0,0,0,0,0
10,4,122,0,1,117,234,469,0,0,0,0,0,0,0,0
10,6,4089,1,2,2,5,10,0,0,0,0,0,0,0,0
6,5,2879,0,7,150,301,602,0,0,0,0,0,0,0,0
0,0,0,0,0,0,0,0,0,0,0,0,0,0,0,0
0,0,0,0,0,0,0,0,0,0,0,0,0,0,0,0
8,4,364,0,5,70,140,281,0,0,0,0,0,0,0,0
0,0,0,0,0,0,0,0,0,0,0,0,0,0,0,0
0,0,0,0,0,0,0,0,0,0,0,0,0,0,0,0
9,6,3070,1,5,134,269,538,0,0,0,0,0,0,0,0
0,0,0,0,0,0,0,0,0,0,0,0,0,0,0,0
0,0,0,0,0,0,0,0,0,0,0,0,0,0,0,0
10,5,4083,0,0,116,232,465,0,0,0,0,0,0,0,0
5,4,3297,1,9,59,119,239,0,0,0,0,0,0,0,0
10,4,3891,0,0,32,64,129,0,0,0,0,0,0,0,0
0,0,0,0,0,0,0,0,0,0,0,0,0,0,0,0
0,0,0,0,0,0,0,0,0,0,0,0,0,0,0,0
9,4,3236,1,3,23,46,92,0,0,0,0,0,0,0,0
0,0,0,0,0,0,0,0,0,0,0,0,0,0,0,0
0,0,0,0,0,0,0,0,0,0,0,0,0,0,0,0
10,6,4095,1,0,44,88,177,0,0,0,0,0,0,0,0
0,0,0,0,0,0,0,0,0,0,0,0,0,0,0,0
10,5,3327,1,0,1,2,5,0,0,0,0,0,0,0,0
9,5,2767,1,4,16,33,66,0,0,0,0,0,0,0,0
0,0,0,0,0,0,0,0,0,0,0,0,0,0,0,0
0,0,0,0,0,0,0,0,0,0,0,0,0,0,0,0
10,4,1020,1,0,73,146,293,0,0,0,0,0,0,0,0
10,6,3007,0,1,86,172,344,0,0,0,0,0,0,0,0
10,4,696,0,0,30,61,122,0,0,0,0,0,0,0,0
10,5,3977,1,2,142,284,569,0,0,0,0,0,0,0,0
9,6,2795,1,5,134,268,537,0,0,0,0,0,0,0,0
0,0,0,0,0,0,0,0,0,0,0,0,0,0,0,0
9,5,1023,1,5,58,116,232,0,0,0,0,0,0,0,0
10,5,3903,0,0,49,98,197,0,0,0,0,0,0,0,0
3,5,1021,1,15,138,276,552,0,0,0,0,0,0,0,0
0,0,0,0,0,0,0,0,0,0,0,0,0,0,0,0
8,5,427,0,3,153,306,613,0,0,0,0,0,0,0,0
9,5,3732,1,4,138,277,554,0,0,0,0,0,0,0,0
10,4,1299,0,2,27,54,108,0,0,0,0,0,0,0,0
0,0,0,0,0,0,0,0,0,0,0,0,0,0,0,0
10,4,3279,1,0,107,214,429,0,0,0,0,0,0,0,0
10,6,2731,0,1,152,305,610,0,0,0,0,0,0,0,0
0,0,0,0,0,0,0,0,0,0,0,0,0,0,0,0
0,0,0,0,0,0,0,0,0,0,0,0,0,0,0,0
0,0,0,0,0,0,0,0,0,0,0,0,0,0,0,0
0,0,0,0,0,0,0,0,0,0,0,0,0,0,0,0
0,0,0,0,0,0,0,0,0,0,0,0,0,0,0,0
9,5,937,1,3,121,242,485,0,0,0,0,0,0,0,0
0,0,0,0,0,0,0,0,0,0,0,0,0,0,0,0
3,4,3278,1,14,103,206,412,0,0,0,0,0,0,0,0
0,0,0,0,0,0,0,0,0,0,0,0,0,0,0,0
0,0,0,0,0,0,0,0,0,0,0,0,0,0,0,0
0,0,0,0,0,0,0,0,0,0,0,0,0,0,0,0
0,0,0,0,0,0,0,0,0,0,0,0,0,0,0,0
0,0,0,0,0,0,0,0,0,0,0,0,0,0,0,0
0,0,0,0,0,0,0,0,0,0,0,0,0,0,0,0
0,0,0,0,0,0,0,0,0,0,0,0,0,0,0,0
0,0,0,0,0,0,0,0,0,0,0,0,0,0,0,0
10,5,2412,0,2,7,14,29,0,0,0,0,0,0,0,0
0,0,0,0,0,0,0,0,0,0,0,0,0,0,0,0
0,0,0,0,0,0,0,0,0,0,0,0,0,0,0,0
0,0,0,0,0,0,0,0,0,0,0,0,0,0,0,0
10,5,2607,0,1,77,155,311,0,0,0,0,0,0,0,0
10,5,4088,1,1,97,194,388,0,0,0,0,0,0,0,0
5,4,2444,1,11,46,93,187,0,0,0,0,0,0,0,0
2,4,1020,0,15,117,234,468,0,0,0,0,0,0,0,0
8,6,1387,0,3,28,56,112,0,0,0,0,0,0,0,0
0,0,0,0,0,0,0,0,0,0,0,0,0,0,0,0
0,0,0,0,0,0,0,0,0,0,0,0,0,0,0,0
8,5,367,0,4,133,266,533,0,0,0,0,0,0,0,0
0,0,0,0,0,0,0,0,0,0,0,0,0,0,0,0
0,0,0,0,0,0,0,0,0,0,0,0,0,0,0,0
0,0,0,0,0,0,0,0,0,0,0,0,0,0,0,0
0,0,0,0,0,0,0,0,0,0,0,0,0,0,0,0
0,0,0,0,0,0,0,0,0,0,0,0,0,0,0,0
10,4,3900,0,0,41,82,165,0,0,0,0,0,0,0,0
6,6,2746,0,6,104,209,419,0,0,0,0,0,0,0,0
0,0,0,0,0,0,0,0,0,0,0,0,0,0,0,0
9,6,2799,1,4,31,63,126,0,0,0,0,0,0,0,0
10,5,3955,0,0,16,32,64,0,0,0,0,0,0,0,0
3,5,4092,1,14,3,6,13,0,0,0,0,0,0,0,0
0,0,0,0,0,0,0,0,0,0,0,0,0,0,0,0
0,0,0,0,0,0,0,0,0,0,0,0,0,0,0,0
0,0,0,0,0,0,0,0,0,0,0,0,0,0,0,0
0,0,0,0,0,0,0,0,0,0,0,0,0,0,0,0
0,0,0,0,0,0,0,0,0,0,0,0,0,0,0,0
0,0,0,0,0,0,0,0,0,0,0,0,0,0,0,0
10,6,4010,1,1,15,31,62,0,0,0,0,0,0,0,0
0,0,0,0,0,0,0,0,0,0,0,0,0,0,0,0
0,0,0,0,0,0,0,0,0,0,0,0,0,0,0,0
10,6,4095,1,0,25,50,101,0,0,0,0,0,0,0,0
10,5,3903,0,0,77,154,309,0,0,0,0,0,0,0,0
10,6,4095,1,0,125,250,501,0,0,0,0,0,0,0,0
4,6,1391,0,9,46,93,187,0,0,0,0,0,0,0,0
0,0,0,0,0,0,0,0,0,0,0,0,0,0,0,0
8,6,1647,0,3,64,129,258,0,0,0,0,0,0,0,0
0,0,0,0,0,0,0,0,0,0,0,0,0,0,0,0
10,6,4095,1,0,127,254,509,0,0,0,0,0,0,0,0
10,6,1451,0,2,39,78,157,0,0,0,0,0,0,0,0
10,6,4095,1,0,115,230,461,0,0,0,0,0,0,0,0
7,4,994,1,8,133,266,533,0,0,0,0,0,0,0,0
8,6,4014,0,4,133,266,532,0,0,0,0,0,0,0,0
0,0,0,0,0,0,0,0,0,0,0,0,0,0,0,0
10,4,255,0,0,51,102,205,0,0,0,0,0,0,0,0
0,0,0,0,0,0,0,0,0,0,0,0,0,0,0,0
0,0,0,0,0,0,0,0,0,0,0,0,0,0,0,0
0,0,0,0,0,0,0,0,0,0,0,0,0,0,0,0
0,0,0,0,0,0,0,0,0,0,0,0,0,0,0,0
10,4,4035,1,0,90,180,361,0,0,0,0,0,0,0,0
0,0,0,0,0,0,0,0,0,0,0,0,0,0,0,0
9,6,2799,1,4,44,89,178,0,0,0,0,0,0,0,0
0,0,0,0,0,0,0,0,0,0,0,0,0,0,0,0
0,0,0,0,0,0,0,0,0,0,0,0,0,0,0,0
0,0,0,0,0,0,0,0,0,0,0,0,0,0,0,0
0,0,0,0,0,0,0,0,0,0,0,0,0,0,0,0
10,5,4083,0,0,144,288,577,10,5,2722,0,0,150,300,601
10,6,4095,1,0,1,2,5,9,4,3664,1,5,9,19,39
10,6,3071,0,1,110,220,441,0,0,0,0,0,0,0,0
10,4,755,0,1,68,136,272,0,0,0,0,0,0,0,0
0,0,0,0,0,0,0,0,0,0,0,0,0,0,0,0
0,0,0,0,0,0,0,0,0,0,0,0,0,0,0,0
10,6,2735,0,1,21,43,87,0,0,0,0,0,0,0,0
0,0,0,0,0,0,0,0,0,0,0,0,0,0,0,0
10,4,830,1,1,43,86,172,0,0,0,0,0,0,0,0
0,0,0,0,0,0,0,0,0,0,0,0,0,0,0,0
10,4,3315,0,0,62,124,249,0,0,0,0,0,0,0,0
6,6,1402,0,8,46,93,186,0,0,0,0,0,0,0,0
0,0,0,0,0,0,0,0,0,0,0,0,0,0,0,0
6,5,2419,0,8,115,230,460,0,0,0,0,0,0,0,0
10,4,2764,0,2,46,92,185,0,0,0,0,0,0,0,0
10,4,4040,1,2,1,3,7,0,0,0,0,0,0,0,0
10,5,3882,1,1,150,301,602,0,0,0,0,0,0,0,0
0,0,0,0,0,0,0,0,0,0,0,0,0,0,0,0
0,0,0,0,0,0,0,0,0,0,0,0,0,0,0,0
10,6,2810,1,0,60,121,242,0,0,0,0,0,0,0,0
10,5,3327,1,0,134,268,537,0,0,0,0,0,0,0,0
10,6,3839,0,0,37,74,149,0,0,0,0,0,0,0,0
0,0,0,0,0,0,0,0,0,0,0,0,0,0,0,0
0,0,0,0,0,0,0,0,0,0,0,0,0,0,0,0
10,4,1011,0,0,155,310,621,0,0,0,0,0,0,0,0
0,0,0,0,0,0,0,0,0,0,0,0,0,0,0,0
10,6,2815,0,1,65,130,260,0,0,0,0,0,0,0,0
10,4,2595,0,1,138,277,555,0,0,0,0,0,0,0,0
0,0,0,0,0,0,0,0,0,0,0,0,0,0,0,0
10,6,2735,0,1,98,197,395,0,0,0,0,0,0,0,0
0,0,0,0,0,0,0,0,0,0,0,0,0,0,0,0
0,0,0,0,0,0,0,0,0,0,0,0,0,0,0,0
4,5,1379,0,9,50,101,202,0,0,0,0,0,0,0,0
10,6,4095,1,0,25,50,101,0,0,0,0,0,0,0,0
9,4,2095,1,4,50,101,202,0,0,0,0,0,0,0,0
0,0,0,0,0,0,0,0,0,0,0,0,0,0,0,0
10,6,4095,1,0,134,268,537,0,0,0,0,0,0,0,0
8,5,4092,0,5,17,35,71,0,0,0,0,0,0,0,0
8,5,3726,0,5,99,198,396,0,0,0,0,0,0,0,0
10,6,2750,0,0,70,141,283,0,0,0,0,0,0,0,0
0,0,0,0,0,0,0,0,0,0,0,0,0,0,0,0
0,0,0,0,0,0,0,0,0,0,0,0,0,0,0,0
3,6,3753,1,15,94,188,377,0,0,0,0,0,0,0,0
10,6,4095,1,0,14,28,57,0,0,0,0,0,0,0,0
10,4,3279,1,0,2,4,9,0,0,0,0,0,0,0,0
10,5,2812,0,2,54,108,217,0,0,0,0,0,0,0,0
10,4,2604,0,1,144,289,579,0,0,0,0,0,0,0,0
0,0,0,0,0,0,0,0,0,0,0,0,0,0,0,0
10,4,1011,0,0,61,122,245,0,0,0,0,0,0,0,0
0,0,0,0,0,0,0,0,0,0,0,0,0,0,0,0
10,5,1023,1,0,72,144,289,0,0,0,0,0,0,0,0
0,0,0,0,0,0,0,0,0,0,0,0,0,0,0,0
0,0,0,0,0,0,0,0,0,0,0,0,0,0,0,0
0,0,0,0,0,0,0,0,0,0,0,0,0,0,0,0
10,5,4047,0,0,103,206,413,0,0,0,0,0,0,0,0
0,0,0,0,0,0,0,0,0,0,0,0,0,0,0,0
10,5,3242,1,1,139,279,558,0,0,0,0,0,0,0,0
9,4,230,1,3,41,83,166,0,0,0,0,0,0,0,0
0,0,0,0,0,0,0,0,0,0,0,0,0,0,0,0
4,5,383,0,10,115,230,460,0,0,0,0,0,0,0,0
0,0,0,0,0,0,0,0,0,0,0,0,0,0,0,0
0,0,0,0,0,0,0,0,0,0,0,0,0,0,0,0
0,0,0,0,0,0,0,0,0,0,0,0,0,0,0,0
10,4,3594,1,1,150,301,602,0,0,0,0,0,0,0,0
0,0,0,0,0,0,0,0,0,0,0,0,0,0,0,0
0,0,0,0,0,0,0,0,0,0,0,0,0,0,0,0
0,0,0,0,0,0,0,0,0,0,0,0,0,0,0,0
10,6,2810,1,0,60,121,242,0,0,0,0,0,0,0,0
10,5,3790,1,0,36,73,147,0,0,0,0,0,0,0,0
10,4,3256,1,1,149,299,599,0,0,0,0,0,0,0,0
10,5,4083,0,0,1,2,5,0,0,0,0,0,0,0,0
0,0,0,0,0,0,0,0,0,0,0,0,0,0,0,0
0,0,0,0,0,0,0,0,0,0,0,0,0,0,0,0
0,0,0,0,0,0,0,0,0,0,0,0,0,0,0,0
10,4,1020,1,0,73,146,293,0,0,0,0,0,0,0,0
10,5,3263,0,0,86,172,344,0,0,0,0,0,0,0,0
0,0,0,0,0,0,0,0,0,0,0,0,0,0,0,0
0,0,0,0,0,0,0,0,0,0,0,0,0,0,0,0
10,6,4009,1,2,38,76,153,0,0,0,0,0,0,0,0
8,5,3902,0,4,21,42,85,0,0,0,0,0,0,0,0
0,0,0,0,0,0,0,0,0,0,0,0,0,0,0,0
3,4,1020,1,15,113,226,453,0,0,0,0,0,0,0,0
3,4,969,1,15,92,185,371,0,0,0,0,0,0,0,0
0,0,0,0,0,0,0,0,0,0,0,0,0,0,0,0
10,5,3626,1,1,43,87,174,0,0,0,0,0,0,0,0
0,0,0,0,0,0,0,0,0,0,0,0,0,0,0,0
10,6,4079,1,0,117,234,468,0,0,0,0,0,0,0,0
10,4,2291,0,1,74,148,297,0,0,0,0,0,0,0,0
10,6,4095,1,0,6,12,25,0,0,0,0,0,0,0,0
10,6,4095,1,0,156,312,625,0,0,0,0,0,0,0,0
0,0,0,0,0,0,0,0,0,0,0,0,0,0,0,0
8,5,3902,0,4,57,114,229,0,0,0,0,0,0,0,0
8,5,1779,0,3,65,130,260,0,0,0,0,0,0,0,0
0,0,0,0,0,0,0,0,0,0,0,0,0,0,0,0
0,0,0,0,0,0,0,0,0,0,0,0,0,0,0,0
0,0,0,0,0,0,0,0,0,0,0,0,0,0,0,0
0,0,0,0,0,0,0,0,0,0,0,0,0,0,0,0
0,0,0,0,0,0,0,0,0,0,0,0,0,0,0,0
0,0,0,0,0,0,0,0,0,0,0,0,0,0,0,0
0,0,0,0,0,0,0,0,0,0,0,0,0,0,0,0
10,4,3275,1,0,104,208,416,0,0,0,0,0,0,0,0
0,0,0,0,0,0,0,0,0,0,0,0,0,0,0,0
0,0,0,0,0,0,0,0,0,0,0,0,0,0,0,0
10,4,2571,0,1,70,141,282,0,0,0,0,0,0,0,0
0,0,0,0,0,0,0,0,0,0,0,0,0,0,0,0
9,4,2091,1,5,66,132,265,0,0,0,0,0,0,0,0
3,5,507,1,12,96,193,387,0,0,0,0,0,0,0,0
10,5,2703,0,1,21,43,87,0,0,0,0,0,0,0,0
10,4,4034,1,1,53,107,215,0,0,0,0,0,0,0,0
0,0,0,0,0,0,0,0,0,0,0,0,0,0,0,0
0,0,0,0,0,0,0,0,0,0,0,0,0,0,0,0
0,0,0,0,0,0,0,0,0,0,0,0,0,0,0,0
0,0,0,0,0,0,0,0,0,0,0,0,0,0,0,0
6,4,3644,0,6,70,140,281,0,0,0,0,0,0,0,0
0,0,0,0,0,0,0,0,0,0,0,0,0,0,0,0
0,0,0,0,0,0,0,0,0,0,0,0,0,0,0,0
0,0,0,0,0,0,0,0,0,0,0,0,0,0,0,0
10,5,1023,1,0,151,302,605,0,0,0,0,0,0,0,0
10,5,4008,1,2,0,0,1,0,0,0,0,0,0,0,0
0,0,0,0,0,0,0,0,0,0,0,0,0,0,0,0
4,5,1395,0,9,82,164,328,0,0,0,0,0,0,0,0
10,5,3977,1,2,40,80,161,0,0,0,0,0,0,0,0
0,0,0,0,0,0,0,0,0,0,0,0,0,0,0,0
10,4,1010,1,2,61,122,244,0,0,0,0,0,0,0,0
0,0,0,0,0,0,0,0,0,0,0,0,0,0,0,0
9,4,852,1,4,154,309,618,0,0,0,0,0,0,0,0
10,6,1722,0,1,30,60,121,0,0,0,0,0,0,0,0
0,0,0,0,0,0,0,0,0,0,0,0,0,0,0,0
10,5,4082,1,1,85,170,340,0,0,0,0,0,0,0,0
0,0,0,0,0,0,0,0,0,0,0,0,0,0,0,0
10,6,4095,1,0,49,98,197,0,0,0,0,0,0,0,0
10,4,191,0,2,117,234,468,0,0,0,0,0,0,0,0
9,4,3845,1,3,2,4,8,0,0,0,0,0,0,0,0
6,4,700,0,8,150,300,601,0,0,0,0,0,0,0,0
0,0,0,0,0,0,0,0,0,0,0,0,0,0,0,0
9,4,4036,1,4,138,276,552,0,0,0,0,0,0,0,0
0,0,0,0,0,0,0,0,0,0,0,0,0,0,0,0
10,6,4095,1,0,51,102,205,0,0,0,0,0,0,0,0
9,4,4048,1,4,97,195,391,0,0,0,0,0,0,0,0
10,4,3240,1,2,64,128,257,0,0,0,0,0,0,0,0
0,0,0,0,0,0,0,0,0,0,0,0,0,0,0,0
8,4,3130,0,4,21,42,84,0,0,0,0,0,0,0,0
0,0,0,0,0,0,0,0,0,0,0,0,0,0,0,0
0,0,0,0,0,0,0,0,0,0,0,0,0,0,0,0
3,4,1020,1,15,113,226,453,0,0,0,0,0,0,0,0
10,5,1023,1,0,133,266,533,0,0,0,0,0,0,0,0
0,0,0,0,0,0,0,0,0,0,0,0,0,0,0,0
10,5,4072,1,2,32,65,130,0,0,0,0,0,0,0,0
0,0,0,0,0,0,0,0,0,0,0,0,0,0,0,0
10,6,4010,1,1,49,99,198,0,0,0,0,0,0,0,0
0,0,0,0,0,0,0,0,0,0,0,0,0,0,0,0
0,0,0,0,0,0,0,0,0,0,0,0,0,0,0,0
0,0,0,0,0,0,0,0,0,0,0,0,0,0,0,0
0,0,0,0,0,0,0,0,0,0,0,0,0,0,0,0
0,0,0,0,0,0,0,0,0,0,0,0,0,0,0,0
10,6,2773,1,2,103,207,415,0,0,0,0,0,0,0,0
10,6,3065,1,1,53,107,214,0,0,0,0,0,0,0,0
10,6,4074,1,2,79,159,319,0,0,0,0,0,0,0,0
8,5,1679,0,3,43,87,175,0,0,0,0,0,0,0,0
10,6,3818,1,1,32,65,130,0,0,0,0,0,0,0,0
6,5,2748,0,8,107,214,429,0,0,0,0,0,0,0,0
0,0,0,0,0,0,0,0,0,0,0,0,0,0,0,0
0,0,0,0,0,0,0,0,0,0,0,0,0,0,0,0
0,0,0,0,0,0,0,0,0,0,0,0,0,0,0,0
9,4,3876,1,4,114,228,456,0,0,0,0,0,0,0,0
10,4,234,1,2,26,53,107,0,0,0,0,0,0,0,0
4,6,1391,0,9,54,109,219,9,4,809,1,3,134,268,537
0,0,0,0,0,0,0,0,0,0,0,0,0,0,0,0
0,0,0,0,0,0,0,0,0,0,0,0,0,0,0,0
3,4,249,1,15,138,276,552,0,0,0,0,0,0,0,0
0,0,0,0,0,0,0,0,0,0,0,0,0,0,0,0
2,4,1580,0,15,117,235,471,0,0,0,0,0,0,0,0
0,0,0,0,0,0,0,0,0,0,0,0,0,0,0,0
10,5,2607,0,1,148,297,595,0,0,0,0,0,0,0,0
0,0,0,0,0,0,0,0,0,0,0,0,0,0,0,0
8,4,399,0,4,116,233,466,0,0,0,0,0,0,0,0
10,6,4089,1,2,2,5,10,0,0,0,0,0,0,0,0
6,6,1402,0,8,150,301,602,0,0,0,0,0,0,0,0
0,0,0,0,0,0,0,0,0,0,0,0,0,0,0,0
5,6,4069,1,9,101,203,407,0,0,0,0,0,0,0,0
3,5,3772,1,13,9,18,36,0,0,0,0,0,0,0,0
10,4,2700,0,2,101,203,407,0,0,0,0,0,0,0,0
10,6,3754,1,1,93,186,373,0,0,0,0,0,0,0,0
10,4,2595,0,1,112,225,451,0,0,0,0,0,0,0,0
10,5,3836,0,0,113,226,453,0,0,0,0,0,0,0,0
10,4,3624,1,1,84,168,337,0,0,0,0,0,0,0,0
10,6,1711,0,2,48,97,194,0,0,0,0,0,0,0,0
8,5,1708,0,3,87,175,351,0,0,0,0,0,0,0,0
10,5,3327,1,0,104,208,417,0,0,0,0,0,0,0,0
0,0,0,0,0,0,0,0,0,0,0,0,0,0,0,0
0,0,0,0,0,0,0,0,0,0,0,0,0,0,0,0
3,6,3754,1,14,76,153,306,0,0,0,0,0,0,0,0
7,6,2790,1,6,30,61,123,0,0,0,0,0,0,0,0
10,6,1711,0,2,64,129,258,0,0,0,0,0,0,0,0
0,0,0,0,0,0,0,0,0,0,0,0,0,0,0,0
10,6,4031,0,0,18,36,73,0,0,0,0,0,0,0,0
0,0,0,0,0,0,0,0,0,0,0,0,0,0,0,0
10,6,1451,0,2,39,78,157,6,4,587,0,8,7,15,31
0,0,0,0,0,0,0,0,0,0,0,0,0,0,0,0
0,0,0,0,0,0,0,0,0,0,0,0,0,0,0,0
10,5,698,1,0,30,61,122,0,0,0,0,0,0,0,0
10,4,3240,1,2,142,284,569,0,0,0,0,0,0,0,0
0,0,0,0,0,0,0,0,0,0,0,0,0,0,0,0
0,0,0,0,0,0,0,0,0,0,0,0,0,0,0,0
9,4,932,1,4,58,116,232,0,0,0,0,0,0,0,0
10,6,4095,1,0,49,98,197,0,0,0,0,0,0,0,0
3,5,3668,1,15,138,276,553,0,0,0,0,0,0,0,0
0,0,0,0,0,0,0,0,0,0,0,0,0,0,0,0
10,6,1707,0,2,153,307,614,0,0,0,0,0,0,0,0
10,4,4040,1,2,138,277,555,0,0,0,0,0,0,0,0
8,6,1387,0,3,27,54,108,0,0,0,0,0,0,0,0
0,0,0,0,0,0,0,0,0,0,0,0,0,0,0,0
8,5,1323,0,3,107,214,429,0,0,0,0,0,0,0,0
0,0,0,0,0,0,0,0,0,0,0,0,0,0,0,0
0,0,0,0,0,0,0,0,0,0,0,0,0,0,0,0
4,5,1151,0,9,99,198,396,0,0,0,0,0,0,0,0
3,4,4080,1,13,36,73,146,0,0,0,0,0,0,0,0
0,0,0,0,0,0,0,0,0,0,0,0,0,0,0,0
0,0,0,0,0,0,0,0,0,0,0,0,0,0,0,0
10,5,2723,0,1,130,261,522,0,0,0,0,0,0,0,0
0,0,0,0,0,0,0,0,0,0,0,0,0,0,0,0
0,0,0,0,0,0,0,0,0,0,0,0,0,0,0,0
10,5,2703,0,1,151,303,607,0,0,0,0,0,0,0,0
0,0,0,0,0,0,0,0,0,0,0,0,0,0,0,0
0,0,0,0,0,0,0,0,0,0,0,0,0,0,0,0
0,0,0,0,0,0,0,0,0,0,0,0,0,0,0,0
7,5,3887,1,6,113,227,455,0,0,0,0,0,0,0,0
0,0,0,0,0,0,0,0,0,0,0,0,0,0,0,0
0,0,0,0,0,0,0,0,0,0,0,0,0,0,0,0
0,0,0,0,0,0,0,0,0,0,0,0,0,0,0,0
10,5,2412,0,2,7,14,29,0,0,0,0,0,0,0,0
0,0,0,0,0,0,0,0,0,0,0,0,0,0,0,0
0,0,0,0,0,0,0,0,0,0,0,0,0,0,0,0
0,0,0,0,0,0,0,0,0,0,0,0,0,0,0,0
10,6,2747,0,1,77,155,311,0,0,0,0,0,0,0,0
10,4,970,1,2,96,193,387,0,0,0,0,0,0,0,0
3,4,3135,1,13,46,92,185,0,0,0,0,0,0,0,0
2,4,1231,0,15,117,235,471,0,0,0,0,0,0,0,0
10,5,4047,0,0,111,222,445,0,0,0,0,0,0,0,0
2,4,2032,0,15,53,106,212,0,0,0,0,0,0,0,0
10,6,2751,0,2,113,226,452,0,0,0,0,0,0,0,0
10,6,1373,0,1,128,257,514,0,0,0,0,0,0,0,0
10,5,2603,0,1,23,47,94,0,0,0,0,0,0,0,0
10,5,687,0,2,110,221,443,0,0,0,0,0,0,0,0
10,6,4095,1,0,80,160,321,0,0,0,0,0,0,0,0
0,0,0,0,0,0,0,0,0,0,0,0,0,0,0,0
4,6,1387,0,9,108,217,434,0,0,0,0,0,0,0,0
0,0,0,0,0,0,0,0,0,0,0,0,0,0,0,0
0,0,0,0,0,0,0,0,0,0,0,0,0,0,0,0
0,0,0,0,0,0,0,0,0,0,0,0,0,0,0,0
0,0,0,0,0,0,0,0,0,0,0,0,0,0,0,0
10,5,2207,0,1,93,187,374,0,0,0,0,0,0,0,0
6,4,2232,0,6,20,40,80,0,0,0,0,0,0,0,0
0,0,0,0,0,0,0,0,0,0,0,0,0,0,0,0
3,5,4092,1,14,94,188,377,0,0,0,0,0,0,0,0
0,0,0,0,0,0,0,0,0,0,0,0,0,0,0,0
10,6,3071,0,1,152,304,609,0,0,0,0,0,0,0,0
10,6,4095,1,0,2,4,9,0,0,0,0,0,0,0,0
10,5,2748,0,2,68,136,272,0,0,0,0,0,0,0,0
10,6,2815,0,1,54,108,216,0,0,0,0,0,0,0,0
10,6,2815,0,1,145,290,580,0,0,0,0,0,0,0,0
0,0,0,0,0,0,0,0,0,0,0,0,0,0,0,0
0,0,0,0,0,0,0,0,0,0,0,0,0,0,0,0
10,6,4074,1,2,79,159,319,0,0,0,0,0,0,0,0
10,4,2691,0,1,149,299,599,0,0,0,0,0,0,0,0
10,6,4095,1,0,1,2,5,0,0,0,0,0,0,0,0
0,0,0,0,0,0,0,0,0,0,0,0,0,0,0,0
10,6,4091,1,0,86,172,344,0,0,0,0,0,0,0,0
0,0,0,0,0,0,0,0,0,0,0,0,0,0,0,0
10,5,1579,0,2,18,36,73,0,0,0,0,0,0,0,0
10,5,2767,0,1,152,304,608,0,0,0,0,0,0,0,0
10,4,2220,0,1,56,113,227,0,0,0,0,0,0,0,0
10,5,3882,1,1,126,253,506,0,0,0,0,0,0,0,0
0,0,0,0,0,0,0,0,0,0,0,0,0,0,0,0
0,0,0,0,0,0,0,0,0,0,0,0,0,0,0,0
10,5,619,0,2,132,264,529,0,0,0,0,0,0,0,0
0,0,0,0,0,0,0,0,0,0,0,0,0,0,0,0
9,5,4092,1,5,107,214,428,0,0,0,0,0,0,0,0
0,0,0,0,0,0,0,0,0,0,0,0,0,0,0,0
10,6,4074,1,2,144,289,579,0,0,0,0,0,0,0,0
0,0,0,0,0,0,0,0,0,0,0,0,0,0,0,0
10,4,1020,1,0,61,122,245,0,0,0,0,0,0,0,0
10,5,4042,1,1,107,215,431,0,0,0,0,0,0,0,0
9,4,932,1,4,13,26,52,0,0,0,0,0,0,0,0
0,0,0,0,0,0,0,0,0,0,0,0,0,0,0,0
10,5,3327,1,0,116,232,465,0,0,0,0,0,0,0,0
5,5,4065,1,9,59,119,239,0,0,0,0,0,0,0,0
10,6,2746,0,0,32,65,130,0,0,0,0,0,0,0,0
10,5,3306,1,1,118,237,474,0,0,0,0,0,0,0,0
0,0,0,0,0,0,0,0,0,0,0,0,0,0,0,0
0,0,0,0,0,0,0,0,0,0,0,0,0,0,0,0
9,5,3748,1,3,22,45,91,0,0,0,0,0,0,0,0
0,0,0,0,0,0,0,0,0,0,0,0,0,0,0,0
0,0,0,0,0,0,0,0,0,0,0,0,0,0,0,0
10,4,655,0,2,105,211,423,0,0,0,0,0,0,0,0
10,5,4092,0,0,44,88,177,0,0,0,0,0,0,0,0
10,4,831,1,0,110,220,441,0,0,0,0,0,0,0,0
0,0,0,0,0,0,0,0,0,0,0,0,0,0,0,0
10,5,2767,0,1,68,136,272,0,0,0,0,0,0,0,0
0,0,0,0,0,0,0,0,0,0,0,0,0,0,0,0
0,0,0,0,0,0,0,0,0,0,0,0,0,0,0,0
0,0,0,0,0,0,0,0,0,0,0,0,0,0,0,0
10,5,1195,0,2,112,224,449,0,0,0,0,0,0,0,0
0,0,0,0,0,0,0,0,0,0,0,0,0,0,0,0
0,0,0,0,0,0,0,0,0,0,0,0,0,0,0,0
8,6,1387,0,3,80,160,320,0,0,0,0,0,0,0,0
0,0,0,0,0,0,0,0,0,0,0,0,0,0,0,0
0,0,0,0,0,0,0,0,0,0,0,0,0,0,0,0
0,0,0,0,0,0,0,0,0,0,0,0,0,0,0,0
8,4,303,0,4,87,174,349,0,0,0,0,0,0,0,0
9,6,3070,1,5,134,269,538,0,0,0,0,0,0,0,0
0,0,0,0,0,0,0,0,0,0,0,0,0,0,0,0
0,0,0,0,0,0,0,0,0,0,0,0,0,0,0,0
10,5,441,1,0,147,294,588,0,0,0,0,0,0,0,0
0,0,0,0,0,0,0,0,0,0,0,0,0,0,0,0
0,0,0,0,0,0,0,0,0,0,0,0,0,0,0,0
10,5,4092,0,0,142,284,569,0,0,0,0,0,0,0,0
0,0,0,0,0,0,0,0,0,0,0,0,0,0,0,0
0,0,0,0,0,0,0,0,0,0,0,0,0,0,0,0
10,4,2610,0,0,152,305,610,0,0,0,0,0,0,0,0
0,0,0,0,0,0,0,0,0,0,0,0,0,0,0,0
10,5,2803,0,1,54,108,216,0,0,0,0,0,0,0,0
0,0,0,0,0,0,0,0,0,0,0,0,0,0,0,0
0,0,0,0,0,0,0,0,0,0,0,0,0,0,0,0
10,4,4035,1,0,61,122,245,0,0,0,0,0,0,0,0
0,0,0,0,0,0,0,0,0,0,0,0,0,0,0,0
0,0,0,0,0,0,0,0,0,0,0,0,0,0,0,0
9,5,3019,1,5,58,117,234,0,0,0,0,0,0,0,0
9,4,4000,1,3,91,182,365,0,0,0,0,0,0,0,0
10,4,3314,1,1,89,178,356,0,0,0,0,0,0,0,0
3,4,916,1,15,73,147,294,0,0,0,0,0,0,0,0
0,0,0,0,0,0,0,0,0,0,0,0,0,0,0,0
10,4,3855,1,0,107,214,429,0,0,0,0,0,0,0,0
10,6,2731,0,1,152,305,610,0,0,0,0,0,0,0,0
0,0,0,0,0,0,0,0,0,0,0,0,0,0,0,0
0,0,0,0,0,0,0,0,0,0,0,0,0,0,0,0
0,0,0,0,0,0,0,0,0,0,0,0,0,0,0,0
0,0,0,0,0,0,0,0,0,0,0,0,0,0,0,0
0,0,0,0,0,0,0,0,0,0,0,0,0,0,0,0
9,5,933,1,4,121,242,484,0,0,0,0,0,0,0,0
10,5,3903,0,0,16,32,65,0,0,0,0,0,0,0,0
3,4,3720,1,15,3,6,13,0,0,0,0,0,0,0,0
0,0,0,0,0,0,0,0,0,0,0,0,0,0,0,0
0,0,0,0,0,0,0,0,0,0,0,0,0,0,0,0
0,0,0,0,0,0,0,0,0,0,0,0,0,0,0,0
0,0,0,0,0,0,0,0,0,0,0,0,0,0,0,0
10,5,4002,1,1,144,289,578,0,0,0,0,0,0,0,0
0,0,0,0,0,0,0,0,0,0,0,0,0,0,0,0
0,0,0,0,0,0,0,0,0,0,0,0,0,0,0,0
10,5,4002,1,1,107,215,430,0,0,0,0,0,0,0,0
9,5,933,1,4,13,26,52,0,0,0,0,0,0,0,0
0,0,0,0,0,0,0,0,0,0,0,0,0,0,0,0
3,6,3733,1,15,117,235,471,0,0,0,0,0,0,0,0
0,0,0,0,0,0,0,0,0,0,0,0,0,0,0,0
10,6,4095,1,0,113,226,453,0,0,0,0,0,0,0,0
0,0,0,0,0,0,0,0,0,0,0,0,0,0,0,0
10,4,2831,0,1,120,240,480,0,0,0,0,0,0,0,0
0,0,0,0,0,0,0,0,0,0,0,0,0,0,0,0
0,0,0,0,0,0,0,0,0,0,0,0,0,0,0,0
7,5,4076,1,6,135,271,543,0,0,0,0,0,0,0,0
10,4,831,1,0,41,82,165,0,0,0,0,0,0,0,0
8,6,4095,0,5,104,209,419,0,0,0,0,0,0,0,0
0,0,0,0,0,0,0,0,0,0,0,0,0,0,0,0
0,0,0,0,0,0,0,0,0,0,0,0,0,0,0,0
9,5,2607,1,4,31,63,126,0,0,0,0,0,0,0,0
10,4,831,1,0,90,180,361,0,0,0,0,0,0,0,0
0,0,0,0,0,0,0,0,0,0,0,0,0,0,0,0
9,5,1001,1,4,44,89,178,0,0,0,0,0,0,0,0
10,4,4080,0,0,41,82,165,0,0,0,0,0,0,0,0
0,0,0,0,0,0,0,0,0,0,0,0,0,0,0,0
0,0,0,0,0,0,0,0,0,0,0,0,0,0,0,0
0,0,0,0,0,0,0,0,0,0,0,0,0,0,0,0
0,0,0,0,0,0,0,0,0,0,0,0,0,0,0,0
10,4,4080,0,0,57,114,229,0,0,0,0,0,0,0,0
0,0,0,0,0,0,0,0,0,0,0,0,0,0,0,0
10,4,2700,0,2,107,215,431,0,0,0,0,0,0,0,0
0,0,0,0,0,0,0,0,0,0,0,0,0,0,0,0
9,6,3070,1,5,134,269,538,0,0,0,0,0,0,0,0
10,4,4080,0,0,157,314,629,0,0,0,0,0,0,0,0
10,5,683,0,1,5,11,22,0,0,0,0,0,0,0,0
9,5,937,1,3,121,242,485,0,0,0,0,0,0,0,0
10,4,2191,0,1,149,299,599,0,0,0,0,0,0,0,0
10,4,3900,0,0,1,2,5,0,0,0,0,0,0,0,0
0,0,0,0,0,0,0,0,0,0,0,0,0,0,0,0
10,5,4092,0,0,73,146,293,0,0,0,0,0,0,0,0
10,6,2815,0,1,86,172,344,0,0,0,0,0,0,0,0
0,0,0,0,0,0,0,0,0,0,0,0,0,0,0,0
10,6,4095,1,0,121,242,485,0,0,0,0,0,0,0,0
0,0,0,0,0,0,0,0,0,0,0,0,0,0,0,0
0,0,0,0,0,0,0,0,0,0,0,0,0,0,0,0
10,5,4072,1,2,100,201,402,0,0,0,0,0,0,0,0
7,5,1002,1,8,77,154,309,0,0,0,0,0,0,0,0
10,6,3770,1,0,16,33,66,0,0,0,0,0,0,0,0
7,5,1002,1,8,69,138,277,0,0,0,0,0,0,0,0
10,4,684,0,2,108,217,435,0,0,0,0,0,0,0,0
0,0,0,0,0,0,0,0,0,0,0,0,0,0,0,0
8,4,364,0,5,58,116,233,0,0,0,0,0,0,0,0
10,5,4083,0,0,155,310,621,0,0,0,0,0,0,0,0
10,6,2990,0,0,4,9,18,0,0,0,0,0,0,0,0
10,6,1454,0,2,65,130,261,0,0,0,0,0,0,0,0
10,5,683,0,1,138,277,554,0,0,0,0,0,0,0,0
0,0,0,0,0,0,0,0,0,0,0,0,0,0,0,0
10,4,814,1,1,98,197,395,0,0,0,0,0,0,0,0
0,0,0,0,0,0,0,0,0,0,0,0,0,0,0,0
0,0,0,0,0,0,0,0,0,0,0,0,0,0,0,0
0,0,0,0,0,0,0,0,0,0,0,0,0,0,0,0
10,5,3882,1,1,107,215,430,0,0,0,0,0,0,0,0
0,0,0,0,0,0,0,0,0,0,0,0,0,0,0,0
0,0,0,0,0,0,0,0,0,0,0,0,0,0,0,0
0,0,0,0,0,0,0,0,0,0,0,0,0,0,0,0
8,4,1712,0,4,124,248,497,0,0,0,0,0,0,0,0
10,5,3816,1,1,34,69,138,0,0,0,0,0,0,0,0
0,0,0,0,0,0,0,0,0,0,0,0,0,0,0,0
10,6,4078,1,1,67,135,271,0,0,0,0,0,0,0,0
10,6,3775,0,0,90,180,360,0,0,0,0,0,0,0,0
10,6,4095,1,0,128,256,513,10,5,703,0,2,25,50,100
10,5,1023,1,0,95,190,381,0,0,0,0,0,0,0,0
0,0,0,0,0,0,0,0,0,0,0,0,0,0,0,0
0,0,0,0,0,0,0,0,0,0,0,0,0,0,0,0
0,0,0,0,0,0,0,0,0,0,0,0,0,0,0,0
0,0,0,0,0,0,0,0,0,0,0,0,0,0,0,0
10,6,4078,1,1,139,279,559,0,0,0,0,0,0,0,0
9,4,230,1,3,41,83,166,0,0,0,0,0,0,0,0
9,5,2607,1,4,16,33,66,0,0,0,0,0,0,0,0
10,6,4087,1,1,93,187,375,0,0,0,0,0,0,0,0
10,6,4095,1,0,86,172,345,0,0,0,0,0,0,0,0
0,0,0,0,0,0,0,0,0,0,0,0,0,0,0,0
0,0,0,0,0,0,0,0,0,0,0,0,0,0,0,0
0,0,0,0,0,0,0,0,0,0,0,0,0,0,0,0
0,0,0,0,0,0,0,0,0,0,0,0,0,0,0,0
0,0,0,0,0,0,0,0,0,0,0,0,0,0,0,0
0,0,0,0,0,0,0,0,0,0,0,0,0,0,0,0
8,5,3898,0,4,44,88,176,0,0,0,0,0,0,0,0
10,4,975,0,0,52,104,209,0,0,0,0,0,0,0,0
9,4,3233,1,3,149,298,596,0,0,0,0,0,0,0,0
8,6,1387,0,3,127,254,508,0,0,0,0,0,0,0,0
6,6,4031,0,6,58,117,234,0,0,0,0,0,0,0,0
9,5,2763,1,5,44,88,177,0,0,0,0,0,0,0,0
0,0,0,0,0,0,0,0,0,0,0,0,0,0,0,0
0,0,0,0,0,0,0,0,0,0,0,0,0,0,0,0
0,0,0,0,0,0,0,0,0,0,0,0,0,0,0,0
0,0,0,0,0,0,0,0,0,0,0,0,0,0,0,0
0,0,0,0,0,0,0,0,0,0,0,0,0,0,0,0
0,0,0,0,0,0,0,0,0,0,0,0,0,0,0,0
10,6,3839,0,0,120,240,481,0,0,0,0,0,0,0,0
3,4,969,1,15,92,185,371,0,0,0,0,0,0,0,0
0,0,0,0,0,0,0,0,0,0,0,0,0,0,0,0
10,5,3816,1,1,43,87,174,0,0,0,0,0,0,0,0
0,0,0,0,0,0,0,0,0,0,0,0,0,0,0,0
10,4,2300,0,2,74,148,297,0,0,0,0,0,0,0,0
10,4,3260,0,0,83,166,332,0,0,0,0,0,0,0,0
0,0,0,0,0,0,0,0,0,0,0,0,0,0,0,0
0,0,0,0,0,0,0,0,0,0,0,0,0,0,0,0
10,6,1791,0,2,65,130,260,0,0,0,0,0,0,0,0
0,0,0,0,0,0,0,0,0,0,0,0,0,0,0,0
0,0,0,0,0,0,0,0,0,0,0,0,0,0,0,0
0,0,0,0,0,0,0,0,0,0,0,0,0,0,0,0
9,5,1023,1,5,119,238,476,0,0,0,0,0,0,0,0
8,4,1596,0,4,133,266,532,0,0,0,0,0,0,0,0
0,0,0,0,0,0,0,0,0,0,0,0,0,0,0,0
10,4,827,1,0,51,102,204,0,0,0,0,0,0,0,0
8,4,355,0,4,138,276,552,0,0,0,0,0,0,0,0
10,6,2751,0,2,57,114,228,0,0,0,0,0,0,0,0
0,0,0,0,0,0,0,0,0,0,0,0,0,0,0,0
10,5,2732,0,1,51,103,207,0,0,0,0,0,0,0,0
10,5,2979,0,0,122,245,491,0,0,0,0,0,0,0,0
6,4,3251,0,6,45,91,182,0,0,0,0,0,0,0,0
0,0,0,0,0,0,0,0,0,0,0,0,0,0,0,0
10,5,3026,1,1,108,216,433,7,5,1761,1,6,117,235,470
0,0,0,0,0,0,0,0,0,0,0,0,0,0,0,0
10,6,4031,0,0,34,68,137,0,0,0,0,0,0,0,0
10,5,1422,0,2,65,130,261,0,0,0,0,0,0,0,0
0,0,0,0,0,0,0,0,0,0,0,0,0,0,0,0
10,5,702,0,0,98,197,395,0,0,0,0,0,0,0,0
0,0,0,0,0,0,0,0,0,0,0,0,0,0,0,0
10,6,4074,1,2,139,279,559,0,0,0,0,0,0,0,0
3,4,3656,1,15,138,277,555,0,0,0,0,0,0,0,0
0,0,0,0,0,0,0,0,0,0,0,0,0,0,0,0
0,0,0,0,0,0,0,0,0,0,0,0,0,0,0,0
0,0,0,0,0,0,0,0,0,0,0,0,0,0,0,0
10,5,2282,1,0,151,303,606,0,0,0,0,0,0,0,0
10,5,4008,1,2,0,0,1,0,0,0,0,0,0,0,0
10,6,4095,1,0,88,176,353,0,0,0,0,0,0,0,0
0,0,0,0,0,0,0,0,0,0,0,0,0,0,0,0
4,5,1343,0,9,82,164,328,0,0,0,0,0,0,0,0
0,0,0,0,0,0,0,0,0,0,0,0,0,0,0,0
0,0,0,0,0,0,0,0,0,0,0,0,0,0,0,0
6,5,1326,0,8,50,101,202,0,0,0,0,0,0,0,0
0,0,0,0,0,0,0,0,0,0,0,0,0,0,0,0
10,6,4095,1,0,25,50,101,0,0,0,0,0,0,0,0
10,5,4047,0,0,77,154,309,0,0,0,0,0,0,0,0
6,6,1406,0,8,46,93,187,0,0,0,0,0,0,0,0
6,4,2575,0,8,119,238,477,0,0,0,0,0,0,0,0
10,6,4095,1,0,155,310,621,0,0,0,0,0,0,0,0
0,0,0,0,0,0,0,0,0,0,0,0,0,0,0,0
10,4,994,1,2,112,225,451,0,0,0,0,0,0,0,0
0,0,0,0,0,0,0,0,0,0,0,0,0,0,0,0
10,6,4095,1,0,43,86,173,0,0,0,0,0,0,0,0
0,0,0,0,0,0,0,0,0,0,0,0,0,0,0,0
0,0,0,0,0,0,0,0,0,0,0,0,0,0,0,0
10,4,255,0,0,74,148,297,0,0,0,0,0,0,0,0
6,5,3903,0,6,57,115,231,0,0,0,0,0,0,0,0
10,4,234,1,2,41,83,167,0,0,0,0,0,0,0,0
10,4,2220,0,1,93,187,375,0,0,0,0,0,0,0,0
10,5,767,0,1,133,266,532,0,0,0,0,0,0,0,0
9,5,2707,1,4,22,44,88,0,0,0,0,0,0,0,0
10,5,3882,1,1,32,65,130,0,0,0,0,0,0,0,0
0,0,0,0,0,0,0,0,0,0,0,0,0,0,0,0
4,6,1455,0,9,115,230,460,0,0,0,0,0,0,0,0
10,6,3839,0,0,46,92,185,0,0,0,0,0,0,0,0
0,0,0,0,0,0,0,0,0,0,0,0,0,0,0,0
0,0,0,0,0,0,0,0,0,0,0,0,0,0,0,0
0,0,0,0,0,0,0,0,0,0,0,0,0,0,0,0
10,6,1397,0,0,60,121,242,0,0,0,0,0,0,0,0
10,5,4083,0,0,134,268,537,0,0,0,0,0,0,0,0
10,5,767,0,1,37,74,148,0,0,0,0,0,0,0,0
0,0,0,0,0,0,0,0,0,0,0,0,0,0,0,0
10,5,2239,0,1,1,2,4,0,0,0,0,0,0,0,0
9,4,233,1,4,138,277,554,0,0,0,0,0,0,0,0
3,5,937,1,15,126,253,506,0,0,0,0,0,0,0,0
3,4,973,1,15,93,186,372,0,0,0,0,0,0,0,0
9,6,3055,1,5,77,155,310,0,0,0,0,0,0,0,0
0,0,0,0,0,0,0,0,0,0,0,0,0,0,0,0
10,5,3327,1,0,151,302,605,0,0,0,0,0,0,0,0
10,5,4008,1,2,0,0,1,0,0,0,0,0,0,0,0
10,6,3818,1,1,43,87,174,0,0,0,0,0,0,0,0
10,4,3891,0,0,83,166,333,0,0,0,0,0,0,0,0
0,0,0,0,0,0,0,0,0,0,0,0,0,0,0,0
0,0,0,0,0,0,0,0,0,0,0,0,0,0,0,0
10,6,2815,0,1,65,130,260,0,0,0,0,0,0,0,0
0,0,0,0,0,0,0,0,0,0,0,0,0,0,0,0
0,0,0,0,0,0,0,0,0,0,0,0,0,0,0,0
0,0,0,0,0,0,0,0,0,0,0,0,0,0,0,0
10,6,3753,1,2,93,186,372,0,0,0,0,0,0,0,0
10,5,4008,1,2,84,168,337,0,0,0,0,0,0,0,0
0,0,0,0,0,0,0,0,0,0,0,0,0,0,0,0
0,0,0,0,0,0,0,0,0,0,0,0,0,0,0,0
0,0,0,0,0,0,0,0,0,0,0,0,0,0,0,0
0,0,0,0,0,0,0,0,0,0,0,0,0,0,0,0
0,0,0,0,0,0,0,0,0,0,0,0,0,0,0,0
0,0,0,0,0,0,0,0,0,0,0,0,0,0,0,0
10,6,4095,1,0,57,114,229,0,0,0,0,0,0,0,0
0,0,0,0,0,0,0,0,0,0,0,0,0,0,0,0
0,0,0,0,0,0,0,0,0,0,0,0,0,0,0,0
8,4,127,0,4,88,177,354,0,0,0,0,0,0,0,0
0,0,0,0,0,0,0,0,0,0,0,0,0,0,0,0
0,0,0,0,0,0,0,0,0,0,0,0,0,0,0,0
10,6,4095,1,0,128,256,513,0,0,0,0,0,0,0,0
0,0,0,0,0,0,0,0,0,0,0,0,0,0,0,0
0,0,0,0,0,0,0,0,0,0,0,0,0,0,0,0
0,0,0,0,0,0,0,0,0,0,0,0,0,0,0,0
8,4,1740,0,3,107,214,429,0,0,0,0,0,0,0,0
2,4,2032,0,15,53,106,212,0,0,0,0,0,0,0,0
0,0,0,0,0,0,0,0,0,0,0,0,0,0,0,0
0,0,0,0,0,0,0,0,0,0,0,0,0,0,0,0
10,5,2603,0,1,23,47,94,0,0,0,0,0,0,0,0
10,4,719,0,1,104,208,416,0,0,0,0,0,0,0,0
0,0,0,0,0,0,0,0,0,0,0,0,0,0,0,0
0,0,0,0,0,0,0,0,0,0,0,0,0,0,0,0
0,0,0,0,0,0,0,0,0,0,0,0,0,0,0,0
3,5,3668,1,15,54,108,217,0,0,0,0,0,0,0,0
0,0,0,0,0,0,0,0,0,0,0,0,0,0,0,0
0,0,0,0,0,0,0,0,0,0,0,0,0,0,0,0
0,0,0,0,0,0,0,0,0,0,0,0,0,0,0,0
0,0,0,0,0,0,0,0,0,0,0,0,0,0,0,0
9,4,3849,1,3,92,184,369,0,0,0,0,0,0,0,0
10,6,3770,1,0,128,257,514,0,0,0,0,0,0,0,0
10,5,2281,1,1,92,184,369,0,0,0,0,0,0,0,0
8,6,1471,0,3,136,273,547,0,0,0,0,0,0,0,0
10,4,3713,1,2,120,241,483,0,0,0,0,0,0,0,0
10,6,2986,1,0,22,44,89,0,0,0,0,0,0,0,0
0,0,0,0,0,0,0,0,0,0,0,0,0,0,0,0
10,5,2748,0,2,133,266,532,0,0,0,0,0,0,0,0
3,6,2414,1,12,9,18,37,0,0,0,0,0,0,0,0
0,0,0,0,0,0,0,0,0,0,0,0,0,0,0,0
10,5,2703,0,1,101,203,407,0,0,0,0,0,0,0,0
0,0,0,0,0,0,0,0,0,0,0,0,0,0,0,0
10,4,3713,1,2,92,185,371,0,0,0,0,0,0,0,0
8,4,1676,0,3,48,97,195,0,0,0,0,0,0,0,0
0,0,0,0,0,0,0,0,0,0,0,0,0,0,0,0
10,4,3324,1,0,84,168,337,0,0,0,0,0,0,0,0
0,0,0,0,0,0,0,0,0,0,0,0,0,0,0,0
9,4,2095,1,4,68,137,274,0,0,0,0,0,0,0,0
10,5,3772,0,0,113,226,452,0,0,0,0,0,0,0,0
0,0,0,0,0,0,0,0,0,0,0,0,0,0,0,0
0,0,0,0,0,0,0,0,0,0,0,0,0,0,0,0
10,4,3784,1,1,79,159,318,0,0,0,0,0,0,0,0
10,6,2734,0,0,17,35,70,9,5,1306,1,4,22,44,89
5,5,4068,1,9,60,121,243,0,0,0,0,0,0,0,0
0,0,0,0,0,0,0,0,0,0,0,0,0,0,0,0
0,0,0,0,0,0,0,0,0,0,0,0,0,0,0,0
10,5,2303,0,1,148,296,593,0,0,0,0,0,0,0,0
0,0,0,0,0,0,0,0,0,0,0,0,0,0,0,0
3,5,3409,1,14,8,17,34,0,0,0,0,0,0,0,0
10,6,2479,0,2,151,303,606,0,0,0,0,0,0,0,0
0,0,0,0,0,0,0,0,0,0,0,0,0,0,0,0
8,5,1788,0,4,24,48,97,0,0,0,0,0,0,0,0
0,0,0,0,0,0,0,0,0,0,0,0,0,0,0,0
0,0,0,0,0,0,0,0,0,0,0,0,0,0,0,0
10,5,1023,1,0,88,176,353,0,0,0,0,0,0,0,0
0,0,0,0,0,0,0,0,0,0,0,0,0,0,0,0
10,5,510,0,1,79,159,319,0,0,0,0,0,0,0,0
0,0,0,0,0,0,0,0,0,0,0,0,0,0,0,0
0,0,0,0,0,0,0,0,0,0,0,0,0,0,0,0
0,0,0,0,0,0,0,0,0,0,0,0,0,0,0,0
0,0,0,0,0,0,0,0,0,0,0,0,0,0,0,0
8,6,4090,0,4,107,214,429,0,0,0,0,0,0,0,0
0,0,0,0,0,0,0,0,0,0,0,0,0,0,0,0
10,5,4083,0,0,138,276,553,0,0,0,0,0,0,0,0
4,4,355,0,10,98,197,394,0,0,0,0,0,0,0,0
0,0,0,0,0,0,0,0,0,0,0,0,0,0,0,0
10,5,2858,1,0,122,245,490,0,0,0,0,0,0,0,0
10,6,4095,1,0,29,58,117,0,0,0,0,0,0,0,0
0,0,0,0,0,0,0,0,0,0,0,0,0,0,0,0
5,4,3297,1,9,59,119,239,0,0,0,0,0,0,0,0
10,4,831,1,0,32,64,129,0,0,0,0,0,0,0,0
0,0,0,0,0,0,0,0,0,0,0,0,0,0,0,0
0,0,0,0,0,0,0,0,0,0,0,0,0,0,0,0
0,0,0,0,0,0,0,0,0,0,0,0,0,0,0,0
10,5,441,1,0,147,294,588,0,0,0,0,0,0,0,0
0,0,0,0,0,0,0,0,0,0,0,0,0,0,0,0
0,0,0,0,0,0,0,0,0,0,0,0,0,0,0,0
10,5,4092,0,0,142,284,569,0,0,0,0,0,0,0,0
0,0,0,0,0,0,0,0,0,0,0,0,0,0,0,0
0,0,0,0,0,0,0,0,0,0,0,0,0,0,0,0
0,0,0,0,0,0,0,0,0,0,0,0,0,0,0,0
8,5,1327,0,3,53,107,214,0,0,0,0,0,0,0,0
8,6,4094,0,4,57,115,230,0,0,0,0,0,0,0,0
10,6,2746,0,0,28,57,114,0,0,0,0,0,0,0,0
0,0,0,0,0,0,0,0,0,0,0,0,0,0,0,0
10,5,1003,1,0,106,212,424,0,0,0,0,0,0,0,0
6,5,4083,0,6,19,39,79,0,0,0,0,0,0,0,0
10,5,1739,0,2,121,243,487,0,0,0,0,0,0,0,0
2,4,2032,0,15,53,106,212,0,0,0,0,0,0,0,0
8,6,1727,0,3,112,225,451,0,0,0,0,0,0,0,0
10,6,2667,0,1,23,46,93,0,0,0,0,0,0,0,0
8,4,1187,0,3,110,221,442,0,0,0,0,0,0,0,0
0,0,0,0,0,0,0,0,0,0,0,0,0,0,0,0
0,0,0,0,0,0,0,0,0,0,0,0,0,0,0,0
8,5,1443,0,3,90,181,362,0,0,0,0,0,0,0,0
0,0,0,0,0,0,0,0,0,0,0,0,0,0,0,0
0,0,0,0,0,0,0,0,0,0,0,0,0,0,0,0
0,0,0,0,0,0,0,0,0,0,0,0,0,0,0,0
10,4,3440,1,0,102,204,409,0,0,0,0,0,0,0,0
10,6,4095,1,0,74,148,297,0,0,0,0,0,0,0,0
10,5,3903,0,0,16,32,65,0,0,0,0,0,0,0,0
10,4,810,1,2,116,233,466,0,0,0,0,0,0,0,0
10,6,3754,1,1,85,170,341,0,0,0,0,0,0,0,0
10,5,3786,1,1,115,231,462,0,0,0,0,0,0,0,0
4,4,335,0,10,141,283,567,0,0,0,0,0,0,0,0
2,5,2980,0,12,5,10,20,0,0,0,0,0,0,0,0
0,0,0,0,0,0,0,0,0,0,0,0,0,0,0,0
10,6,4094,1,1,24,48,96,0,0,0,0,0,0,0,0
9,4,3620,1,3,88,177,355,0,0,0,0,0,0,0,0
10,6,1707,0,2,149,299,598,0,0,0,0,0,0,0,0
10,5,3903,0,0,83,166,333,0,0,0,0,0,0,0,0
0,0,0,0,0,0,0,0,0,0,0,0,0,0,0,0
3,5,3732,1,15,130,261,522,0,0,0,0,0,0,0,0
10,4,3900,0,0,36,72,145,0,0,0,0,0,0,0,0
10,4,3900,0,0,141,282,565,0,0,0,0,0,0,0,0
10,5,2603,0,1,51,103,206,0,0,0,0,0,0,0,0
0,0,0,0,0,0,0,0,0,0,0,0,0,0,0,0
0,0,0,0,0,0,0,0,0,0,0,0,0,0,0,0
10,5,4047,0,0,141,282,565,0,0,0,0,0,0,0,0
10,6,1373,0,1,103,207,414,0,0,0,0,0,0,0,0
0,0,0,0,0,0,0,0,0,0,0,0,0,0,0,0
0,0,0,0,0,0,0,0,0,0,0,0,0,0,0,0
0,0,0,0,0,0,0,0,0,0,0,0,0,0,0,0
10,6,1723,0,2,122,245,490,0,0,0,0,0,0,0,0
6,5,2744,0,6,24,48,96,0,0,0,0,0,0,0,0
10,6,4010,1,1,12,25,50,0,0,0,0,0,0,0,0
10,4,2575,0,1,104,208,416,0,0,0,0,0,0,0,0
0,0,0,0,0,0,0,0,0,0,0,0,0,0,0,0
0,0,0,0,0,0,0,0,0,0,0,0,0,0,0,0
8,4,1712,0,4,110,220,441,0,0,0,0,0,0,0,0
3,5,933,1,15,54,108,217,0,0,0,0,0,0,0,0
0,0,0,0,0,0,0,0,0,0,0,0,0,0,0,0
0,0,0,0,0,0,0,0,0,0,0,0,0,0,0,0
0,0,0,0,0,0,0,0,0,0,0,0,0,0,0,0
0,0,0,0,0,0,0,0,0,0,0,0,0,0,0,0
5,5,4049,1,9,87,175,350,9,5,2583,1,5,121,243,487
0,0,0,0,0,0,0,0,0,0,0,0,0,0,0,0
0,0,0,0,0,0,0,0,0,0,0,0,0,0,0,0
0,0,0,0,0,0,0,0,0,0,0,0,0,0,0,0
0,0,0,0,0,0,0,0,0,0,0,0,0,0,0,0
9,5,3732,1,4,30,61,122,0,0,0,0,0,0,0,0
0,0,0,0,0,0,0,0,0,0,0,0,0,0,0,0
10,6,4095,1,0,109,218,437,0,0,0,0,0,0,0,0
0,0,0,0,0,0,0,0,0,0,0,0,0,0,0,0
0,0,0,0,0,0,0,0,0,0,0,0,0,0,0,0
9,4,249,1,5,43,86,172,0,0,0,0,0,0,0,0
6,5,1358,0,8,60,121,242,0,0,0,0,0,0,0,0
4,5,1215,0,9,100,200,401,0,0,0,0,0,0,0,0
0,0,0,0,0,0,0,0,0,0,0,0,0,0,0,0
6,4,191,0,8,59,118,237,0,0,0,0,0,0,0,0
0,0,0,0,0,0,0,0,0,0,0,0,0,0,0,0
4,5,367,0,10,40,81,163,0,0,0,0,0,0,0,0
10,4,2952,1,0,53,107,214,0,0,0,0,0,0,0,0
0,0,0,0,0,0,0,0,0,0,0,0,0,0,0,0
0,0,0,0,0,0,0,0,0,0,0,0,0,0,0,0
0,0,0,0,0,0,0,0,0,0,0,0,0,0,0,0
0,0,0,0,0,0,0,0,0,0,0,0,0,0,0,0
0,0,0,0,0,0,0,0,0,0,0,0,0,0,0,0
10,4,3696,1,0,102,204,409,0,0,0,0,0,0,0,0
8,4,364,0,5,58,116,233,0,0,0,0,0,0,0,0
10,4,3891,0,0,155,310,621,0,0,0,0,0,0,0,0
10,4,2946,1,0,4,9,18,0,0,0,0,0,0,0,0
0,0,0,0,0,0,0,0,0,0,0,0,0,0,0,0
0,0,0,0,0,0,0,0,0,0,0,0,0,0,0,0
0,0,0,0,0,0,0,0,0,0,0,0,0,0,0,0
0,0,0,0,0,0,0,0,0,0,0,0,0,0,0,0
0,0,0,0,0,0,0,0,0,0,0,0,0,0,0,0
0,0,0,0,0,0,0,0,0,0,0,0,0,0,0,0
0,0,0,0,0,0,0,0,0,0,0,0,0,0,0,0
0,0,0,0,0,0,0,0,0,0,0,0,0,0,0,0
10,5,767,0,1,120,240,480,0,0,0,0,0,0,0,0
10,6,3007,0,1,48,96,192,7,5,874,1,6,56,113,227
7,4,3855,1,6,108,216,432,0,0,0,0,0,0,0,0
7,4,906,1,7,61,122,244,0,0,0,0,0,0,0,0
0,0,0,0,0,0,0,0,0,0,0,0,0,0,0,0
0,0,0,0,0,0,0,0,0,0,0,0,0,0,0,0
10,6,4026,1,1,39,79,159,0,0,0,0,0,0,0,0
3,5,3409,1,14,8,17,34,0,0,0,0,0,0,0,0
10,6,2731,0,1,151,303,606,0,0,0,0,0,0,0,0
0,0,0,0,0,0,0,0,0,0,0,0,0,0,0,0
9,4,993,1,4,9,18,37,0,0,0,0,0,0,0,0
10,5,2699,0,1,48,97,194,0,0,0,0,0,0,0,0
7,6,4079,1,6,148,297,595,0,0,0,0,0,0,0,0
10,6,2746,0,0,18,37,74,0,0,0,0,0,0,0,0
10,5,2607,0,1,103,207,415,0,0,0,0,0,0,0,0
0,0,0,0,0,0,0,0,0,0,0,0,0,0,0,0
0,0,0,0,0,0,0,0,0,0,0,0,0,0,0,0
0,0,0,0,0,0,0,0,0,0,0,0,0,0,0,0
3,5,937,1,15,54,109,218,0,0,0,0,0,0,0,0
0,0,0,0,0,0,0,0,0,0,0,0,0,0,0,0
0,0,0,0,0,0,0,0,0,0,0,0,0,0,0,0
0,0,0,0,0,0,0,0,0,0,0,0,0,0,0,0
10,6,4095,1,0,112,224,449,0,0,0,0,0,0,0,0
6,4,2672,0,7,151,302,604,0,0,0,0,0,0,0,0
10,6,4010,1,1,149,299,598,0,0,0,0,0,0,0,0
0,0,0,0,0,0,0,0,0,0,0,0,0,0,0,0
0,0,0,0,0,0,0,0,0,0,0,0,0,0,0,0
10,6,4095,1,0,102,204,409,0,0,0,0,0,0,0,0
0,0,0,0,0,0,0,0,0,0,0,0,0,0,0,0
10,6,4095,1,0,25,50,101,0,0,0,0,0,0,0,0
0,0,0,0,0,0,0,0,0,0,0,0,0,0,0,0
8,4,2800,0,3,65,131,262,0,0,0,0,0,0,0,0
0,0,0,0,0,0,0,0,0,0,0,0,0,0,0,0
10,5,702,0,0,98,197,395,0,0,0,0,0,0,0,0
0,0,0,0,0,0,0,0,0,0,0,0,0,0,0,0
10,4,3234,1,1,139,279,558,0,0,0,0,0,0,0,0
9,4,215,1,5,41,83,167,0,0,0,0,0,0,0,0
10,6,4079,1,0,85,170,340,0,0,0,0,0,0,0,0
7,5,4072,1,8,61,122,245,0,0,0,0,0,0,0,0
0,0,0,0,0,0,0,0,0,0,0,0,0,0,0,0
0,0,0,0,0,0,0,0,0,0,0,0,0,0,0,0
3,5,3409,1,14,8,17,34,0,0,0,0,0,0,0,0
10,6,2731,0,1,151,303,606,0,0,0,0,0,0,0,0
3,5,2460,1,12,123,246,493,0,0,0,0,0,0,0,0
0,0,0,0,0,0,0,0,0,0,0,0,0,0,0,0
2,4,2032,0,15,53,106,212,0,0,0,0,0,0,0,0
10,6,1726,0,2,112,225,450,0,0,0,0,0,0,0,0
10,6,1711,0,2,110,221,442,0,0,0,0,0,0,0,0
0,0,0,0,0,0,0,0,0,0,0,0,0,0,0,0
0,0,0,0,0,0,0,0,0,0,0,0,0,0,0,0
0,0,0,0,0,0,0,0,0,0,0,0,0,0,0,0
3,6,2734,1,13,23,47,94,0,0,0,0,0,0,0,0
0,0,0,0,0,0,0,0,0,0,0,0,0,0,0,0
0,0,0,0,0,0,0,0,0,0,0,0,0,0,0,0
0,0,0,0,0,0,0,0,0,0,0,0,0,0,0,0
10,6,3071,0,1,74,148,297,0,0,0,0,0,0,0,0
0,0,0,0,0,0,0,0,0,0,0,0,0,0,0,0
8,6,4094,0,4,57,115,230,0,0,0,0,0,0,0,0
10,5,2219,0,1,116,233,466,0,0,0,0,0,0,0,0
5,6,4069,1,9,59,119,239,0,0,0,0,0,0,0,0
10,6,2986,1,0,32,64,129,0,0,0,0,0,0,0,0
0,0,0,0,0,0,0,0,0,0,0,0,0,0,0,0
0,0,0,0,0,0,0,0,0,0,0,0,0,0,0,0
0,0,0,0,0,0,0,0,0,0,0,0,0,0,0,0
9,4,3220,1,4,22,45,90,0,0,0,0,0,0,0,0
0,0,0,0,0,0,0,0,0,0,0,0,0,0,0,0
0,0,0,0,0,0,0,0,0,0,0,0,0,0,0,0
10,6,4095,1,0,44,88,177,0,0,0,0,0,0,0,0
0,0,0,0,0,0,0,0,0,0,0,0,0,0,0,0
0,0,0,0,0,0,0,0,0,0,0,0,0,0,0,0
10,5,2699,0,1,122,245,490,0,0,0,0,0,0,0,0
0,0,0,0,0,0,0,0,0,0,0,0,0,0,0,0
10,4,1010,1,2,29,58,116,0,0,0,0,0,0,0,0
8,5,1199,0,3,19,39,78,0,0,0,0,0,0,0,0
9,5,4065,1,3,78,156,313,0,0,0,0,0,0,0,0
0,0,0,0,0,0,0,0,0,0,0,0,0,0,0,0
10,6,4095,1,0,139,278,557,0,0,0,0,0,0,0,0
0,0,0,0,0,0,0,0,0,0,0,0,0,0,0,0
10,4,3279,1,0,100,200,401,0,0,0,0,0,0,0,0
0,0,0,0,0,0,0,0,0,0,0,0,0,0,0,0
0,0,0,0,0,0,0,0,0,0,0,0,0,0,0,0
3,5,3826,1,14,103,206,412,0,0,0,0,0,0,0,0
0,0,0,0,0,0,0,0,0,0,0,0,0,0,0,0
0,0,0,0,0,0,0,0,0,0,0,0,0,0,0,0
10,5,4046,1,1,142,284,568,0,0,0,0,0,0,0,0
3,4,969,1,15,92,185,371,0,0,0,0,0,0,0,0
10,6,4094,1,1,122,244,488,0,0,0,0,0,0,0,0
0,0,0,0,0,0,0,0,0,0,0,0,0,0,0,0
10,6,2793,1,1,151,302,605,0,0,0,0,0,0,0,0
10,5,4024,1,1,0,1,3,0,0,0,0,0,0,0,0
0,0,0,0,0,0,0,0,0,0,0,0,0,0,0,0
10,6,4031,0,0,83,166,333,0,0,0,0,0,0,0,0
0,0,0,0,0,0,0,0,0,0,0,0,0,0,0,0
8,6,3770,0,5,104,208,416,8,4,1596,0,4,65,130,260
10,5,4047,0,0,99,198,397,0,0,0,0,0,0,0,0
4,5,3882,0,11,81,163,326,0,0,0,0,0,0,0,0
10,5,3883,1,0,53,107,215,0,0,0,0,0,0,0,0
0,0,0,0,0,0,0,0,0,0,0,0,0,0,0,0
8,5,1023,0,5,2,5,11,0,0,0,0,0,0,0,0
0,0,0,0,0,0,0,0,0,0,0,0,0,0,0,0
0,0,0,0,0,0,0,0,0,0,0,0,0,0,0,0
0,0,0,0,0,0,0,0,0,0,0,0,0,0,0,0
10,4,3440,1,0,102,204,409,0,0,0,0,0,0,0,0
0,0,0,0,0,0,0,0,0,0,0,0,0,0,0,0
10,4,255,0,0,32,64,129,0,0,0,0,0,0,0,0
0,0,0,0,0,0,0,0,0,0,0,0,0,0,0,0
10,6,3967,0,0,16,32,64,0,0,0,0,0,0,0,0
0,0,0,0,0,0,0,0,0,0,0,0,0,0,0,0
0,0,0,0,0,0,0,0,0,0,0,0,0,0,0,0
10,4,3855,1,0,115,230,461,0,0,0,0,0,0,0,0
0,0,0,0,0,0,0,0,0,0,0,0,0,0,0,0
0,0,0,0,0,0,0,0,0,0,0,0,0,0,0,0
0,0,0,0,0,0,0,0,0,0,0,0,0,0,0,0
10,4,3595,0,0,103,207,415,0,0,0,0,0,0,0,0
0,0,0,0,0,0,0,0,0,0,0,0,0,0,0,0
0,0,0,0,0,0,0,0,0,0,0,0,0,0,0,0
0,0,0,0,0,0,0,0,0,0,0,0,0,0,0,0
3,5,933,1,15,54,108,217,0,0,0,0,0,0,0,0
0,0,0,0,0,0,0,0,0,0,0,0,0,0,0,0
0,0,0,0,0,0,0,0,0,0,0,0,0,0,0,0
0,0,0,0,0,0,0,0,0,0,0,0,0,0,0,0
0,0,0,0,0,0,0,0,0,0,0,0,0,0,0,0
0,0,0,0,0,0,0,0,0,0,0,0,0,0,0,0
10,4,4035,1,0,3,6,13,0,0,0,0,0,0,0,0
2,5,3068,0,15,52,104,208,0,0,0,0,0,0,0,0
0,0,0,0,0,0,0,0,0,0,0,0,0,0,0,0
0,0,0,0,0,0,0,0,0,0,0,0,0,0,0,0
0,0,0,0,0,0,0,0,0,0,0,0,0,0,0,0
10,5,4092,0,0,115,230,461,0,0,0,0,0,0,0,0
0,0,0,0,0,0,0,0,0,0,0,0,0,0,0,0
0,0,0,0,0,0,0,0,0,0,0,0,0,0,0,0
0,0,0,0,0,0,0,0,0,0,0,0,0,0,0,0
10,5,3791,0,0,86,172,345,0,0,0,0,0,0,0,0
10,6,3071,0,1,122,244,489,0,0,0,0,0,0,0,0
10,4,755,0,1,133,266,532,0,0,0,0,0,0,0,0
3,6,3775,1,12,9,18,36,0,0,0,0,0,0,0,0
9,4,249,1,5,22,44,88,0,0,0,0,0,0,0,0
10,5,2239,0,1,102,204,408,0,0,0,0,0,0,0,0
10,5,4082,1,1,33,66,132,0,0,0,0,0,0,0,0
10,4,738,1,0,93,187,374,0,0,0,0,0,0,0,0
8,6,1727,0,3,48,97,195,0,0,0,0,0,0,0,0
0,0,0,0,0,0,0,0,0,0,0,0,0,0,0,0
0,0,0,0,0,0,0,0,0,0,0,0,0,0,0,0
9,4,233,1,4,22,45,90,0,0,0,0,0,0,0,0
0,0,0,0,0,0,0,0,0,0,0,0,0,0,0,0
0,0,0,0,0,0,0,0,0,0,0,0,0,0,0,0
0,0,0,0,0,0,0,0,0,0,0,0,0,0,0,0
10,4,4080,0,0,105,210,421,0,0,0,0,0,0,0,0
3,5,3409,1,14,8,17,34,0,0,0,0,0,0,0,0
10,5,2603,0,1,151,303,606,0,0,0,0,0,0,0,0
0,0,0,0,0,0,0,0,0,0,0,0,0,0,0,0
2,5,1019,0,13,104,208,416,0,0,0,0,0,0,0,0
10,5,2767,0,1,150,300,600,0,0,0,0,0,0,0,0
10,4,4080,0,0,1,2,5,0,0,0,0,0,0,0,0
10,6,4095,1,0,21,42,85,0,0,0,0,0,0,0,0
10,4,738,1,0,46,93,186,0,0,0,0,0,0,0,0
0,0,0,0,0,0,0,0,0,0,0,0,0,0,0,0
10,6,4095,1,0,138,276,553,0,0,0,0,0,0,0,0
6,5,2739,0,8,98,196,393,0,0,0,0,0,0,0,0
0,0,0,0,0,0,0,0,0,0,0,0,0,0,0,0
0,0,0,0,0,0,0,0,0,0,0,0,0,0,0,0
10,4,831,1,0,32,64,129,0,0,0,0,0,0,0,0
10,6,4074,1,2,118,237,475,0,0,0,0,0,0,0,0
0,0,0,0,0,0,0,0,0,0,0,0,0,0,0,0
10,5,441,1,0,147,294,588,0,0,0,0,0,0,0,0
0,0,0,0,0,0,0,0,0,0,0,0,0,0,0,0
10,6,4095,1,0,142,284,569,0,0,0,0,0,0,0,0
9,6,4095,1,5,43,86,172,0,0,0,0,0,0,0,0
4,6,4070,0,10,100,200,401,0,0,0,0,0,0,0,0
0,0,0,0,0,0,0,0,0,0,0,0,0,0,0,0
10,4,3315,0,0,86,172,345,0,0,0,0,0,0,0,0
9,5,3237,1,3,107,214,428,0,0,0,0,0,0,0,0
3,4,229,1,15,41,83,166,0,0,0,0,0,0,0,0
10,6,1466,0,2,122,244,489,0,0,0,0,0,0,0,0
0,0,0,0,0,0,0,0,0,0,0,0,0,0,0,0
2,4,2032,0,15,53,106,212,0,0,0,0,0,0,0,0
10,6,3759,0,0,112,225,451,0,0,0,0,0,0,0,0
10,6,2667,0,1,23,46,93,0,0,0,0,0,0,0,0
8,6,1455,0,3,110,221,442,0,0,0,0,0,0,0,0
0,0,0,0,0,0,0,0,0,0,0,0,0,0,0,0
0,0,0,0,0,0,0,0,0,0,0,0,0,0,0,0
10,5,2739,0,1,49,98,196,0,0,0,0,0,0,0,0
10,6,4095,1,0,135,270,541,0,0,0,0,0,0,0,0
10,5,3816,1,1,34,69,138,0,0,0,0,0,0,0,0
0,0,0,0,0,0,0,0,0,0,0,0,0,0,0,0
0,0,0,0,0,0,0,0,0,0,0,0,0,0,0,0
10,5,2723,0,1,16,33,66,0,0,0,0,0,0,0,0
0,0,0,0,0,0,0,0,0,0,0,0,0,0,0,0
10,5,3903,0,0,85,170,341,0,0,0,0,0,0,0,0
10,5,1023,1,0,115,230,461,0,0,0,0,0,0,0,0
4,5,367,0,10,141,283,567,3,5,942,1,14,102,205,411
4,6,2965,0,10,4,9,18,0,0,0,0,0,0,0,0
0,0,0,0,0,0,0,0,0,0,0,0,0,0,0,0
0,0,0,0,0,0,0,0,0,0,0,0,0,0,0,0
0,0,0,0,0,0,0,0,0,0,0,0,0,0,0,0
10,4,254,1,2,117,234,469,0,0,0,0,0,0,0,0
10,4,3040,0,0,112,225,451,0,0,0,0,0,0,0,0
10,4,484,1,0,118,236,472,0,0,0,0,0,0,0,0
0,0,0,0,0,0,0,0,0,0,0,0,0,0,0,0
0,0,0,0,0,0,0,0,0,0,0,0,0,0,0,0
10,6,4090,1,1,22,45,91,0,0,0,0,0,0,0,0
9,5,2287,1,4,68,137,274,0,0,0,0,0,0,0,0
7,4,3880,1,8,60,120,241,0,0,0,0,0,0,0,0
0,0,0,0,0,0,0,0,0,0,0,0,0,0,0,0
6,5,2239,0,7,24,48,97,0,0,0,0,0,0,0,0
10,5,2222,0,0,63,127,254,0,0,0,0,0,0,0,0
10,6,4079,1,0,29,58,116,0,0,0,0,0,0,0,0
10,5,2239,0,1,90,180,360,0,0,0,0,0,0,0,0
3,4,4044,1,14,3,6,13,0,0,0,0,0,0,0,0
10,6,4095,1,0,7,14,29,0,0,0,0,0,0,0,0
8,4,175,0,3,24,49,98,0,0,0,0,0,0,0,0
0,0,0,0,0,0,0,0,0,0,0,0,0,0,0,0
10,6,2986,1,0,142,284,569,0,0,0,0,0,0,0,0
0,0,0,0,0,0,0,0,0,0,0,0,0,0,0,0
0,0,0,0,0,0,0,0,0,0,0,0,0,0,0,0
10,5,4002,1,1,149,299,598,0,0,0,0,0,0,0,0
0,0,0,0,0,0,0,0,0,0,0,0,0,0,0,0
10,6,3071,0,1,34,68,137,0,0,0,0,0,0,0,0
10,5,2808,0,0,75,151,303,0,0,0,0,0,0,0,0
8,4,364,0,5,20,40,81,0,0,0,0,0,0,0,0
0,0,0,0,0,0,0,0,0,0,0,0,0,0,0,0
0,0,0,0,0,0,0,0,0,0,0,0,0,0,0,0
5,6,3733,1,9,49,98,197,10,5,4003,1,0,18,37,75
10,6,2731,0,1,140,281,562,0,0,0,0,0,0,0,0
10,4,3011,0,1,54,108,217,0,0,0,0,0,0,0,0
0,0,0,0,0,0,0,0,0,0,0,0,0,0,0,0
8,6,1455,0,3,90,181,362,0,0,0,0,0,0,0,0
0,0,0,0,0,0,0,0,0,0,0,0,0,0,0,0
10,5,939,0,0,122,245,491,0,0,0,0,0,0,0,0
0,0,0,0,0,0,0,0,0,0,0,0,0,0,0,0
10,4,3440,1,0,102,204,409,0,0,0,0,0,0,0,0
6,4,3315,0,6,58,117,235,0,0,0,0,0,0,0,0
10,5,4083,0,0,155,310,621,0,0,0,0,0,0,0,0
10,5,954,1,1,4,9,19,0,0,0,0,0,0,0,0
9,5,2792,1,5,44,88,177,0,0,0,0,0,0,0,0
0,0,0,0,0,0,0,0,0,0,0,0,0,0,0,0
0,0,0,0,0,0,0,0,0,0,0,0,0,0,0,0
0,0,0,0,0,0,0,0,0,0,0,0,0,0,0,0
0,0,0,0,0,0,0,0,0,0,0,0,0,0,0,0
0,0,0,0,0,0,0,0,0,0,0,0,0,0,0,0
0,0,0,0,0,0,0,0,0,0,0,0,0,0,0,0
10,4,3215,0,0,120,240,480,0,0,0,0,0,0,0,0
10,6,3071,0,1,107,214,429,0,0,0,0,0,0,0,0
0,0,0,0,0,0,0,0,0,0,0,0,0,0,0,0
3,4,973,1,15,19,38,76,0,0,0,0,0,0,0,0
9,5,3732,1,4,84,169,338,0,0,0,0,0,0,0,0
0,0,0,0,0,0,0,0,0,0,0,0,0,0,0,0
0,0,0,0,0,0,0,0,0,0,0,0,0,0,0,0
10,6,4095,1,0,93,186,373,9,5,3748,1,3,3,7,15
0,0,0,0,0,0,0,0,0,0,0,0,0,0,0,0
0,0,0,0,0,0,0,0,0,0,0,0,0,0,0,0
8,5,3258,0,4,45,90,180,0,0,0,0,0,0,0,0
0,0,0,0,0,0,0,0,0,0,0,0,0,0,0,0
0,0,0,0,0,0,0,0,0,0,0,0,0,0,0,0
0,0,0,0,0,0,0,0,0,0,0,0,0,0,0,0
10,6,3817,1,2,34,68,137,0,0,0,0,0,0,0,0
0,0,0,0,0,0,0,0,0,0,0,0,0,0,0,0
0,0,0,0,0,0,0,0,0,0,0,0,0,0,0,0
10,4,3890,1,1,155,310,620,0,0,0,0,0,0,0,0
10,5,3978,1,1,5,11,22,0,0,0,0,0,0,0,0
0,0,0,0,0,0,0,0,0,0,0,0,0,0,0,0
10,6,1710,0,1,65,130,261,0,0,0,0,0,0,0,0
0,0,0,0,0,0,0,0,0,0,0,0,0,0,0,0
10,5,2878,0,0,99,198,396,0,0,0,0,0,0,0,0
0,0,0,0,0,0,0,0,0,0,0,0,0,0,0,0
10,5,1023,1,0,108,216,433,0,0,0,0,0,0,0,0
3,4,3656,1,15,138,277,555,0,0,0,0,0,0,0,0
0,0,0,0,0,0,0,0,0,0,0,0,0,0,0,0
10,4,571,0,1,70,141,283,0,0,0,0,0,0,0,0
0,0,0,0,0,0,0,0,0,0,0,0,0,0,0,0
0,0,0,0,0,0,0,0,0,0,0,0,0,0,0,0
0,0,0,0,0,0,0,0,0,0,0,0,0,0,0,0
0,0,0,0,0,0,0,0,0,0,0,0,0,0,0,0
0,0,0,0,0,0,0,0,0,0,0,0,0,0,0,0
10,5,4092,0,0,24,48,97,0,0,0,0,0,0,0,0
0,0,0,0,0,0,0,0,0,0,0,0,0,0,0,0
8,4,299,0,3,18,36,72,9,4,2000,1,5,36,72,144
0,0,0,0,0,0,0,0,0,0,0,0,0,0,0,0
0,0,0,0,0,0,0,0,0,0,0,0,0,0,0,0
10,5,1018,1,2,113,226,452,0,0,0,0,0,0,0,0
0,0,0,0,0,0,0,0,0,0,0,0,0,0,0,0
10,6,4095,1,0,29,58,117,0,0,0,0,0,0,0,0
0,0,0,0,0,0,0,0,0,0,0,0,0,0,0,0
6,5,2239,0,7,151,302,605,0,0,0,0,0,0,0,0
8,4,1676,0,3,43,87,175,0,0,0,0,0,0,0,0
10,5,4008,1,2,149,298,597,0,0,0,0,0,0,0,0
0,0,0,0,0,0,0,0,0,0,0,0,0,0,0,0
10,6,4095,1,0,59,118,237,0,0,0,0,0,0,0,0
0,0,0,0,0,0,0,0,0,0,0,0,0,0,0,0
10,4,3900,0,0,42,84,169,0,0,0,0,0,0,0,0
0,0,0,0,0,0,0,0,0,0,0,0,0,0,0,0
10,5,2767,0,1,74,148,296,0,0,0,0,0,0,0,0
0,0,0,0,0,0,0,0,0,0,0,0,0,0,0,0
10,4,3240,1,2,37,74,149,0,0,0,0,0,0,0,0
9,4,215,1,5,41,83,167,0,0,0,0,0,0,0,0
0,0,0,0,0,0,0,0,0,0,0,0,0,0,0,0
10,4,2876,0,1,117,234,469,0,0,0,0,0,0,0,0
9,6,2795,1,5,70,140,281,0,0,0,0,0,0,0,0
0,0,0,0,0,0,0,0,0,0,0,0,0,0,0,0
0,0,0,0,0,0,0,0,0,0,0,0,0,0,0,0
9,5,3064,1,5,67,135,270,0,0,0,0,0,0,0,0
0,0,0,0,0,0,0,0,0,0,0,0,0,0,0,0
10,5,4047,0,0,15,30,61,0,0,0,0,0,0,0,0
10,5,959,0,0,1,2,4,0,0,0,0,0,0,0,0
9,4,229,1,5,138,276,553,10,4,2571,0,1,149,299,598
3,5,3668,1,15,126,252,505,0,0,0,0,0,0,0,0
10,4,2867,0,1,17,34,69,0,0,0,0,0,0,0,0
0,0,0,0,0,0,0,0,0,0,0,0,0,0,0,0
10,5,3327,1,0,93,186,373,0,0,0,0,0,0,0,0
0,0,0,0,0,0,0,0,0,0,0,0,0,0,0,0
8,6,4014,0,4,45,90,180,0,0,0,0,0,0,0,0
0,0,0,0,0,0,0,0,0,0,0,0,0,0,0,0
10,4,575,0,2,75,150,300,0,0,0,0,0,0,0,0
5,6,4053,1,10,122,245,490,0,0,0,0,0,0,0,0
9,4,3233,1,3,101,202,404,0,0,0,0,0,0,0,0
8,4,419,0,3,106,212,425,0,0,0,0,0,0,0,0
0,0,0,0,0,0,0,0,0,0,0,0,0,0,0,0
0,0,0,0,0,0,0,0,0,0,0,0,0,0,0,0
10,4,3880,1,2,154,309,618,0,0,0,0,0,0,0,0
3,4,969,1,15,92,185,371,0,0,0,0,0,0,0,0
9,4,3011,1,5,77,155,310,0,0,0,0,0,0,0,0
10,4,2255,0,1,120,240,480,0,0,0,0,0,0,0,0
10,5,3242,1,1,151,303,606,0,0,0,0,0,0,0,0
10,5,4008,1,2,0,0,1,0,0,0,0,0,0,0,0
10,4,255,0,0,43,86,173,0,0,0,0,0,0,0,0
10,6,2794,1,0,61,123,246,0,0,0,0,0,0,0,0
0,0,0,0,0,0,0,0,0,0,0,0,0,0,0,0
8,5,3722,0,4,103,207,415,10,4,2604,0,1,64,129,259
4,5,2949,0,11,81,163,327,0,0,0,0,0,0,0,0
0,0,0,0,0,0,0,0,0,0,0,0,0,0,0,0
0,0,0,0,0,0,0,0,0,0,0,0,0,0,0,0
10,4,126,0,2,88,176,353,0,0,0,0,0,0,0,0
0,0,0,0,0,0,0,0,0,0,0,0,0,0,0,0
0,0,0,0,0,0,0,0,0,0,0,0,0,0,0,0
10,4,4044,0,0,133,266,533,0,0,0,0,0,0,0,0
6,5,2618,0,6,94,189,379,0,0,0,0,0,0,0,0
3,4,1588,1,13,34,68,136,0,0,0,0,0,0,0,0
9,4,3093,1,3,36,73,147,0,0,0,0,0,0,0,0
0,0,0,0,0,0,0,0,0,0,0,0,0,0,0,0
0,0,0,0,0,0,0,0,0,0,0,0,0,0,0,0
9,5,4004,1,4,92,184,368,0,0,0,0,0,0,0,0
10,5,2233,1,1,92,184,369,0,0,0,0,0,0,0,0
8,5,3756,0,5,137,274,548,0,0,0,0,0,0,0,0
10,5,3746,1,1,121,242,485,0,0,0,0,0,0,0,0
0,0,0,0,0,0,0,0,0,0,0,0,0,0,0,0
0,0,0,0,0,0,0,0,0,0,0,0,0,0,0,0
0,0,0,0,0,0,0,0,0,0,0,0,0,0,0,0
10,5,4047,0,0,47,94,189,0,0,0,0,0,0,0,0
10,6,4094,1,1,85,170,340,0,0,0,0,0,0,0,0
10,5,2223,0,1,94,189,379,0,0,0,0,0,0,0,0
10,6,4094,1,1,10,20,40,0,0,0,0,0,0,0,0
7,6,4075,1,6,20,41,82,0,0,0,0,0,0,0,0
10,6,4074,1,2,56,113,227,0,0,0,0,0,0,0,0
0,0,0,0,0,0,0,0,0,0,0,0,0,0,0,0
0,0,0,0,0,0,0,0,0,0,0,0,0,0,0,0
0,0,0,0,0,0,0,0,0,0,0,0,0,0,0,0
10,5,1023,1,0,149,298,597,0,0,0,0,0,0,0,0
3,5,3668,1,15,126,252,505,0,0,0,0,0,0,0,0
10,5,2606,0,0,57,115,230,0,0,0,0,0,0,0,0
0,0,0,0,0,0,0,0,0,0,0,0,0,0,0,0
8,4,111,0,5,59,118,237,0,0,0,0,0,0,0,0
0,0,0,0,0,0,0,0,0,0,0,0,0,0,0,0
10,5,2222,0,0,19,39,78,0,0,0,0,0,0,0,0
10,5,703,0,2,43,86,172,0,0,0,0,0,0,0,0
0,0,0,0,0,0,0,0,0,0,0,0,0,0,0,0
3,6,3775,1,12,9,18,36,0,0,0,0,0,0,0,0
0,0,0,0,0,0,0,0,0,0,0,0,0,0,0,0
10,4,2691,0,1,101,203,407,0,0,0,0,0,0,0,0
9,5,4068,1,4,32,64,129,0,0,0,0,0,0,0,0
10,4,1010,1,2,93,186,372,0,0,0,0,0,0,0,0
10,6,1711,0,2,48,97,194,0,0,0,0,0,0,0,0
0,0,0,0,0,0,0,0,0,0,0,0,0,0,0,0
10,5,3887,1,0,51,102,204,0,0,0,0,0,0,0,0
10,4,2255,0,1,88,176,352,0,0,0,0,0,0,0,0
0,0,0,0,0,0,0,0,0,0,0,0,0,0,0,0
0,0,0,0,0,0,0,0,0,0,0,0,0,0,0,0
0,0,0,0,0,0,0,0,0,0,0,0,0,0,0,0
10,4,126,0,2,88,176,353,0,0,0,0,0,0,0,0
0,0,0,0,0,0,0,0,0,0,0,0,0,0,0,0
6,6,2415,0,8,42,85,171,10,5,1699,0,2,152,305,610
10,4,3315,0,0,133,266,533,0,0,0,0,0,0,0,0
6,5,702,0,6,95,190,380,0,0,0,0,0,0,0,0
0,0,0,0,0,0,0,0,0,0,0,0,0,0,0,0
8,5,1443,0,3,107,215,430,0,0,0,0,0,0,0,0
10,6,4095,1,0,50,100,201,0,0,0,0,0,0,0,0
0,0,0,0,0,0,0,0,0,0,0,0,0,0,0,0
10,5,1023,1,0,30,60,121,0,0,0,0,0,0,0,0
10,4,930,1,1,138,277,554,0,0,0,0,0,0,0,0
4,6,1391,0,9,98,197,395,0,0,0,0,0,0,0,0
10,6,2751,0,2,105,210,420,0,0,0,0,0,0,0,0
10,4,975,0,0,22,44,89,0,0,0,0,0,0,0,0
8,4,975,0,5,129,259,519,0,0,0,0,0,0,0,0
0,0,0,0,0,0,0,0,0,0,0,0,0,0,0,0
10,4,3210,1,1,69,139,278,0,0,0,0,0,0,0,0
10,6,4095,1,0,41,82,165,0,0,0,0,0,0,0,0
0,0,0,0,0,0,0,0,0,0,0,0,0,0,0,0
0,0,0,0,0,0,0,0,0,0,0,0,0,0,0,0
5,5,3732,1,9,25,50,101,0,0,0,0,0,0,0,0
0,0,0,0,0,0,0,0,0,0,0,0,0,0,0,0
0,0,0,0,0,0,0,0,0,0,0,0,0,0,0,0
0,0,0,0,0,0,0,0,0,0,0,0,0,0,0,0
0,0,0,0,0,0,0,0,0,0,0,0,0,0,0,0
0,0,0,0,0,0,0,0,0,0,0,0,0,0,0,0
0,0,0,0,0,0,0,0,0,0,0,0,0,0,0,0
0,0,0,0,0,0,0,0,0,0,0,0,0,0,0,0
8,5,1788,0,4,24,48,97,0,0,0,0,0,0,0,0
8,5,1423,0,3,53,107,214,0,0,0,0,0,0,0,0
0,0,0,0,0,0,0,0,0,0,0,0,0,0,0,0
10,6,4095,1,0,28,56,113,0,0,0,0,0,0,0,0
0,0,0,0,0,0,0,0,0,0,0,0,0,0,0,0
10,5,1003,1,0,106,212,424,0,0,0,0,0,0,0,0
6,5,4047,0,6,19,39,79,0,0,0,0,0,0,0,0
0,0,0,0,0,0,0,0,0,0,0,0,0,0,0,0
9,6,4005,1,3,92,184,368,0,0,0,0,0,0,0,0
10,6,4094,1,1,51,102,204,0,0,0,0,0,0,0,0
0,0,0,0,0,0,0,0,0,0,0,0,0,0,0,0
0,0,0,0,0,0,0,0,0,0,0,0,0,0,0,0
0,0,0,0,0,0,0,0,0,0,0,0,0,0,0,0
10,5,766,0,0,93,186,372,0,0,0,0,0,0,0,0
10,6,4079,1,0,121,242,484,0,0,0,0,0,0,0,0
0,0,0,0,0,0,0,0,0,0,0,0,0,0,0,0
0,0,0,0,0,0,0,0,0,0,0,0,0,0,0,0
10,6,4094,1,1,85,170,340,0,0,0,0,0,0,0,0
0,0,0,0,0,0,0,0,0,0,0,0,0,0,0,0
0,0,0,0,0,0,0,0,0,0,0,0,0,0,0,0
10,6,3834,1,1,56,113,227,0,0,0,0,0,0,0,0
8,5,3722,0,4,91,183,367,0,0,0,0,0,0,0,0
8,6,3750,0,4,122,245,490,0,0,0,0,0,0,0,0
10,4,4044,0,0,114,228,457,0,0,0,0,0,0,0,0
5,6,3989,1,9,137,275,550,0,0,0,0,0,0,0,0
0,0,0,0,0,0,0,0,0,0,0,0,0,0,0,0
0,0,0,0,0,0,0,0,0,0,0,0,0,0,0,0
0,0,0,0,0,0,0,0,0,0,0,0,0,0,0,0
10,5,2858,1,0,142,285,570,0,0,0,0,0,0,0,0
0,0,0,0,0,0,0,0,0,0,0,0,0,0,0,0
8,6,1455,0,3,47,95,190,10,4,219,0,0,33,67,134
0,0,0,0,0,0,0,0,0,0,0,0,0,0,0,0
10,5,2287,0,1,115,230,460,0,0,0,0,0,0,0,0
9,6,2799,1,4,88,177,354,0,0,0,0,0,0,0,0
10,5,3736,1,2,146,292,584,0,0,0,0,0,0,0,0
10,5,4088,1,1,46,92,184,0,0,0,0,0,0,0,0
3,5,3732,1,15,130,261,522,0,0,0,0,0,0,0,0
10,5,4092,0,0,51,102,205,0,0,0,0,0,0,0,0
8,5,4092,0,5,57,115,231,0,0,0,0,0,0,0,0
6,4,3855,0,6,65,131,263,0,0,0,0,0,0,0,0
0,0,0,0,0,0,0,0,0,0,0,0,0,0,0,0
10,5,3258,1,1,29,59,119,0,0,0,0,0,0,0,0
0,0,0,0,0,0,0,0,0,0,0,0,0,0,0,0
8,5,1788,0,4,24,48,97,0,0,0,0,0,0,0,0
0,0,0,0,0,0,0,0,0,0,0,0,0,0,0,0
10,6,3071,0,1,88,176,353,0,0,0,0,0,0,0,0
10,4,3274,1,1,57,115,231,0,0,0,0,0,0,0,0
9,6,2795,1,5,24,48,97,0,0,0,0,0,0,0,0
8,6,2041,0,5,79,159,319,0,0,0,0,0,0,0,0
10,6,4074,1,2,20,41,83,0,0,0,0,0,0,0,0
0,0,0,0,0,0,0,0,0,0,0,0,0,0,0,0
10,5,1007,1,0,106,212,424,0,0,0,0,0,0,0,0
0,0,0,0,0,0,0,0,0,0,0,0,0,0,0,0
10,4,4040,1,2,113,227,455,0,0,0,0,0,0,0,0
0,0,0,0,0,0,0,0,0,0,0,0,0,0,0,0
10,5,750,0,0,19,39,79,0,0,0,0,0,0,0,0
8,5,1199,0,3,42,85,170,0,0,0,0,0,0,0,0
10,5,3882,1,1,58,117,234,0,0,0,0,0,0,0,0
0,0,0,0,0,0,0,0,0,0,0,0,0,0,0,0
0,0,0,0,0,0,0,0,0,0,0,0,0,0,0,0
0,0,0,0,0,0,0,0,0,0,0,0,0,0,0,0
10,5,4072,1,2,30,61,122,0,0,0,0,0,0,0,0
10,4,3324,1,0,117,234,469,0,0,0,0,0,0,0,0
0,0,0,0,0,0,0,0,0,0,0,0,0,0,0,0
0,0,0,0,0,0,0,0,0,0,0,0,0,0,0,0
7,5,4046,1,7,146,293,586,0,0,0,0,0,0,0,0
0,0,0,0,0,0,0,0,0,0,0,0,0,0,0,0
6,5,3327,0,6,59,119,239,0,0,0,0,0,0,0,0
4,5,367,0,10,40,81,163,0,0,0,0,0,0,0,0
0,0,0,0,0,0,0,0,0,0,0,0,0,0,0,0
8,4,1123,0,3,11,22,45,0,0,0,0,0,0,0,0
9,4,932,1,4,81,162,324,0,0,0,0,0,0,0,0
0,0,0,0,0,0,0,0,0,0,0,0,0,0,0,0
10,4,3874,1,1,66,133,266,0,0,0,0,0,0,0,0
0,0,0,0,0,0,0,0,0,0,0,0,0,0,0,0
0,0,0,0,0,0,0,0,0,0,0,0,0,0,0,0
0,0,0,0,0,0,0,0,0,0,0,0,0,0,0,0
10,5,4092,0,0,28,56,113,0,0,0,0,0,0,0,0
0,0,0,0,0,0,0,0,0,0,0,0,0,0,0,0
6,5,3903,0,6,19,39,79,0,0,0,0,0,0,0,0
10,5,4083,0,0,22,44,89,0,0,0,0,0,0,0,0
6,5,2738,0,6,130,260,520,0,0,0,0,0,0,0,0
0,0,0,0,0,0,0,0,0,0,0,0,0,0,0,0
10,6,4010,1,1,69,139,278,0,0,0,0,0,0,0,0
0,0,0,0,0,0,0,0,0,0,0,0,0,0,0,0
0,0,0,0,0,0,0,0,0,0,0,0,0,0,0,0
0,0,0,0,0,0,0,0,0,0,0,0,0,0,0,0
7,5,4056,1,8,25,50,100,0,0,0,0,0,0,0,0
0,0,0,0,0,0,0,0,0,0,0,0,0,0,0,0
0,0,0,0,0,0,0,0,0,0,0,0,0,0,0,0
0,0,0,0,0,0,0,0,0,0,0,0,0,0,0,0
10,6,4095,1,0,31,62,125,0,0,0,0,0,0,0,0
0,0,0,0,0,0,0,0,0,0,0,0,0,0,0,0
0,0,0,0,0,0,0,0,0,0,0,0,0,0,0,0
0,0,0,0,0,0,0,0,0,0,0,0,0,0,0,0
10,4,2764,0,2,52,104,209,0,0,0,0,0,0,0,0
0,0,0,0,0,0,0,0,0,0,0,0,0,0,0,0
0,0,0,0,0,0,0,0,0,0,0,0,0,0,0,0
10,5,442,0,1,122,244,489,0,0,0,0,0,0,0,0
9,4,1000,1,3,68,137,274,0,0,0,0,0,0,0,0
10,6,4095,1,0,95,190,381,0,0,0,0,0,0,0,0
10,6,2750,0,0,112,225,451,0,0,0,0,0,0,0,0
10,6,2986,1,0,18,36,73,0,0,0,0,0,0,0,0
10,6,1711,0,2,110,221,442,0,0,0,0,0,0,0,0
9,6,2799,1,4,88,177,354,0,0,0,0,0,0,0,0
10,4,3224,1,2,146,292,584,0,0,0,0,0,0,0,0
3,5,3732,1,15,130,261,522,0,0,0,0,0,0,0,0
10,5,2603,0,1,36,73,146,0,0,0,0,0,0,0,0
10,5,2223,0,1,51,103,207,0,0,0,0,0,0,0,0
0,0,0,0,0,0,0,0,0,0,0,0,0,0,0,0
0,0,0,0,0,0,0,0,0,0,0,0,0,0,0,0
0,0,0,0,0,0,0,0,0,0,0,0,0,0,0,0
10,6,4095,1,0,106,212,425,0,0,0,0,0,0,0,0
0,0,0,0,0,0,0,0,0,0,0,0,0,0,0,0
10,6,4095,1,0,119,238,477,0,0,0,0,0,0,0,0
8,4,1712,0,4,44,88,177,0,0,0,0,0,0,0,0
10,6,2731,0,1,104,209,418,0,0,0,0,0,0,0,0
0,0,0,0,0,0,0,0,0,0,0,0,0,0,0,0
3,5,1017,1,15,80,161,323,0,0,0,0,0,0,0,0
0,0,0,0,0,0,0,0,0,0,0,0,0,0,0,0
10,4,2250,1,0,149,299,598,0,0,0,0,0,0,0,0
0,0,0,0,0,0,0,0,0,0,0,0,0,0,0,0
0,0,0,0,0,0,0,0,0,0,0,0,0,0,0,0
0,0,0,0,0,0,0,0,0,0,0,0,0,0,0,0
0,0,0,0,0,0,0,0,0,0,0,0,0,0,0,0
10,4,3855,1,0,122,244,489,0,0,0,0,0,0,0,0
10,4,3891,0,0,29,58,117,0,0,0,0,0,0,0,0
9,6,3733,1,3,30,61,123,0,0,0,0,0,0,0,0
0,0,0,0,0,0,0,0,0,0,0,0,0,0,0,0
7,6,4090,1,7,146,293,586,0,0,0,0,0,0,0,0
0,0,0,0,0,0,0,0,0,0,0,0,0,0,0,0
6,4,2106,0,6,59,119,239,0,0,0,0,0,0,0,0
4,5,367,0,10,40,81,163,0,0,0,0,0,0,0,0
5,6,1454,1,11,61,122,245,0,0,0,0,0,0,0,0
0,0,0,0,0,0,0,0,0,0,0,0,0,0,0,0
10,4,575,0,2,43,86,172,0,0,0,0,0,0,0,0
10,6,1451,0,2,34,68,137,0,0,0,0,0,0,0,0
0,0,0,0,0,0,0,0,0,0,0,0,0,0,0,0
0,0,0,0,0,0,0,0,0,0,0,0,0,0,0,0
0,0,0,0,0,0,0,0,0,0,0,0,0,0,0,0
3,6,2734,1,13,23,47,94,0,0,0,0,0,0,0,0
10,4,3131,1,0,80,160,320,0,0,0,0,0,0,0,0
10,4,3244,1,0,23,47,95,0,0,0,0,0,0,0,0
10,5,2959,0,1,54,108,216,0,0,0,0,0,0,0,0
8,4,428,0,4,2,5,10,0,0,0,0,0,0,0,0
0,0,0,0,0,0,0,0,0,0,0,0,0,0,0,0
0,0,0,0,0,0,0,0,0,0,0,0,0,0,0,0
10,4,3696,1,0,102,204,409,0,0,0,0,0,0,0,0
10,6,4095,1,0,136,272,545,0,0,0,0,0,0,0,0
9,4,3900,1,5,43,86,172,0,0,0,0,0,0,0,0
9,6,4095,1,5,149,298,596,0,0,0,0,0,0,0,0
0,0,0,0,0,0,0,0,0,0,0,0,0,0,0,0
0,0,0,0,0,0,0,0,0,0,0,0,0,0,0,0
0,0,0,0,0,0,0,0,0,0,0,0,0,0,0,0
0,0,0,0,0,0,0,0,0,0,0,0,0,0,0,0
0,0,0,0,0,0,0,0,0,0,0,0,0,0,0,0
0,0,0,0,0,0,0,0,0,0,0,0,0,0,0,0
10,5,4008,1,2,78,156,313,0,0,0,0,0,0,0,0
0,0,0,0,0,0,0,0,0,0,0,0,0,0,0,0
0,0,0,0,0,0,0,0,0,0,0,0,0,0,0,0
10,4,2211,0,1,103,207,414,0,0,0,0,0,0,0,0
0,0,0,0,0,0,0,0,0,0,0,0,0,0,0,0
0,0,0,0,0,0,0,0,0,0,0,0,0,0,0,0
8,4,303,0,4,110,220,441,0,0,0,0,0,0,0,0
3,5,933,1,15,54,108,217,0,0,0,0,0,0,0,0
0,0,0,0,0,0,0,0,0,0,0,0,0,0,0,0
0,0,0,0,0,0,0,0,0,0,0,0,0,0,0,0
3,5,1017,1,15,80,161,323,0,0,0,0,0,0,0,0
10,6,3754,1,1,149,298,597,0,0,0,0,0,0,0,0
10,5,2603,0,1,35,71,142,0,0,0,0,0,0,0,0
7,5,4047,1,6,107,215,431,0,0,0,0,0,0,0,0
0,0,0,0,0,0,0,0,0,0,0,0,0,0,0,0
0,0,0,0,0,0,0,0,0,0,0,0,0,0,0,0
10,5,3898,1,1,140,281,563,0,0,0,0,0,0,0,0
0,0,0,0,0,0,0,0,0,0,0,0,0,0,0,0
0,0,0,0,0,0,0,0,0,0,0,0,0,0,0,0
8,6,3754,0,4,36,73,147,0,0,0,0,0,0,0,0
8,4,1712,0,4,10,20,41,0,0,0,0,0,0,0,0
10,6,3749,1,2,78,157,315,0,0,0,0,0,0,0,0
0,0,0,0,0,0,0,0,0,0,0,0,0,0,0,0
2,6,2647,0,14,92,185,371,0,0,0,0,0,0,0,0
0,0,0,0,0,0,0,0,0,0,0,0,0,0,0,0
0,0,0,0,0,0,0,0,0,0,0,0,0,0,0,0
0,0,0,0,0,0,0,0,0,0,0,0,0,0,0,0
10,4,255,0,0,32,64,129,0,0,0,0,0,0,0,0
5,4,1294,1,11,144,288,577,0,0,0,0,0,0,0,0
0,0,0,0,0,0,0,0,0,0,0,0,0,0,0,0
9,4,2611,1,4,22,45,90,0,0,0,0,0,0,0,0
7,5,1002,1,8,61,122,245,0,0,0,0,0,0,0,0
0,0,0,0,0,0,0,0,0,0,0,0,0,0,0,0
0,0,0,0,0,0,0,0,0,0,0,0,0,0,0,0
10,4,2700,0,2,105,211,423,0,0,0,0,0,0,0,0
0,0,0,0,0,0,0,0,0,0,0,0,0,0,0,0
3,5,3409,1,14,8,17,34,0,0,0,0,0,0,0,0
10,6,2731,0,1,151,303,606,0,0,0,0,0,0,0,0
0,0,0,0,0,0,0,0,0,0,0,0,0,0,0,0
0,0,0,0,0,0,0,0,0,0,0,0,0,0,0,0
10,4,3279,1,0,137,274,549,0,0,0,0,0,0,0,0
0,0,0,0,0,0,0,0,0,0,0,0,0,0,0,0
0,0,0,0,0,0,0,0,0,0,0,0,0,0,0,0
3,6,2734,1,13,23,47,94,0,0,0,0,0,0,0,0
10,6,4095,1,0,90,180,361,0,0,0,0,0,0,0,0
10,4,4080,0,0,80,160,321,0,0,0,0,0,0,0,0
0,0,0,0,0,0,0,0,0,0,0,0,0,0,0,0
0,0,0,0,0,0,0,0,0,0,0,0,0,0,0,0
2,5,4008,0,12,5,11,22,0,0,0,0,0,0,0,0
0,0,0,0,0,0,0,0,0,0,0,0,0,0,0,0
10,4,4035,1,0,153,306,613,0,0,0,0,0,0,0,0
10,6,3839,0,0,3,6,13,0,0,0,0,0,0,0,0
10,6,4095,1,0,64,128,257,0,0,0,0,0,0,0,0
2,4,3056,0,15,52,104,208,0,0,0,0,0,0,0,0
10,6,4026,1,1,117,235,471,0,0,0,0,0,0,0,0
10,6,3071,0,1,73,146,293,0,0,0,0,0,0,0,0
0,0,0,0,0,0,0,0,0,0,0,0,0,0,0,0
0,0,0,0,0,0,0,0,0,0,0,0,0,0,0,0
0,0,0,0,0,0,0,0,0,0,0,0,0,0,0,0
10,6,2751,0,2,81,162,324,0,0,0,0,0,0,0,0
9,4,3233,1,3,78,156,312,0,0,0,0,0,0,0,0
0,0,0,0,0,0,0,0,0,0,0,0,0,0,0,0
0,0,0,0,0,0,0,0,0,0,0,0,0,0,0,0
10,6,4095,1,0,150,300,601,0,0,0,0,0,0,0,0
0,0,0,0,0,0,0,0,0,0,0,0,0,0,0,0
0,0,0,0,0,0,0,0,0,0,0,0,0,0,0,0
10,4,2952,1,0,32,65,130,0,0,0,0,0,0,0,0
10,5,4072,1,2,118,237,474,0,0,0,0,0,0,0,0
0,0,0,0,0,0,0,0,0,0,0,0,0,0,0,0
0,0,0,0,0,0,0,0,0,0,0,0,0,0,0,0
10,5,441,1,0,147,294,588,0,0,0,0,0,0,0,0
0,0,0,0,0,0,0,0,0,0,0,0,0,0,0,0
0,0,0,0,0,0,0,0,0,0,0,0,0,0,0,0
10,6,4094,1,1,142,284,568,0,0,0,0,0,0,0,0
0,0,0,0,0,0,0,0,0,0,0,0,0,0,0,0
0,0,0,0,0,0,0,0,0,0,0,0,0,0,0,0
10,6,3822,1,0,145,291,583,0,0,0,0,0,0,0,0
0,0,0,0,0,0,0,0,0,0,0,0,0,0,0,0
10,6,1497,0,0,149,299,599,7,4,2945,1,8,154,308,617
10,6,4095,1,0,107,214,429,0,0,0,0,0,0,0,0
6,4,947,0,6,2,5,10,0,0,0,0,0,0,0,0
10,5,4088,1,1,7,14,28,0,0,0,0,0,0,0,0
10,5,4082,1,1,155,310,620,0,0,0,0,0,0,0,0
10,6,4010,1,1,14,29,58,0,0,0,0,0,0,0,0
9,6,2799,1,4,22,45,90,0,0,0,0,0,0,0,0
10,6,2735,0,1,8,17,35,0,0,0,0,0,0,0,0
0,0,0,0,0,0,0,0,0,0,0,0,0,0,0,0
0,0,0,0,0,0,0,0,0,0,0,0,0,0,0,0
10,6,4094,1,1,106,212,424,0,0,0,0,0,0,0,0
0,0,0,0,0,0,0,0,0,0,0,0,0,0,0,0
2,5,1023,0,14,104,208,416,0,0,0,0,0,0,0,0
10,5,3722,1,1,119,238,477,0,0,0,0,0,0,0,0
0,0,0,0,0,0,0,0,0,0,0,0,0,0,0,0
8,5,3978,0,4,20,40,80,0,0,0,0,0,0,0,0
10,6,4075,1,0,129,258,516,0,0,0,0,0,0,0,0
0,0,0,0,0,0,0,0,0,0,0,0,0,0,0,0
0,0,0,0,0,0,0,0,0,0,0,0,0,0,0,0
10,4,255,0,0,32,64,129,0,0,0,0,0,0,0,0
5,4,3780,1,9,144,289,578,0,0,0,0,0,0,0,0
10,6,4095,1,0,13,26,53,0,0,0,0,0,0,0,0
10,6,2731,0,1,16,33,66,0,0,0,0,0,0,0,0
9,4,1000,1,3,116,233,466,0,0,0,0,0,0,0,0
10,6,3754,1,1,85,170,341,0,0,0,0,0,0,0,0
10,4,3624,1,1,115,230,461,0,0,0,0,0,0,0,0
0,0,0,0,0,0,0,0,0,0,0,0,0,0,0,0
0,0,0,0,0,0,0,0,0,0,0,0,0,0,0,0
9,5,3237,1,3,107,214,428,0,0,0,0,0,0,0,0
0,0,0,0,0,0,0,0,0,0,0,0,0,0,0,0
10,5,4082,1,1,25,50,100,0,0,0,0,0,0,0,0
3,4,229,1,15,41,83,166,0,0,0,0,0,0,0,0
10,4,3850,1,1,107,215,431,0,0,0,0,0,0,0,0
9,4,2851,1,5,44,89,178,0,0,0,0,0,0,0,0
10,6,4095,1,0,83,166,333,0,0,0,0,0,0,0,0
10,4,2187,0,1,87,175,350,0,0,0,0,0,0,0,0
0,0,0,0,0,0,0,0,0,0,0,0,0,0,0,0
10,5,2302,0,0,46,92,184,0,0,0,0,0,0,0,0
0,0,0,0,0,0,0,0,0,0,0,0,0,0,0,0
10,4,2255,0,1,110,220,440,0,0,0,0,0,0,0,0
10,5,3059,0,1,90,180,361,0,0,0,0,0,0,0,0
3,5,4092,1,14,3,6,13,0,0,0,0,0,0,0,0
0,0,0,0,0,0,0,0,0,0,0,0,0,0,0,0
0,0,0,0,0,0,0,0,0,0,0,0,0,0,0,0
0,0,0,0,0,0,0,0,0,0,0,0,0,0,0,0
0,0,0,0,0,0,0,0,0,0,0,0,0,0,0,0
9,4,3969,1,3,76,152,304,0,0,0,0,0,0,0,0
9,6,4005,1,3,4,8,16,0,0,0,0,0,0,0,0
0,0,0,0,0,0,0,0,0,0,0,0,0,0,0,0
10,4,3040,0,0,112,225,451,0,0,0,0,0,0,0,0
10,6,4095,1,0,157,314,629,0,0,0,0,0,0,0,0
10,4,255,0,0,7,14,29,0,0,0,0,0,0,0,0
0,0,0,0,0,0,0,0,0,0,0,0,0,0,0,0
10,6,4095,1,0,64,128,257,0,0,0,0,0,0,0,0
0,0,0,0,0,0,0,0,0,0,0,0,0,0,0,0
10,5,3791,0,0,49,98,197,0,0,0,0,0,0,0,0
0,0,0,0,0,0,0,0,0,0,0,0,0,0,0,0
0,0,0,0,0,0,0,0,0,0,0,0,0,0,0,0
10,6,4095,1,0,20,40,81,0,0,0,0,0,0,0,0
10,5,3772,0,0,18,36,72,0,0,0,0,0,0,0,0
0,0,0,0,0,0,0,0,0,0,0,0,0,0,0,0
9,5,2299,1,5,44,89,178,0,0,0,0,0,0,0,0
0,0,0,0,0,0,0,0,0,0,0,0,0,0,0,0
0,0,0,0,0,0,0,0,0,0,0,0,0,0,0,0
0,0,0,0,0,0,0,0,0,0,0,0,0,0,0,0
0,0,0,0,0,0,0,0,0,0,0,0,0,0,0,0
0,0,0,0,0,0,0,0,0,0,0,0,0,0,0,0
10,5,3746,1,1,115,230,461,0,0,0,0,0,0,0,0
0,0,0,0,0,0,0,0,0,0,0,0,0,0,0,0
0,0,0,0,0,0,0,0,0,0,0,0,0,0,0,0
2,5,679,0,14,104,208,416,0,0,0,0,0,0,0,0
0,0,0,0,0,0,0,0,0,0,0,0,0,0,0,0
10,5,3241,1,2,130,260,521,0,0,0,0,0,0,0,0
10,5,2808,0,0,75,151,303,0,0,0,0,0,0,0,0
10,5,3242,1,1,117,235,470,0,0,0,0,0,0,0,0
0,0,0,0,0,0,0,0,0,0,0,0,0,0,0,0
10,4,484,1,0,118,236,472,0,0,0,0,0,0,0,0
0,0,0,0,0,0,0,0,0,0,0,0,0,0,0,0
10,6,4011,1,0,18,37,75,0,0,0,0,0,0,0,0
0,0,0,0,0,0,0,0,0,0,0,0,0,0,0,0
0,0,0,0,0,0,0,0,0,0,0,0,0,0,0,0
0,0,0,0,0,0,0,0,0,0,0,0,0,0,0,0
0,0,0,0,0,0,0,0,0,0,0,0,0,0,0,0
0,0,0,0,0,0,0,0,0,0,0,0,0,0,0,0
7,5,2261,1,8,140,281,562,0,0,0,0,0,0,0,0
0,0,0,0,0,0,0,0,0,0,0,0,0,0,0,0
0,0,0,0,0,0,0,0,0,0,0,0,0,0,0,0
0,0,0,0,0,0,0,0,0,0,0,0,0,0,0,0
10,5,3167,0,0,35,71,142,0,0,0,0,0,0,0,0
10,5,767,0,1,65,130,260,0,0,0,0,0,0,0,0
0,0,0,0,0,0,0,0,0,0,0,0,0,0,0,0
10,5,2283,0,0,63,127,255,0,0,0,0,0,0,0,0
10,5,2723,0,1,98,197,394,0,0,0,0,0,0,0,0
0,0,0,0,0,0,0,0,0,0,0,0,0,0,0,0
0,0,0,0,0,0,0,0,0,0,0,0,0,0,0,0
0,0,0,0,0,0,0,0,0,0,0,0,0,0,0,0
0,0,0,0,0,0,0,0,0,0,0,0,0,0,0,0
0,0,0,0,0,0,0,0,0,0,0,0,0,0,0,0
10,6,4095,1,0,106,212,425,0,0,0,0,0,0,0,0
0,0,0,0,0,0,0,0,0,0,0,0,0,0,0,0
0,0,0,0,0,0,0,0,0,0,0,0,0,0,0,0
0,0,0,0,0,0,0,0,0,0,0,0,0,0,0,0
9,4,233,1,4,106,213,426,0,0,0,0,0,0,0,0
10,5,1023,1,0,77,154,309,0,0,0,0,0,0,0,0
2,6,2654,0,14,10,20,40,0,0,0,0,0,0,0,0
10,4,3744,1,2,153,306,612,0,0,0,0,0,0,0,0
0,0,0,0,0,0,0,0,0,0,0,0,0,0,0,0
0,0,0,0,0,0,0,0,0,0,0,0,0,0,0,0
0,0,0,0,0,0,0,0,0,0,0,0,0,0,0,0
3,4,973,1,15,19,38,76,0,0,0,0,0,0,0,0
10,5,3882,1,1,62,125,250,0,0,0,0,0,0,0,0
0,0,0,0,0,0,0,0,0,0,0,0,0,0,0,0
10,6,4095,1,0,155,310,621,0,0,0,0,0,0,0,0
10,5,2303,0,1,74,148,297,0,0,0,0,0,0,0,0
10,5,3263,0,0,32,64,128,0,0,0,0,0,0,0,0
8,6,4030,0,5,57,114,229,0,0,0,0,0,0,0,0
0,0,0,0,0,0,0,0,0,0,0,0,0,0,0,0
9,4,215,1,5,41,83,167,0,0,0,0,0,0,0,0
0,0,0,0,0,0,0,0,0,0,0,0,0,0,0,0
0,0,0,0,0,0,0,0,0,0,0,0,0,0,0,0
9,4,3728,1,4,1,2,5,0,0,0,0,0,0,0,0
7,6,4078,1,7,140,281,562,0,0,0,0,0,0,0,0
0,0,0,0,0,0,0,0,0,0,0,0,0,0,0,0
10,5,1023,1,0,54,108,217,0,0,0,0,0,0,0,0
0,0,0,0,0,0,0,0,0,0,0,0,0,0,0,0
10,6,1451,0,2,107,214,429,0,0,0,0,0,0,0,0
10,6,2815,0,1,148,296,592,0,0,0,0,0,0,0,0
7,6,4010,1,7,117,234,468,0,0,0,0,0,0,0,0
0,0,0,0,0,0,0,0,0,0,0,0,0,0,0,0
0,0,0,0,0,0,0,0,0,0,0,0,0,0,0,0
0,0,0,0,0,0,0,0,0,0,0,0,0,0,0,0
9,5,3732,1,4,84,169,338,0,0,0,0,0,0,0,0
10,6,4095,1,0,32,64,129,0,0,0,0,0,0,0,0
10,4,3040,0,0,112,225,451,0,0,0,0,0,0,0,0
10,4,2691,0,1,15,31,63,0,0,0,0,0,0,0,0
0,0,0,0,0,0,0,0,0,0,0,0,0,0,0,0
10,6,4095,1,0,71,142,285,0,0,0,0,0,0,0,0
0,0,0,0,0,0,0,0,0,0,0,0,0,0,0,0
9,4,3324,1,5,147,294,588,0,0,0,0,0,0,0,0
3,4,969,1,15,92,185,371,0,0,0,0,0,0,0,0
0,0,0,0,0,0,0,0,0,0,0,0,0,0,0,0
0,0,0,0,0,0,0,0,0,0,0,0,0,0,0,0
10,6,4095,1,0,151,302,605,0,0,0,0,0,0,0,0
10,5,4024,1,1,0,1,3,0,0,0,0,0,0,0,0
10,5,3242,1,1,43,87,174,0,0,0,0,0,0,0,0
10,6,2670,0,0,83,166,333,0,0,0,0,0,0,0,0
0,0,0,0,0,0,0,0,0,0,0,0,0,0,0,0
0,0,0,0,0,0,0,0,0,0,0,0,0,0,0,0
8,6,3770,0,5,104,208,416,0,0,0,0,0,0,0,0
0,0,0,0,0,0,0,0,0,0,0,0,0,0,0,0
0,0,0,0,0,0,0,0,0,0,0,0,0,0,0,0
10,6,4091,1,0,106,212,424,0,0,0,0,0,0,0,0
0,0,0,0,0,0,0,0,0,0,0,0,0,0,0,0
0,0,0,0,0,0,0,0,0,0,0,0,0,0,0,0
0,0,0,0,0,0,0,0,0,0,0,0,0,0,0,0
10,5,4092,0,0,148,296,593,0,0,0,0,0,0,0,0
0,0,0,0,0,0,0,0,0,0,0,0,0,0,0,0
0,0,0,0,0,0,0,0,0,0,0,0,0,0,0,0
10,6,4095,1,0,117,234,469,0,0,0,0,0,0,0,0
0,0,0,0,0,0,0,0,0,0,0,0,0,0,0,0
0,0,0,0,0,0,0,0,0,0,0,0,0,0,0,0
0,0,0,0,0,0,0,0,0,0,0,0,0,0,0,0
10,5,3064,0,0,76,152,304,0,0,0,0,0,0,0,0
10,5,2812,0,2,20,40,81,0,0,0,0,0,0,0,0
10,5,3903,0,0,146,292,585,0,0,0,0,0,0,0,0
0,0,0,0,0,0,0,0,0,0,0,0,0,0,0,0
0,0,0,0,0,0,0,0,0,0,0,0,0,0,0,0
0,0,0,0,0,0,0,0,0,0,0,0,0,0,0,0
10,5,3747,0,0,18,37,75,0,0,0,0,0,0,0,0
10,5,3626,1,1,62,125,250,0,0,0,0,0,0,0,0
0,0,0,0,0,0,0,0,0,0,0,0,0,0,0,0
10,6,4031,0,0,50,100,201,0,0,0,0,0,0,0,0
0,0,0,0,0,0,0,0,0,0,0,0,0,0,0,0
0,0,0,0,0,0,0,0,0,0,0,0,0,0,0,0
0,0,0,0,0,0,0,0,0,0,0,0,0,0,0,0
0,0,0,0,0,0,0,0,0,0,0,0,0,0,0,0
0,0,0,0,0,0,0,0,0,0,0,0,0,0,0,0
0,0,0,0,0,0,0,0,0,0,0,0,0,0,0,0
8,5,3902,0,4,47,94,189,0,0,0,0,0,0,0,0
10,6,2735,0,1,141,283,567,0,0,0,0,0,0,0,0
10,5,4088,1,1,82,164,328,0,0,0,0,0,0,0,0
8,5,1443,0,3,107,215,430,0,0,0,0,0,0,0,0
0,0,0,0,0,0,0,0,0,0,0,0,0,0,0,0
3,5,1021,1,15,19,38,76,0,0,0,0,0,0,0,0
9,5,3732,1,4,84,169,338,0,0,0,0,0,0,0,0
10,6,4031,0,0,47,94,189,0,0,0,0,0,0,0,0
0,0,0,0,0,0,0,0,0,0,0,0,0,0,0,0
10,5,2607,0,1,12,25,51,0,0,0,0,0,0,0,0
0,0,0,0,0,0,0,0,0,0,0,0,0,0,0,0
8,5,1379,0,3,106,212,425,0,0,0,0,0,0,0,0
0,0,0,0,0,0,0,0,0,0,0,0,0,0,0,0
5,6,3733,1,9,17,34,69,0,0,0,0,0,0,0,0
10,4,764,0,2,4,8,17,0,0,0,0,0,0,0,0
10,4,2254,0,0,129,259,519,0,0,0,0,0,0,0,0
0,0,0,0,0,0,0,0,0,0,0,0,0,0,0,0
8,5,3982,0,5,11,22,45,0,0,0,0,0,0,0,0
0,0,0,0,0,0,0,0,0,0,0,0,0,0,0,0
10,5,3898,1,1,66,133,267,0,0,0,0,0,0,0,0
10,6,4095,1,0,115,230,461,0,0,0,0,0,0,0,0
10,5,2623,0,1,133,266,532,0,0,0,0,0,0,0,0
3,4,3135,1,13,9,18,37,0,0,0,0,0,0,0,0
9,5,2219,1,4,22,44,88,0,0,0,0,0,0,0,0
10,4,2691,0,1,101,203,407,0,0,0,0,0,0,0,0
10,6,4074,1,2,32,65,131,0,0,0,0,0,0,0,0
0,0,0,0,0,0,0,0,0,0,0,0,0,0,0,0
0,0,0,0,0,0,0,0,0,0,0,0,0,0,0,0
5,5,917,1,9,132,265,530,0,0,0,0,0,0,0,0
0,0,0,0,0,0,0,0,0,0,0,0,0,0,0,0
0,0,0,0,0,0,0,0,0,0,0,0,0,0,0,0
0,0,0,0,0,0,0,0,0,0,0,0,0,0,0,0
0,0,0,0,0,0,0,0,0,0,0,0,0,0,0,0
0,0,0,0,0,0,0,0,0,0,0,0,0,0,0,0
10,5,2812,0,2,75,150,301,0,0,0,0,0,0,0,0
5,4,3984,1,11,122,244,488,0,0,0,0,0,0,0,0
0,0,0,0,0,0,0,0,0,0,0,0,0,0,0,0
10,5,1022,1,1,10,20,40,0,0,0,0,0,0,0,0
7,6,4075,1,6,20,41,82,0,0,0,0,0,0,0,0
0,0,0,0,0,0,0,0,0,0,0,0,0,0,0,0
0,0,0,0,0,0,0,0,0,0,0,0,0,0,0,0
0,0,0,0,0,0,0,0,0,0,0,0,0,0,0,0
0,0,0,0,0,0,0,0,0,0,0,0,0,0,0,0
0,0,0,0,0,0,0,0,0,0,0,0,0,0,0,0
0,0,0,0,0,0,0,0,0,0,0,0,0,0,0,0
10,6,4095,1,0,138,276,553,0,0,0,0,0,0,0,0
6,4,700,0,8,98,196,393,0,0,0,0,0,0,0,0
0,0,0,0,0,0,0,0,0,0,0,0,0,0,0,0
10,6,4094,1,1,151,302,604,0,0,0,0,0,0,0,0
0,0,0,0,0,0,0,0,0,0,0,0,0,0,0,0
0,0,0,0,0,0,0,0,0,0,0,0,0,0,0,0
10,6,3071,0,1,117,234,469,0,0,0,0,0,0,0,0
9,4,2275,1,4,70,141,282,0,0,0,0,0,0,0,0
0,0,0,0,0,0,0,0,0,0,0,0,0,0,0,0
9,5,3064,1,5,67,135,270,0,0,0,0,0,0,0,0
0,0,0,0,0,0,0,0,0,0,0,0,0,0,0,0
10,6,1711,0,2,107,215,430,0,0,0,0,0,0,0,0
10,4,3855,1,0,141,282,565,0,0,0,0,0,0,0,0
3,5,1021,1,15,19,38,76,0,0,0,0,0,0,0,0
9,5,3732,1,4,84,169,338,0,0,0,0,0,0,0,0
0,0,0,0,0,0,0,0,0,0,0,0,0,0,0,0
0,0,0,0,0,0,0,0,0,0,0,0,0,0,0,0
0,0,0,0,0,0,0,0,0,0,0,0,0,0,0,0
8,5,4028,0,5,44,89,178,0,0,0,0,0,0,0,0
0,0,0,0,0,0,0,0,0,0,0,0,0,0,0,0
0,0,0,0,0,0,0,0,0,0,0,0,0,0,0,0
0,0,0,0,0,0,0,0,0,0,0,0,0,0,0,0
2,4,428,0,15,125,251,503,0,0,0,0,0,0,0,0
0,0,0,0,0,0,0,0,0,0,0,0,0,0,0,0
8,5,366,0,3,106,212,424,0,0,0,0,0,0,0,0
5,6,3733,1,9,17,34,69,0,0,0,0,0,0,0,0
0,0,0,0,0,0,0,0,0,0,0,0,0,0,0,0
0,0,0,0,0,0,0,0,0,0,0,0,0,0,0,0
0,0,0,0,0,0,0,0,0,0,0,0,0,0,0,0
2,4,2032,0,15,53,106,212,0,0,0,0,0,0,0,0
10,5,3322,1,1,100,201,403,0,0,0,0,0,0,0,0
7,5,3306,1,8,77,154,309,0,0,0,0,0,0,0,0
0,0,0,0,0,0,0,0,0,0,0,0,0,0,0,0
10,4,684,0,2,108,217,435,0,0,0,0,0,0,0,0
2,6,1631,0,15,102,204,409,0,0,0,0,0,0,0,0
10,5,4047,0,0,61,122,245,0,0,0,0,0,0,0,0
5,6,1470,1,10,61,123,246,0,0,0,0,0,0,0,0
0,0,0,0,0,0,0,0,0,0,0,0,0,0,0,0
10,5,3327,1,0,119,238,477,0,0,0,0,0,0,0,0
0,0,0,0,0,0,0,0,0,0,0,0,0,0,0,0
5,4,913,1,9,132,265,530,0,0,0,0,0,0,0,0
0,0,0,0,0,0,0,0,0,0,0,0,0,0,0,0
10,6,4095,1,0,71,142,285,0,0,0,0,0,0,0,0
0,0,0,0,0,0,0,0,0,0,0,0,0,0,0,0
10,4,2274,1,0,37,75,150,0,0,0,0,0,0,0,0
0,0,0,0,0,0,0,0,0,0,0,0,0,0,0,0
0,0,0,0,0,0,0,0,0,0,0,0,0,0,0,0
0,0,0,0,0,0,0,0,0,0,0,0,0,0,0,0
10,6,4094,1,1,85,170,340,0,0,0,0,0,0,0,0
10,4,3900,0,0,94,188,377,0,0,0,0,0,0,0,0
10,4,3209,1,2,10,20,41,0,0,0,0,0,0,0,0
7,6,4075,1,6,20,41,82,0,0,0,0,0,0,0,0
10,5,2623,0,1,34,68,136,0,0,0,0,0,0,0,0
0,0,0,0,0,0,0,0,0,0,0,0,0,0,0,0
0,0,0,0,0,0,0,0,0,0,0,0,0,0,0,0
0,0,0,0,0,0,0,0,0,0,0,0,0,0,0,0
10,6,4095,1,0,83,166,333,0,0,0,0,0,0,0,0
10,5,1023,1,0,11,22,45,0,0,0,0,0,0,0,0
0,0,0,0,0,0,0,0,0,0,0,0,0,0,0,0
10,6,4095,1,0,124,248,497,0,0,0,0,0,0,0,0
0,0,0,0,0,0,0,0,0,0,0,0,0,0,0,0
10,6,2751,0,2,13,26,52,0,0,0,0,0,0,0,0
9,5,2792,1,5,70,140,281,0,0,0,0,0,0,0,0
0,0,0,0,0,0,0,0,0,0,0,0,0,0,0,0
9,5,1764,1,5,67,135,271,0,0,0,0,0,0,0,0
0,0,0,0,0,0,0,0,0,0,0,0,0,0,0,0
0,0,0,0,0,0,0,0,0,0,0,0,0,0,0,0
5,6,3733,1,9,17,34,69,0,0,0,0,0,0,0,0
10,6,4094,1,1,136,272,544,0,0,0,0,0,0,0,0
0,0,0,0,0,0,0,0,0,0,0,0,0,0,0,0
10,4,995,1,0,121,242,484,0,0,0,0,0,0,0,0
0,0,0,0,0,0,0,0,0,0,0,0,0,0,0,0
0,0,0,0,0,0,0,0,0,0,0,0,0,0,0,0
0,0,0,0,0,0,0,0,0,0,0,0,0,0,0,0
0,0,0,0,0,0,0,0,0,0,0,0,0,0,0,0
10,5,2862,1,0,121,243,487,0,0,0,0,0,0,0,0
0,0,0,0,0,0,0,0,0,0,0,0,0,0,0,0
8,5,366,0,3,6,12,24,0,0,0,0,0,0,0,0
10,5,1023,1,0,44,88,177,0,0,0,0,0,0,0,0
0,0,0,0,0,0,0,0,0,0,0,0,0,0,0,0
10,5,2623,0,1,75,150,300,0,0,0,0,0,0,0,0
5,5,3732,1,9,122,244,489,0,0,0,0,0,0,0,0
10,6,4074,1,2,100,201,403,0,0,0,0,0,0,0,0
0,0,0,0,0,0,0,0,0,0,0,0,0,0,0,0
0,0,0,0,0,0,0,0,0,0,0,0,0,0,0,0
10,5,3258,1,1,154,309,619,0,0,0,0,0,0,0,0
0,0,0,0,0,0,0,0,0,0,0,0,0,0,0,0
10,4,3244,1,0,7,15,31,0,0,0,0,0,0,0,0
0,0,0,0,0,0,0,0,0,0,0,0,0,0,0,0
0,0,0,0,0,0,0,0,0,0,0,0,0,0,0,0
0,0,0,0,0,0,0,0,0,0,0,0,0,0,0,0
0,0,0,0,0,0,0,0,0,0,0,0,0,0,0,0
2,4,2032,0,15,74,148,296,0,0,0,0,0,0,0,0
0,0,0,0,0,0,0,0,0,0,0,0,0,0,0,0
0,0,0,0,0,0,0,0,0,0,0,0,0,0,0,0
10,5,4083,0,0,87,174,349,0,0,0,0,0,0,0,0
8,5,4092,0,5,155,311,623,0,0,0,0,0,0,0,0
0,0,0,0,0,0,0,0,0,0,0,0,0,0,0,0
0,0,0,0,0,0,0,0,0,0,0,0,0,0,0,0
10,6,4095,1,0,143,286,573,0,0,0,0,0,0,0,0
2,6,2647,0,14,92,185,371,0,0,0,0,0,0,0,0
0,0,0,0,0,0,0,0,0,0,0,0,0,0,0,0
0,0,0,0,0,0,0,0,0,0,0,0,0,0,0,0
0,0,0,0,0,0,0,0,0,0,0,0,0,0,0,0
0,0,0,0,0,0,0,0,0,0,0,0,0,0,0,0
10,5,4083,0,0,41,82,165,0,0,0,0,0,0,0,0
0,0,0,0,0,0,0,0,0,0,0,0,0,0,0,0
0,0,0,0,0,0,0,0,0,0,0,0,0,0,0,0
5,5,3732,1,9,25,50,101,0,0,0,0,0,0,0,0
0,0,0,0,0,0,0,0,0,0,0,0,0,0,0,0
0,0,0,0,0,0,0,0,0,0,0,0,0,0,0,0
10,6,4095,1,0,85,170,341,0,0,0,0,0,0,0,0
0,0,0,0,0,0,0,0,0,0,0,0,0,0,0,0
0,0,0,0,0,0,0,0,0,0,0,0,0,0,0,0
7,6,4075,1,6,20,41,82,0,0,0,0,0,0,0,0
10,5,4042,1,1,56,113,227,0,0,0,0,0,0,0,0
0,0,0,0,0,0,0,0,0,0,0,0,0,0,0,0
0,0,0,0,0,0,0,0,0,0,0,0,0,0,0,0
0,0,0,0,0,0,0,0,0,0,0,0,0,0,0,0
10,5,762,1,0,60,121,243,0,0,0,0,0,0,0,0
0,0,0,0,0,0,0,0,0,0,0,0,0,0,0,0
0,0,0,0,0,0,0,0,0,0,0,0,0,0,0,0
10,4,3020,0,1,104,208,417,0,0,0,0,0,0,0,0
0,0,0,0,0,0,0,0,0,0,0,0,0,0,0,0
10,6,4095,1,0,96,192,385,0,0,0,0,0,0,0,0
0,0,0,0,0,0,0,0,0,0,0,0,0,0,0,0
8,5,1452,0,4,53,107,214,0,0,0,0,0,0,0,0
2,5,4008,0,12,5,11,22,0,0,0,0,0,0,0,0
10,6,4095,1,0,137,274,549,0,0,0,0,0,0,0,0
10,5,4076,1,0,121,242,484,0,0,0,0,0,0,0,0
6,6,2750,0,6,59,118,236,0,0,0,0,0,0,0,0
0,0,0,0,0,0,0,0,0,0,0,0,0,0,0,0
0,0,0,0,0,0,0,0,0,0,0,0,0,0,0,0
0,0,0,0,0,0,0,0,0,0,0,0,0,0,0,0
0,0,0,0,0,0,0,0,0,0,0,0,0,0,0,0
0,0,0,0,0,0,0,0,0,0,0,0,0,0,0,0
8,5,3722,0,4,129,259,519,0,0,0,0,0,0,0,0
10,5,4088,1,1,101,202,404,0,0,0,0,0,0,0,0
7,4,3114,1,8,77,154,309,0,0,0,0,0,0,0,0
10,4,1011,0,0,13,26,53,0,0,0,0,0,0,0,0
10,4,684,0,2,108,217,435,0,0,0,0,0,0,0,0
0,0,0,0,0,0,0,0,0,0,0,0,0,0,0,0
10,4,3896,1,1,102,205,411,0,0,0,0,0,0,0,0
10,5,943,0,0,63,126,252,0,0,0,0,0,0,0,0
10,6,1711,0,2,29,59,118,0,0,0,0,0,0,0,0
0,0,0,0,0,0,0,0,0,0,0,0,0,0,0,0
8,4,1776,0,5,4,9,19,0,0,0,0,0,0,0,0
8,4,3594,0,4,43,87,175,0,0,0,0,0,0,0,0
0,0,0,0,0,0,0,0,0,0,0,0,0,0,0,0
6,5,2748,0,8,107,214,429,0,0,0,0,0,0,0,0
0,0,0,0,0,0,0,0,0,0,0,0,0,0,0,0
0,0,0,0,0,0,0,0,0,0,0,0,0,0,0,0
10,5,1481,0,0,149,299,599,0,0,0,0,0,0,0,0
0,0,0,0,0,0,0,0,0,0,0,0,0,0,0,0
10,5,1018,1,2,7,14,28,0,0,0,0,0,0,0,0
10,4,4034,1,1,154,309,619,0,0,0,0,0,0,0,0
10,4,3720,1,1,14,28,57,0,0,0,0,0,0,0,0
0,0,0,0,0,0,0,0,0,0,0,0,0,0,0,0
10,6,2735,0,1,8,17,35,0,0,0,0,0,0,0,0
10,6,4090,1,1,20,41,83,0,0,0,0,0,0,0,0
0,0,0,0,0,0,0,0,0,0,0,0,0,0,0,0
0,0,0,0,0,0,0,0,0,0,0,0,0,0,0,0
0,0,0,0,0,0,0,0,0,0,0,0,0,0,0,0
0,0,0,0,0,0,0,0,0,0,0,0,0,0,0,0
0,0,0,0,0,0,0,0,0,0,0,0,0,0,0,0
10,4,3118,1,1,19,39,79,0,0,0,0,0,0,0,0
8,5,1215,0,3,42,85,171,0,0,0,0,0,0,0,0
0,0,0,0,0,0,0,0,0,0,0,0,0,0,0,0
0,0,0,0,0,0,0,0,0,0,0,0,0,0,0,0
0,0,0,0,0,0,0,0,0,0,0,0,0,0,0,0
0,0,0,0,0,0,0,0,0,0,0,0,0,0,0,0
0,0,0,0,0,0,0,0,0,0,0,0,0,0,0,0
5,5,3732,1,9,25,50,101,0,0,0,0,0,0,0,0
10,5,1419,0,2,87,174,349,0,0,0,0,0,0,0,0
10,6,4095,1,0,104,208,417,0,0,0,0,0,0,0,0
0,0,0,0,0,0,0,0,0,0,0,0,0,0,0,0
0,0,0,0,0,0,0,0,0,0,0,0,0,0,0,0
0,0,0,0,0,0,0,0,0,0,0,0,0,0,0,0
10,5,2239,0,1,94,188,376,0,0,0,0,0,0,0,0
3,6,3754,1,14,76,153,306,0,0,0,0,0,0,0,0
0,0,0,0,0,0,0,0,0,0,0,0,0,0,0,0
10,6,3066,1,0,53,107,215,0,0,0,0,0,0,0,0
0,0,0,0,0,0,0,0,0,0,0,0,0,0,0,0
10,5,3327,1,0,88,176,353,0,0,0,0,0,0,0,0
0,0,0,0,0,0,0,0,0,0,0,0,0,0,0,0
0,0,0,0,0,0,0,0,0,0,0,0,0,0,0,0
0,0,0,0,0,0,0,0,0,0,0,0,0,0,0,0
0,0,0,0,0,0,0,0,0,0,0,0,0,0,0,0
10,5,4092,0,0,156,312,625,0,0,0,0,0,0,0,0
10,5,4002,1,1,7,15,30,0,0,0,0,0,0,0,0
0,0,0,0,0,0,0,0,0,0,0,0,0,0,0,0
0,0,0,0,0,0,0,0,0,0,0,0,0,0,0,0
0,0,0,0,0,0,0,0,0,0,0,0,0,0,0,0
0,0,0,0,0,0,0,0,0,0,0,0,0,0,0,0
10,5,3631,0,0,36,72,144,0,0,0,0,0,0,0,0
9,5,2287,1,4,107,215,430,0,0,0,0,0,0,0,0
10,6,4079,1,0,103,206,412,0,0,0,0,0,0,0,0
8,6,2745,0,5,129,259,518,0,0,0,0,0,0,0,0
0,0,0,0,0,0,0,0,0,0,0,0,0,0,0,0
10,6,4095,1,0,14,28,57,0,0,0,0,0,0,0,0
0,0,0,0,0,0,0,0,0,0,0,0,0,0,0,0
0,0,0,0,0,0,0,0,0,0,0,0,0,0,0,0
0,0,0,0,0,0,0,0,0,0,0,0,0,0,0,0
0,0,0,0,0,0,0,0,0,0,0,0,0,0,0,0
8,5,1708,0,3,79,159,319,0,0,0,0,0,0,0,0
10,5,2748,0,2,18,36,72,0,0,0,0,0,0,0,0
0,0,0,0,0,0,0,0,0,0,0,0,0,0,0,0
0,0,0,0,0,0,0,0,0,0,0,0,0,0,0,0
9,6,4005,1,3,91,182,364,0,0,0,0,0,0,0,0
3,5,3721,1,15,62,124,249,0,0,0,0,0,0,0,0
0,0,0,0,0,0,0,0,0,0,0,0,0,0,0,0
10,5,4088,1,1,64,128,256,0,0,0,0,0,0,0,0
8,4,1776,0,5,150,301,603,0,0,0,0,0,0,0,0
10,4,3113,1,2,149,298,597,0,0,0,0,0,0,0,0
0,0,0,0,0,0,0,0,0,0,0,0,0,0,0,0
10,5,4028,1,0,80,160,320,0,0,0,0,0,0,0,0
0,0,0,0,0,0,0,0,0,0,0,0,0,0,0,0
10,6,4095,1,0,50,100,201,0,0,0,0,0,0,0,0
10,6,4095,1,0,115,230,461,0,0,0,0,0,0,0,0
8,5,1452,0,4,138,277,554,0,0,0,0,0,0,0,0
0,0,0,0,0,0,0,0,0,0,0,0,0,0,0,0
10,4,3279,1,0,19,38,77,0,0,0,0,0,0,0,0
10,5,746,1,0,60,121,242,0,0,0,0,0,0,0,0
9,4,3205,1,3,44,89,179,0,0,0,0,0,0,0,0
0,0,0,0,0,0,0,0,0,0,0,0,0,0,0,0
10,6,2731,0,1,72,145,290,0,0,0,0,0,0,0,0
10,5,3022,1,0,103,207,415,0,0,0,0,0,0,0,0
0,0,0,0,0,0,0,0,0,0,0,0,0,0,0,0
10,6,4095,1,0,80,160,321,0,0,0,0,0,0,0,0
0,0,0,0,0,0,0,0,0,0,0,0,0,0,0,0
0,0,0,0,0,0,0,0,0,0,0,0,0,0,0,0
0,0,0,0,0,0,0,0,0,0,0,0,0,0,0,0
10,5,3903,0,0,81,162,325,0,0,0,0,0,0,0,0
0,0,0,0,0,0,0,0,0,0,0,0,0,0,0,0
10,6,4095,1,0,146,292,585,0,0,0,0,0,0,0,0
8,4,4044,0,5,19,39,79,0,0,0,0,0,0,0,0
0,0,0,0,0,0,0,0,0,0,0,0,0,0,0,0
2,4,1776,0,15,146,292,584,0,0,0,0,0,0,0,0
0,0,0,0,0,0,0,0,0,0,0,0,0,0,0,0
0,0,0,0,0,0,0,0,0,0,0,0,0,0,0,0
0,0,0,0,0,0,0,0,0,0,0,0,0,0,0,0
0,0,0,0,0,0,0,0,0,0,0,0,0,0,0,0
10,4,2227,0,1,63,126,252,0,0,0,0,0,0,0,0
10,5,687,0,2,29,59,119,0,0,0,0,0,0,0,0
0,0,0,0,0,0,0,0,0,0,0,0,0,0,0,0
8,5,4018,0,4,4,8,17,0,0,0,0,0,0,0,0
10,6,1451,0,2,43,86,173,0,0,0,0,0,0,0,0
9,4,3876,1,4,123,246,492,0,0,0,0,0,0,0,0
0,0,0,0,0,0,0,0,0,0,0,0,0,0,0,0
0,0,0,0,0,0,0,0,0,0,0,0,0,0,0,0
0,0,0,0,0,0,0,0,0,0,0,0,0,0,0,0
3,5,2732,1,12,23,47,94,0,0,0,0,0,0,0,0
10,4,3040,0,0,23,47,95,0,0,0,0,0,0,0,0
0,0,0,0,0,0,0,0,0,0,0,0,0,0,0,0
10,5,2858,1,0,56,113,226,0,0,0,0,0,0,0,0
10,6,4074,1,2,126,253,507,0,0,0,0,0,0,0,0
0,0,0,0,0,0,0,0,0,0,0,0,0,0,0,0
10,4,1571,0,2,132,265,530,0,0,0,0,0,0,0,0
9,5,2787,1,4,107,215,430,0,0,0,0,0,0,0,0
10,4,255,0,0,157,314,629,0,0,0,0,0,0,0,0
10,4,2300,0,2,112,224,449,0,0,0,0,0,0,0,0
0,0,0,0,0,0,0,0,0,0,0,0,0,0,0,0
0,0,0,0,0,0,0,0,0,0,0,0,0,0,0,0
0,0,0,0,0,0,0,0,0,0,0,0,0,0,0,0
10,6,3749,1,2,88,177,355,0,0,0,0,0,0,0,0
0,0,0,0,0,0,0,0,0,0,0,0,0,0,0,0
6,4,2691,0,8,95,190,381,0,0,0,0,0,0,0,0
0,0,0,0,0,0,0,0,0,0,0,0,0,0,0,0
0,0,0,0,0,0,0,0,0,0,0,0,0,0,0,0
10,6,4010,1,1,49,99,198,0,0,0,0,0,0,0,0
0,0,0,0,0,0,0,0,0,0,0,0,0,0,0,0
10,5,2235,0,1,93,187,375,0,0,0,0,0,0,0,0
10,5,4042,1,1,21,43,87,0,0,0,0,0,0,0,0
10,5,3882,1,1,103,207,414,0,0,0,0,0,0,0,0
10,6,3065,1,1,53,107,214,0,0,0,0,0,0,0,0
6,5,2748,0,8,107,214,429,0,0,0,0,0,0,0,0
10,6,2794,1,0,135,271,542,0,0,0,0,0,0,0,0
10,5,1583,0,2,19,39,78,0,0,0,0,0,0,0,0
0,0,0,0,0,0,0,0,0,0,0,0,0,0,0,0
0,0,0,0,0,0,0,0,0,0,0,0,0,0,0,0
10,4,255,0,0,32,64,129,0,0,0,0,0,0,0,0
10,4,1020,1,0,48,96,193,0,0,0,0,0,0,0,0
5,4,3716,1,9,144,288,577,0,0,0,0,0,0,0,0
10,5,683,0,1,56,113,226,0,0,0,0,0,0,0,0
2,4,1776,0,15,146,292,584,0,0,0,0,0,0,0,0
7,5,4067,1,6,66,133,266,0,0,0,0,0,0,0,0
10,6,2751,0,2,80,160,320,0,0,0,0,0,0,0,0
0,0,0,0,0,0,0,0,0,0,0,0,0,0,0,0
0,0,0,0,0,0,0,0,0,0,0,0,0,0,0,0
10,4,1571,0,2,87,175,350,0,0,0,0,0,0,0,0
0,0,0,0,0,0,0,0,0,0,0,0,0,0,0,0
0,0,0,0,0,0,0,0,0,0,0,0,0,0,0,0
3,6,3754,1,14,76,153,306,0,0,0,0,0,0,0,0
3,6,3733,1,15,117,235,471,0,0,0,0,0,0,0,0
10,6,4095,1,0,113,226,453,0,0,0,0,0,0,0,0
10,5,2219,0,1,120,241,482,0,0,0,0,0,0,0,0
9,5,2283,1,5,58,116,233,0,0,0,0,0,0,0,0
9,4,4000,1,3,91,182,365,0,0,0,0,0,0,0,0
10,5,4083,0,0,56,112,225,0,0,0,0,0,0,0,0
0,0,0,0,0,0,0,0,0,0,0,0,0,0,0,0
9,6,2735,1,4,4,8,17,0,0,0,0,0,0,0,0
0,0,0,0,0,0,0,0,0,0,0,0,0,0,0,0
10,5,3722,1,1,119,238,477,0,0,0,0,0,0,0,0
0,0,0,0,0,0,0,0,0,0,0,0,0,0,0,0
0,0,0,0,0,0,0,0,0,0,0,0,0,0,0,0
0,0,0,0,0,0,0,0,0,0,0,0,0,0,0,0
9,4,2851,1,5,58,117,234,0,0,0,0,0,0,0,0
9,4,4000,1,3,91,182,365,0,0,0,0,0,0,0,0
10,5,3882,1,1,142,285,570,0,0,0,0,0,0,0,0
3,4,916,1,15,73,147,294,0,0,0,0,0,0,0,0
0,0,0,0,0,0,0,0,0,0,0,0,0,0,0,0
0,0,0,0,0,0,0,0,0,0,0,0,0,0,0,0
0,0,0,0,0,0,0,0,0,0,0,0,0,0,0,0
4,6,1387,0,9,108,217,434,0,0,0,0,0,0,0,0
0,0,0,0,0,0,0,0,0,0,0,0,0,0,0,0
0,0,0,0,0,0,0,0,0,0,0,0,0,0,0,0
0,0,0,0,0,0,0,0,0,0,0,0,0,0,0,0
9,4,932,1,4,91,182,364,0,0,0,0,0,0,0,0
7,4,970,1,8,16,32,65,0,0,0,0,0,0,0,0
3,5,3241,1,15,62,124,249,0,0,0,0,0,0,0,0
0,0,0,0,0,0,0,0,0,0,0,0,0,0,0,0
0,0,0,0,0,0,0,0,0,0,0,0,0,0,0,0
10,5,2234,0,0,100,201,402,0,0,0,0,0,0,0,0
7,4,994,1,8,77,154,309,0,0,0,0,0,0,0,0
10,4,3900,0,0,13,26,53,0,0,0,0,0,0,0,0
10,4,684,0,2,108,217,435,0,0,0,0,0,0,0,0
0,0,0,0,0,0,0,0,0,0,0,0,0,0,0,0
2,4,1055,0,15,102,204,409,0,0,0,0,0,0,0,0
0,0,0,0,0,0,0,0,0,0,0,0,0,0,0,0
0,0,0,0,0,0,0,0,0,0,0,0,0,0,0,0
2,4,2876,0,15,52,104,208,0,0,0,0,0,0,0,0
2,5,1019,0,13,104,208,416,0,0,0,0,0,0,0,0
0,0,0,0,0,0,0,0,0,0,0,0,0,0,0,0
0,0,0,0,0,0,0,0,0,0,0,0,0,0,0,0
3,6,3733,1,15,117,235,471,0,0,0,0,0,0,0,0
0,0,0,0,0,0,0,0,0,0,0,0,0,0,0,0
10,6,4095,1,0,113,226,453,0,0,0,0,0,0,0,0
0,0,0,0,0,0,0,0,0,0,0,0,0,0,0,0
10,6,2731,0,1,120,241,482,0,0,0,0,0,0,0,0
3,4,916,1,15,20,41,82,0,0,0,0,0,0,0,0
0,0,0,0,0,0,0,0,0,0,0,0,0,0,0,0
7,4,4064,1,8,135,270,541,0,0,0,0,0,0,0,0
10,6,4095,1,0,80,160,321,0,0,0,0,0,0,0,0
0,0,0,0,0,0,0,0,0,0,0,0,0,0,0,0
0,0,0,0,0,0,0,0,0,0,0,0,0,0,0,0
0,0,0,0,0,0,0,0,0,0,0,0,0,0,0,0
0,0,0,0,0,0,0,0,0,0,0,0,0,0,0,0
0,0,0,0,0,0,0,0,0,0,0,0,0,0,0,0
0,0,0,0,0,0,0,0,0,0,0,0,0,0,0,0
0,0,0,0,0,0,0,0,0,0,0,0,0,0,0,0
0,0,0,0,0,0,0,0,0,0,0,0,0,0,0,0
0,0,0,0,0,0,0,0,0,0,0,0,0,0,0,0
9,5,933,1,4,107,214,428,0,0,0,0,0,0,0,0
3,4,229,1,15,41,83,166,0,0,0,0,0,0,0,0
10,4,2821,1,2,107,215,431,0,0,0,0,0,0,0,0
4,6,1387,0,9,108,217,434,0,0,0,0,0,0,0,0
0,0,0,0,0,0,0,0,0,0,0,0,0,0,0,0
0,0,0,0,0,0,0,0,0,0,0,0,0,0,0,0
0,0,0,0,0,0,0,0,0,0,0,0,0,0,0,0
0,0,0,0,0,0,0,0,0,0,0,0,0,0,0,0
9,5,3301,1,3,91,182,365,0,0,0,0,0,0,0,0
3,4,3234,1,14,62,125,250,0,0,0,0,0,0,0,0
10,6,3002,1,0,65,131,262,0,0,0,0,0,0,0,0
10,5,2234,0,0,56,113,226,0,0,0,0,0,0,0,0
10,6,4090,1,1,126,253,507,0,0,0,0,0,0,0,0
10,5,2303,0,1,132,264,529,0,0,0,0,0,0,0,0
10,6,3839,0,0,21,42,85,0,0,0,0,0,0,0,0
9,5,2955,1,5,107,214,429,0,0,0,0,0,0,0,0
0,0,0,0,0,0,0,0,0,0,0,0,0,0,0,0
0,0,0,0,0,0,0,0,0,0,0,0,0,0,0,0
10,5,938,1,1,7,15,30,0,0,0,0,0,0,0,0
0,0,0,0,0,0,0,0,0,0,0,0,0,0,0,0
0,0,0,0,0,0,0,0,0,0,0,0,0,0,0,0
0,0,0,0,0,0,0,0,0,0,0,0,0,0,0,0
2,4,1596,0,15,74,148,296,0,0,0,0,0,0,0,0
10,4,3040,0,0,112,225,451,0,0,0,0,0,0,0,0
0,0,0,0,0,0,0,0,0,0,0,0,0,0,0,0
9,5,3877,1,3,3,6,12,0,0,0,0,0,0,0,0
0,0,0,0,0,0,0,0,0,0,0,0,0,0,0,0
10,6,4095,1,0,80,160,321,0,0,0,0,0,0,0,0
0,0,0,0,0,0,0,0,0,0,0,0,0,0,0,0
0,0,0,0,0,0,0,0,0,0,0,0,0,0,0,0
8,4,3900,0,5,19,39,78,0,0,0,0,0,0,0,0
0,0,0,0,0,0,0,0,0,0,0,0,0,0,0,0
10,6,1451,0,2,112,224,449,0,0,0,0,0,0,0,0
0,0,0,0,0,0,0,0,0,0,0,0,0,0,0,0
0,0,0,0,0,0,0,0,0,0,0,0,0,0,0,0
0,0,0,0,0,0,0,0,0,0,0,0,0,0,0,0
10,6,2751,0,2,80,160,320,0,0,0,0,0,0,0,0
0,0,0,0,0,0,0,0,0,0,0,0,0,0,0,0
6,4,2620,0,8,95,190,381,0,0,0,0,0,0,0,0
10,5,3327,1,0,117,234,469,0,0,0,0,0,0,0,0
10,6,4095,1,0,117,234,469,0,0,0,0,0,0,0,0
0,0,0,0,0,0,0,0,0,0,0,0,0,0,0,0
9,5,3881,1,3,40,80,161,0,0,0,0,0,0,0,0
0,0,0,0,0,0,0,0,0,0,0,0,0,0,0,0
0,0,0,0,0,0,0,0,0,0,0,0,0,0,0,0
0,0,0,0,0,0,0,0,0,0,0,0,0,0,0,0
10,6,3834,1,1,60,121,243,0,0,0,0,0,0,0,0
0,0,0,0,0,0,0,0,0,0,0,0,0,0,0,0
0,0,0,0,0,0,0,0,0,0,0,0,0,0,0,0
10,5,2792,0,0,103,207,414,0,0,0,0,0,0,0,0
9,4,852,1,4,154,309,618,0,0,0,0,0,0,0,0
10,5,2808,0,0,75,151,303,0,0,0,0,0,0,0,0
8,5,1468,0,4,21,42,84,0,0,0,0,0,0,0,0
0,0,0,0,0,0,0,0,0,0,0,0,0,0,0,0
10,4,484,1,0,118,236,472,0,0,0,0,0,0,0,0
0,0,0,0,0,0,0,0,0,0,0,0,0,0,0,0
10,4,3875,1,0,19,38,76,0,0,0,0,0,0,0,0
0,0,0,0,0,0,0,0,0,0,0,0,0,0,0,0
10,6,4090,1,1,126,253,507,0,0,0,0,0,0,0,0
0,0,0,0,0,0,0,0,0,0,0,0,0,0,0,0
10,4,171,0,2,132,264,529,0,0,0,0,0,0,0,0
9,4,2091,1,5,107,214,429,0,0,0,0,0,0,0,0
10,4,255,0,0,157,314,629,0,0,0,0,0,0,0,0
0,0,0,0,0,0,0,0,0,0,0,0,0,0,0,0
0,0,0,0,0,0,0,0,0,0,0,0,0,0,0,0
0,0,0,0,0,0,0,0,0,0,0,0,0,0,0,0
8,6,4030,0,5,4,8,17,0,0,0,0,0,0,0,0
8,5,1423,0,3,43,87,174,0,0,0,0,0,0,0,0
9,4,3969,1,3,123,246,492,0,0,0,0,0,0,0,0
6,5,2748,0,8,107,214,429,0,0,0,0,0,0,0,0
3,6,3669,1,15,117,235,470,0,0,0,0,0,0,0,0
7,6,3054,1,6,58,116,233,0,0,0,0,0,0,0,0
9,4,4000,1,3,91,182,365,0,0,0,0,0,0,0,0
0,0,0,0,0,0,0,0,0,0,0,0,0,0,0,0
10,4,690,0,0,56,113,226,0,0,0,0,0,0,0,0
10,5,4082,1,1,127,254,508,0,0,0,0,0,0,0,0
10,5,1195,0,2,132,264,529,0,0,0,0,0,0,0,0
9,4,996,1,5,107,214,429,0,0,0,0,0,0,0,0
0,0,0,0,0,0,0,0,0,0,0,0,0,0,0,0
0,0,0,0,0,0,0,0,0,0,0,0,0,0,0,0
2,4,1776,0,15,146,292,584,0,0,0,0,0,0,0,0
10,6,1707,0,2,112,225,450,0,0,0,0,0,0,0,0
9,5,1007,1,5,66,133,267,0,0,0,0,0,0,0,0
10,6,2986,1,0,36,72,145,0,0,0,0,0,0,0,0
0,0,0,0,0,0,0,0,0,0,0,0,0,0,0,0
10,5,3899,1,0,141,282,564,0,0,0,0,0,0,0,0
10,4,2255,0,1,80,160,320,0,0,0,0,0,0,0,0
0,0,0,0,0,0,0,0,0,0,0,0,0,0,0,0
0,0,0,0,0,0,0,0,0,0,0,0,0,0,0,0
10,4,3594,1,1,117,235,470,0,0,0,0,0,0,0,0
10,4,3279,1,0,104,208,417,0,0,0,0,0,0,0,0
0,0,0,0,0,0,0,0,0,0,0,0,0,0,0,0
10,6,4010,1,1,49,99,198,0,0,0,0,0,0,0,0
0,0,0,0,0,0,0,0,0,0,0,0,0,0,0,0
10,5,2303,0,1,94,188,377,0,0,0,0,0,0,0,0
0,0,0,0,0,0,0,0,0,0,0,0,0,0,0,0
10,6,3065,1,1,53,107,214,0,0,0,0,0,0,0,0
2,4,1776,0,15,146,292,584,0,0,0,0,0,0,0,0
10,5,1195,0,2,112,224,449,0,0,0,0,0,0,0,0
9,4,4044,1,5,66,133,267,0,0,0,0,0,0,0,0
0,0,0,0,0,0,0,0,0,0,0,0,0,0,0,0
10,4,2620,0,2,80,160,320,0,0,0,0,0,0,0,0
0,0,0,0,0,0,0,0,0,0,0,0,0,0,0,0
0,0,0,0,0,0,0,0,0,0,0,0,0,0,0,0
0,0,0,0,0,0,0,0,0,0,0,0,0,0,0,0
0,0,0,0,0,0,0,0,0,0,0,0,0,0,0,0
10,4,1011,0,0,85,170,341,0,0,0,0,0,0,0,0
10,5,3242,1,1,115,231,462,0,0,0,0,0,0,0,0
4,5,367,0,10,141,283,567,0,0,0,0,0,0,0,0
2,5,2278,0,12,5,10,21,0,0,0,0,0,0,0,0
10,5,4082,1,1,23,46,92,0,0,0,0,0,0,0,0
0,0,0,0,0,0,0,0,0,0,0,0,0,0,0,0
7,4,4064,1,8,135,270,541,0,0,0,0,0,0,0,0
0,0,0,0,0,0,0,0,0,0,0,0,0,0,0,0
0,0,0,0,0,0,0,0,0,0,0,0,0,0,0,0
9,4,2275,1,4,58,117,234,0,0,0,0,0,0,0,0
9,4,4000,1,3,91,182,365,0,0,0,0,0,0,0,0
0,0,0,0,0,0,0,0,0,0,0,0,0,0,0,0
0,0,0,0,0,0,0,0,0,0,0,0,0,0,0,0
0,0,0,0,0,0,0,0,0,0,0,0,0,0,0,0
9,5,2859,1,5,58,116,233,0,0,0,0,0,0,0,0
0,0,0,0,0,0,0,0,0,0,0,0,0,0,0,0
10,4,3130,1,1,88,177,355,0,0,0,0,0,0,0,0
0,0,0,0,0,0,0,0,0,0,0,0,0,0,0,0
0,0,0,0,0,0,0,0,0,0,0,0,0,0,0,0
5,5,981,1,10,87,175,350,0,0,0,0,0,0,0,0
10,5,4092,0,0,74,148,297,0,0,0,0,0,0,0,0
0,0,0,0,0,0,0,0,0,0,0,0,0,0,0,0
0,0,0,0,0,0,0,0,0,0,0,0,0,0,0,0
10,6,4090,1,1,37,75,151,0,0,0,0,0,0,0,0
0,0,0,0,0,0,0,0,0,0,0,0,0,0,0,0
0,0,0,0,0,0,0,0,0,0,0,0,0,0,0,0
0,0,0,0,0,0,0,0,0,0,0,0,0,0,0,0
10,4,3279,1,0,113,226,453,0,0,0,0,0,0,0,0
0,0,0,0,0,0,0,0,0,0,0,0,0,0,0,0
0,0,0,0,0,0,0,0,0,0,0,0,0,0,0,0
10,5,4083,0,0,13,26,53,0,0,0,0,0,0,0,0
10,4,684,0,2,108,217,435,0,0,0,0,0,0,0,0
0,0,0,0,0,0,0,0,0,0,0,0,0,0,0,0
7,5,4076,1,6,135,271,543,0,0,0,0,0,0,0,0
10,6,4094,1,1,97,194,388,0,0,0,0,0,0,0,0
0,0,0,0,0,0,0,0,0,0,0,0,0,0,0,0
4,6,1387,0,9,108,217,434,0,0,0,0,0,0,0,0
0,0,0,0,0,0,0,0,0,0,0,0,0,0,0,0
0,0,0,0,0,0,0,0,0,0,0,0,0,0,0,0
9,6,4069,1,3,91,182,365,0,0,0,0,0,0,0,0
7,5,3882,1,8,16,32,65,0,0,0,0,0,0,0,0
0,0,0,0,0,0,0,0,0,0,0,0,0,0,0,0
3,5,3157,1,15,117,235,470,0,0,0,0,0,0,0,0
0,0,0,0,0,0,0,0,0,0,0,0,0,0,0,0
10,6,4095,1,0,113,226,453,0,0,0,0,0,0,0,0
0,0,0,0,0,0,0,0,0,0,0,0,0,0,0,0
10,5,4047,0,0,120,240,481,0,0,0,0,0,0,0,0
0,0,0,0,0,0,0,0,0,0,0,0,0,0,0,0
0,0,0,0,0,0,0,0,0,0,0,0,0,0,0,0
7,5,4076,1,6,135,271,543,0,0,0,0,0,0,0,0
10,5,2303,0,1,90,180,361,0,0,0,0,0,0,0,0
9,5,2792,1,5,44,88,177,0,0,0,0,0,0,0,0
0,0,0,0,0,0,0,0,0,0,0,0,0,0,0,0
0,0,0,0,0,0,0,0,0,0,0,0,0,0,0,0
0,0,0,0,0,0,0,0,0,0,0,0,0,0,0,0
0,0,0,0,0,0,0,0,0,0,0,0,0,0,0,0
10,5,3327,1,0,80,160,321,0,0,0,0,0,0,0,0
0,0,0,0,0,0,0,0,0,0,0,0,0,0,0,0
0,0,0,0,0,0,0,0,0,0,0,0,0,0,0,0
0,0,0,0,0,0,0,0,0,0,0,0,0,0,0,0
7,5,3048,1,6,107,214,429,0,0,0,0,0,0,0,0
10,4,234,1,2,157,315,631,0,0,0,0,0,0,0,0
0,0,0,0,0,0,0,0,0,0,0,0,0,0,0,0
10,5,4042,1,1,100,201,403,0,0,0,0,0,0,0,0
7,4,3274,1,8,77,154,309,0,0,0,0,0,0,0,0
7,5,3306,1,8,69,138,277,0,0,0,0,0,0,0,0
10,4,684,0,2,108,217,435,0,0,0,0,0,0,0,0
2,5,607,0,15,102,204,408,0,0,0,0,0,0,0,0
0,0,0,0,0,0,0,0,0,0,0,0,0,0,0,0
0,0,0,0,0,0,0,0,0,0,0,0,0,0,0,0
10,6,4074,1,2,42,85,171,0,0,0,0,0,0,0,0
10,6,4095,1,0,80,160,321,0,0,0,0,0,0,0,0
0,0,0,0,0,0,0,0,0,0,0,0,0,0,0,0
0,0,0,0,0,0,0,0,0,0,0,0,0,0,0,0
8,5,4092,0,5,58,117,235,0,0,0,0,0,0,0,0
10,4,239,0,0,155,310,620,0,0,0,0,0,0,0,0
10,5,938,1,1,4,9,18,0,0,0,0,0,0,0,0
10,4,1020,1,0,65,130,261,0,0,0,0,0,0,0,0
10,6,1707,0,2,138,277,554,0,0,0,0,0,0,0,0
0,0,0,0,0,0,0,0,0,0,0,0,0,0,0,0
0,0,0,0,0,0,0,0,0,0,0,0,0,0,0,0
0,0,0,0,0,0,0,0,0,0,0,0,0,0,0,0
0,0,0,0,0,0,0,0,0,0,0,0,0,0,0,0
0,0,0,0,0,0,0,0,0,0,0,0,0,0,0,0
0,0,0,0,0,0,0,0,0,0,0,0,0,0,0,0
9,4,2094,1,5,58,116,233,0,0,0,0,0,0,0,0
9,4,4000,1,3,91,182,365,0,0,0,0,0,0,0,0
0,0,0,0,0,0,0,0,0,0,0,0,0,0,0,0
0,0,0,0,0,0,0,0,0,0,0,0,0,0,0,0
0,0,0,0,0,0,0,0,0,0,0,0,0,0,0,0
10,5,3306,1,1,7,15,30,0,0,0,0,0,0,0,0
0,0,0,0,0,0,0,0,0,0,0,0,0,0,0,0
0,0,0,0,0,0,0,0,0,0,0,0,0,0,0,0
0,0,0,0,0,0,0,0,0,0,0,0,0,0,0,0
0,0,0,0,0,0,0,0,0,0,0,0,0,0,0,0
0,0,0,0,0,0,0,0,0,0,0,0,0,0,0,0
0,0,0,0,0,0,0,0,0,0,0,0,0,0,0,0
0,0,0,0,0,0,0,0,0,0,0,0,0,0,0,0
10,6,4010,1,1,139,279,558,0,0,0,0,0,0,0,0
9,4,230,1,3,41,83,166,0,0,0,0,0,0,0,0
0,0,0,0,0,0,0,0,0,0,0,0,0,0,0,0
0,0,0,0,0,0,0,0,0,0,0,0,0,0,0,0
10,6,4095,1,0,113,226,453,0,0,0,0,0,0,0,0
0,0,0,0,0,0,0,0,0,0,0,0,0,0,0,0
10,5,4092,0,0,120,240,481,0,0,0,0,0,0,0,0
0,0,0,0,0,0,0,0,0,0,0,0,0,0,0,0
7,5,4076,1,6,135,271,543,0,0,0,0,0,0,0,0
10,5,3981,1,2,37,75,150,5,5,1183,1,10,42,84,169
0,0,0,0,0,0,0,0,0,0,0,0,0,0,0,0
0,0,0,0,0,0,0,0,0,0,0,0,0,0,0,0
0,0,0,0,0,0,0,0,0,0,0,0,0,0,0,0
0,0,0,0,0,0,0,0,0,0,0,0,0,0,0,0
0,0,0,0,0,0,0,0,0,0,0,0,0,0,0,0
0,0,0,0,0,0,0,0,0,0,0,0,0,0,0,0
0,0,0,0,0,0,0,0,0,0,0,0,0,0,0,0
10,5,4042,1,1,61,123,247,0,0,0,0,0,0,0,0
0,0,0,0,0,0,0,0,0,0,0,0,0,0,0,0
0,0,0,0,0,0,0,0,0,0,0,0,0,0,0,0
10,5,683,0,1,119,239,478,0,0,0,0,0,0,0,0
10,4,4035,1,0,19,38,77,0,0,0,0,0,0,0,0
10,6,4090,1,1,60,121,243,0,0,0,0,0,0,0,0
10,5,1018,1,2,45,90,180,0,0,0,0,0,0,0,0
10,5,4092,0,0,130,260,521,0,0,0,0,0,0,0,0
0,0,0,0,0,0,0,0,0,0,0,0,0,0,0,0
10,5,2299,0,0,104,208,416,0,0,0,0,0,0,0,0
7,4,952,1,6,154,308,617,0,0,0,0,0,0,0,0
3,4,969,1,15,92,185,371,0,0,0,0,0,0,0,0
0,0,0,0,0,0,0,0,0,0,0,0,0,0,0,0
10,6,3754,1,1,43,86,173,0,0,0,0,0,0,0,0
0,0,0,0,0,0,0,0,0,0,0,0,0,0,0,0
0,0,0,0,0,0,0,0,0,0,0,0,0,0,0,0
10,5,3964,1,0,83,166,332,0,0,0,0,0,0,0,0
0,0,0,0,0,0,0,0,0,0,0,0,0,0,0,0
0,0,0,0,0,0,0,0,0,0,0,0,0,0,0,0
0,0,0,0,0,0,0,0,0,0,0,0,0,0,0,0
6,4,3279,0,6,103,207,415,0,0,0,0,0,0,0,0
0,0,0,0,0,0,0,0,0,0,0,0,0,0,0,0
5,4,1166,1,11,46,92,185,0,0,0,0,0,0,0,0
10,4,3010,1,0,100,201,403,0,0,0,0,0,0,0,0
0,0,0,0,0,0,0,0,0,0,0,0,0,0,0,0
7,4,3114,1,8,69,138,277,0,0,0,0,0,0,0,0
10,4,684,0,2,108,217,435,0,0,0,0,0,0,0,0
2,5,607,0,15,102,204,408,0,0,0,0,0,0,0,0
10,5,3887,1,0,27,54,108,0,0,0,0,0,0,0,0
10,6,2751,0,2,63,126,252,0,0,0,0,0,0,0,0
10,6,2735,0,1,29,59,119,0,0,0,0,0,0,0,0
0,0,0,0,0,0,0,0,0,0,0,0,0,0,0,0
0,0,0,0,0,0,0,0,0,0,0,0,0,0,0,0
8,4,3970,0,4,4,8,16,0,0,0,0,0,0,0,0
9,4,3845,1,3,123,246,492,0,0,0,0,0,0,0,0
10,4,2604,0,1,61,123,247,0,0,0,0,0,0,0,0
10,5,2739,0,1,63,126,252,0,0,0,0,0,0,0,0
10,5,1699,0,2,29,59,118,0,0,0,0,0,0,0,0
0,0,0,0,0,0,0,0,0,0,0,0,0,0,0,0
8,6,4030,0,5,4,8,17,0,0,0,0,0,0,0,0
10,5,762,1,0,60,121,243,0,0,0,0,0,0,0,0
0,0,0,0,0,0,0,0,0,0,0,0,0,0,0,0
9,4,929,1,3,123,246,492,0,0,0,0,0,0,0,0
0,0,0,0,0,0,0,0,0,0,0,0,0,0,0,0
0,0,0,0,0,0,0,0,0,0,0,0,0,0,0,0
0,0,0,0,0,0,0,0,0,0,0,0,0,0,0,0
0,0,0,0,0,0,0,0,0,0,0,0,0,0,0,0
0,0,0,0,0,0,0,0,0,0,0,0,0,0,0,0
10,5,4008,1,2,0,0,1,0,0,0,0,0,0,0,0
4,4,1295,0,9,82,164,328,0,0,0,0,0,0,0,0
0,0,0,0,0,0,0,0,0,0,0,0,0,0,0,0
10,6,2986,1,0,49,98,197,0,0,0,0,0,0,0,0
0,0,0,0,0,0,0,0,0,0,0,0,0,0,0,0
0,0,0,0,0,0,0,0,0,0,0,0,0,0,0,0
10,5,3025,1,2,104,208,416,0,0,0,0,0,0,0,0
10,6,3066,1,0,53,107,215,0,0,0,0,0,0,0,0
0,0,0,0,0,0,0,0,0,0,0,0,0,0,0,0
6,5,2748,0,8,107,214,429,0,0,0,0,0,0,0,0
10,6,4095,1,0,39,78,157,0,0,0,0,0,0,0,0
0,0,0,0,0,0,0,0,0,0,0,0,0,0,0,0
0,0,0,0,0,0,0,0,0,0,0,0,0,0,0,0
0,0,0,0,0,0,0,0,0,0,0,0,0,0,0,0
10,6,4095,1,0,45,90,181,0,0,0,0,0,0,0,0
0,0,0,0,0,0,0,0,0,0,0,0,0,0,0,0
0,0,0,0,0,0,0,0,0,0,0,0,0,0,0,0
10,6,2986,1,0,49,98,197,0,0,0,0,0,0,0,0
0,0,0,0,0,0,0,0,0,0,0,0,0,0,0,0
10,5,4072,1,2,102,205,410,0,0,0,0,0,0,0,0
0,0,0,0,0,0,0,0,0,0,0,0,0,0,0,0
10,6,3066,1,0,53,107,215,0,0,0,0,0,0,0,0
8,6,1455,0,3,43,87,174,0,0,0,0,0,0,0,0
6,5,2748,0,8,107,214,429,0,0,0,0,0,0,0,0
10,4,975,0,0,133,266,533,0,0,0,0,0,0,0,0
9,5,4004,1,4,22,44,88,0,0,0,0,0,0,0,0
10,4,4080,0,0,33,66,133,0,0,0,0,0,0,0,0
0,0,0,0,0,0,0,0,0,0,0,0,0,0,0,0
0,0,0,0,0,0,0,0,0,0,0,0,0,0,0,0
0,0,0,0,0,0,0,0,0,0,0,0,0,0,0,0
10,5,2282,1,0,19,39,78,0,0,0,0,0,0,0,0
10,5,2219,0,1,103,207,414,0,0,0,0,0,0,0,0
0,0,0,0,0,0,0,0,0,0,0,0,0,0,0,0
0,0,0,0,0,0,0,0,0,0,0,0,0,0,0,0
10,4,1011,0,0,104,208,417,0,0,0,0,0,0,0,0
0,0,0,0,0,0,0,0,0,0,0,0,0,0,0,0
3,6,3754,1,14,76,153,306,0,0,0,0,0,0,0,0
0,0,0,0,0,0,0,0,0,0,0,0,0,0,0,0
10,6,4095,1,0,104,208,417,0,0,0,0,0,0,0,0
0,0,0,0,0,0,0,0,0,0,0,0,0,0,0,0
3,6,3754,1,14,76,153,306,0,0,0,0,0,0,0,0
10,4,3324,1,0,93,186,373,0,0,0,0,0,0,0,0
10,6,4095,1,0,157,314,629,0,0,0,0,0,0,0,0
10,4,655,0,2,7,15,31,0,0,0,0,0,0,0,0
0,0,0,0,0,0,0,0,0,0,0,0,0,0,0,0
10,6,2731,0,1,86,173,346,0,0,0,0,0,0,0,0
10,5,2879,0,1,138,276,553,0,0,0,0,0,0,0,0
10,4,3056,0,2,48,97,194,0,0,0,0,0,0,0,0
10,6,2751,0,2,63,126,252,0,0,0,0,0,0,0,0
10,4,2595,0,1,29,59,119,0,0,0,0,0,0,0,0
9,5,3881,1,3,40,80,161,0,0,0,0,0,0,0,0
0,0,0,0,0,0,0,0,0,0,0,0,0,0,0,0
10,4,970,1,2,60,121,243,0,0,0,0,0,0,0,0
0,0,0,0,0,0,0,0,0,0,0,0,0,0,0,0
10,4,4064,1,2,123,247,494,0,0,0,0,0,0,0,0
0,0,0,0,0,0,0,0,0,0,0,0,0,0,0,0
10,6,4010,1,1,52,105,210,0,0,0,0,0,0,0,0
0,0,0,0,0,0,0,0,0,0,0,0,0,0,0,0
3,6,3754,1,14,94,189,378,0,0,0,0,0,0,0,0
10,6,4095,1,0,152,304,609,0,0,0,0,0,0,0,0
10,6,4095,1,0,2,4,9,0,0,0,0,0,0,0,0
10,6,2751,0,2,68,136,272,0,0,0,0,0,0,0,0
10,5,767,0,1,54,108,216,0,0,0,0,0,0,0,0
10,5,2287,0,1,145,290,580,0,0,0,0,0,0,0,0
0,0,0,0,0,0,0,0,0,0,0,0,0,0,0,0
10,6,4095,1,0,67,134,269,0,0,0,0,0,0,0,0
0,0,0,0,0,0,0,0,0,0,0,0,0,0,0,0
0,0,0,0,0,0,0,0,0,0,0,0,0,0,0,0
4,6,1387,0,9,108,217,434,0,0,0,0,0,0,0,0
0,0,0,0,0,0,0,0,0,0,0,0,0,0,0,0
0,0,0,0,0,0,0,0,0,0,0,0,0,0,0,0
3,4,4080,1,13,36,73,146,0,0,0,0,0,0,0,0
9,5,4004,1,4,91,182,364,0,0,0,0,0,0,0,0
3,5,3722,1,14,62,125,250,0,0,0,0,0,0,0,0
0,0,0,0,0,0,0,0,0,0,0,0,0,0,0,0
0,0,0,0,0,0,0,0,0,0,0,0,0,0,0,0
2,4,2032,0,15,53,106,212,0,0,0,0,0,0,0,0
0,0,0,0,0,0,0,0,0,0,0,0,0,0,0,0
10,5,2603,0,1,23,47,94,0,0,0,0,0,0,0,0
10,6,1978,0,0,49,99,198,0,0,0,0,0,0,0,0
0,0,0,0,0,0,0,0,0,0,0,0,0,0,0,0
0,0,0,0,0,0,0,0,0,0,0,0,0,0,0,0
10,4,2756,1,1,104,208,416,0,0,0,0,0,0,0,0
10,6,3065,1,1,53,107,214,0,0,0,0,0,0,0,0
10,4,651,0,1,43,87,174,0,0,0,0,0,0,0,0
6,5,2748,0,8,107,214,429,0,0,0,0,0,0,0,0
10,5,3898,1,1,144,289,579,0,0,0,0,0,0,0,0
6,5,2748,0,8,29,58,117,0,0,0,0,0,0,0,0
10,5,1023,1,0,61,122,245,0,0,0,0,0,0,0,0
10,4,3976,1,2,107,215,430,0,0,0,0,0,0,0,0
9,4,901,1,4,13,26,52,0,0,0,0,0,0,0,0
0,0,0,0,0,0,0,0,0,0,0,0,0,0,0,0
10,5,703,0,2,122,244,488,0,0,0,0,0,0,0,0
9,6,2799,1,4,68,137,274,0,0,0,0,0,0,0,0
10,5,4047,0,0,41,82,165,0,0,0,0,0,0,0,0
10,6,1726,0,2,112,225,450,0,0,0,0,0,0,0,0
10,6,4095,1,0,72,144,289,0,0,0,0,0,0,0,0
0,0,0,0,0,0,0,0,0,0,0,0,0,0,0,0
10,6,4095,1,0,80,160,321,0,0,0,0,0,0,0,0
0,0,0,0,0,0,0,0,0,0,0,0,0,0,0,0
0,0,0,0,0,0,0,0,0,0,0,0,0,0,0,0
0,0,0,0,0,0,0,0,0,0,0,0,0,0,0,0
8,5,3898,0,4,87,174,348,0,0,0,0,0,0,0,0
10,6,4095,1,0,89,178,357,0,0,0,0,0,0,0,0
10,5,1023,1,0,11,22,45,0,0,0,0,0,0,0,0
0,0,0,0,0,0,0,0,0,0,0,0,0,0,0,0
0,0,0,0,0,0,0,0,0,0,0,0,0,0,0,0
10,5,4092,0,0,104,208,417,0,0,0,0,0,0,0,0
0,0,0,0,0,0,0,0,0,0,0,0,0,0,0,0
0,0,0,0,0,0,0,0,0,0,0,0,0,0,0,0
3,6,3754,1,14,76,153,306,0,0,0,0,0,0,0,0
0,0,0,0,0,0,0,0,0,0,0,0,0,0,0,0
10,5,4092,0,0,141,282,565,0,0,0,0,0,0,0,0
3,5,1005,1,15,18,37,75,0,0,0,0,0,0,0,0
0,0,0,0,0,0,0,0,0,0,0,0,0,0,0,0
7,5,2949,1,8,132,264,529,0,0,0,0,0,0,0,0
0,0,0,0,0,0,0,0,0,0,0,0,0,0,0,0
8,4,1196,0,3,107,215,430,0,0,0,0,0,0,0,0
7,5,3882,1,8,117,234,469,0,0,0,0,0,0,0,0
0,0,0,0,0,0,0,0,0,0,0,0,0,0,0,0
0,0,0,0,0,0,0,0,0,0,0,0,0,0,0,0
0,0,0,0,0,0,0,0,0,0,0,0,0,0,0,0
9,5,3732,1,4,84,169,338,0,0,0,0,0,0,0,0
0,0,0,0,0,0,0,0,0,0,0,0,0,0,0,0
0,0,0,0,0,0,0,0,0,0,0,0,0,0,0,0
10,4,3056,0,2,117,235,470,0,0,0,0,0,0,0,0
9,6,2795,1,5,70,140,281,0,0,0,0,0,0,0,0
0,0,0,0,0,0,0,0,0,0,0,0,0,0,0,0
9,5,3064,1,5,67,135,270,0,0,0,0,0,0,0,0
0,0,0,0,0,0,0,0,0,0,0,0,0,0,0,0
0,0,0,0,0,0,0,0,0,0,0,0,0,0,0,0
10,5,1002,1,2,126,253,507,0,0,0,0,0,0,0,0
0,0,0,0,0,0,0,0,0,0,0,0,0,0,0,0
9,4,2280,1,5,107,214,429,0,0,0,0,0,0,0,0
10,4,239,0,0,157,314,628,0,0,0,0,0,0,0,0
0,0,0,0,0,0,0,0,0,0,0,0,0,0,0,0
10,5,3903,0,0,1,2,5,0,0,0,0,0,0,0,0
0,0,0,0,0,0,0,0,0,0,0,0,0,0,0,0
10,4,3324,1,0,86,172,345,0,0,0,0,0,0,0,0
0,0,0,0,0,0,0,0,0,0,0,0,0,0,0,0
0,0,0,0,0,0,0,0,0,0,0,0,0,0,0,0
5,5,3221,1,9,122,244,489,0,0,0,0,0,0,0,0
0,0,0,0,0,0,0,0,0,0,0,0,0,0,0,0
0,0,0,0,0,0,0,0,0,0,0,0,0,0,0,0
10,5,4072,1,2,1,3,6,0,0,0,0,0,0,0,0
10,4,3210,1,1,154,309,618,0,0,0,0,0,0,0,0
0,0,0,0,0,0,0,0,0,0,0,0,0,0,0,0
10,4,1067,0,2,112,224,449,0,0,0,0,0,0,0,0
10,5,3327,1,0,144,288,577,0,0,0,0,0,0,0,0
10,5,1023,1,0,91,182,365,0,0,0,0,0,0,0,0
0,0,0,0,0,0,0,0,0,0,0,0,0,0,0,0
10,4,2611,0,1,80,160,320,0,0,0,0,0,0,0,0
0,0,0,0,0,0,0,0,0,0,0,0,0,0,0,0
6,6,2751,0,8,95,190,381,0,0,0,0,0,0,0,0
10,6,2794,1,0,117,235,470,0,0,0,0,0,0,0,0
0,0,0,0,0,0,0,0,0,0,0,0,0,0,0,0
10,5,2233,1,1,92,184,369,0,0,0,0,0,0,0,0
0,0,0,0,0,0,0,0,0,0,0,0,0,0,0,0
8,5,1459,0,3,136,273,547,0,0,0,0,0,0,0,0
10,6,3754,1,1,121,242,485,0,0,0,0,0,0,0,0
0,0,0,0,0,0,0,0,0,0,0,0,0,0,0,0
7,5,986,1,8,134,268,536,0,0,0,0,0,0,0,0
0,0,0,0,0,0,0,0,0,0,0,0,0,0,0,0
10,6,4094,1,1,85,170,340,0,0,0,0,0,0,0,0
10,5,2732,0,1,94,189,379,0,0,0,0,0,0,0,0
10,4,3593,1,2,10,20,40,0,0,0,0,0,0,0,0
7,6,3734,1,8,20,41,82,0,0,0,0,0,0,0,0
3,6,3733,1,15,117,235,471,0,0,0,0,0,0,0,0
0,0,0,0,0,0,0,0,0,0,0,0,0,0,0,0
9,4,4000,1,3,91,182,365,0,0,0,0,0,0,0,0
0,0,0,0,0,0,0,0,0,0,0,0,0,0,0,0
0,0,0,0,0,0,0,0,0,0,0,0,0,0,0,0
7,5,3048,1,6,58,116,233,0,0,0,0,0,0,0,0
9,4,4000,1,3,91,182,365,0,0,0,0,0,0,0,0
0,0,0,0,0,0,0,0,0,0,0,0,0,0,0,0
0,0,0,0,0,0,0,0,0,0,0,0,0,0,0,0
10,4,3315,0,0,51,102,205,0,0,0,0,0,0,0,0
0,0,0,0,0,0,0,0,0,0,0,0,0,0,0,0
0,0,0,0,0,0,0,0,0,0,0,0,0,0,0,0
0,0,0,0,0,0,0,0,0,0,0,0,0,0,0,0
0,0,0,0,0,0,0,0,0,0,0,0,0,0,0,0
0,0,0,0,0,0,0,0,0,0,0,0,0,0,0,0
0,0,0,0,0,0,0,0,0,0,0,0,0,0,0,0
0,0,0,0,0,0,0,0,0,0,0,0,0,0,0,0
7,5,4076,1,6,135,271,543,0,0,0,0,0,0,0,0
3,5,3653,1,15,117,235,471,0,0,0,0,0,0,0,0
10,5,4047,0,0,16,32,65,0,0,0,0,0,0,0,0
0,0,0,0,0,0,0,0,0,0,0,0,0,0,0,0
10,6,3839,0,0,113,226,453,0,0,0,0,0,0,0,0
0,0,0,0,0,0,0,0,0,0,0,0,0,0,0,0
10,5,3327,1,0,120,240,481,0,0,0,0,0,0,0,0
0,0,0,0,0,0,0,0,0,0,0,0,0,0,0,0
0,0,0,0,0,0,0,0,0,0,0,0,0,0,0,0
7,5,4012,1,6,135,271,542,0,0,0,0,0,0,0,0
10,4,1004,1,0,121,242,484,0,0,0,0,0,0,0,0
6,6,2751,0,8,59,118,237,0,0,0,0,0,0,0,0
0,0,0,0,0,0,0,0,0,0,0,0,0,0,0,0
0,0,0,0,0,0,0,0,0,0,0,0,0,0,0,0
0,0,0,0,0,0,0,0,0,0,0,0,0,0,0,0
0,0,0,0,0,0,0,0,0,0,0,0,0,0,0,0
8,5,4028,0,5,24,49,98,0,0,0,0,0,0,0,0
0,0,0,0,0,0,0,0,0,0,0,0,0,0,0,0
7,5,2282,1,6,24,48,96,0,0,0,0,0,0,0,0
10,5,1419,0,2,53,106,213,0,0,0,0,0,0,0,0
10,6,3497,1,1,80,160,320,0,0,0,0,0,0,0,0
5,5,3729,1,9,98,196,393,0,0,0,0,0,0,0,0
10,5,1003,1,0,106,212,424,0,0,0,0,0,0,0,0
3,4,174,1,12,46,93,186,0,0,0,0,0,0,0,0
10,5,3018,1,0,100,201,402,0,0,0,0,0,0,0,0
0,0,0,0,0,0,0,0,0,0,0,0,0,0,0,0
7,4,234,1,8,69,138,277,0,0,0,0,0,0,0,0
10,4,684,0,2,108,217,435,0,0,0,0,0,0,0,0
0,0,0,0,0,0,0,0,0,0,0,0,0,0,0,0
3,4,3315,1,12,46,93,186,0,0,0,0,0,0,0,0
10,6,2810,1,0,100,201,402,0,0,0,0,0,0,0,0
7,4,234,1,8,77,154,309,0,0,0,0,0,0,0,0
0,0,0,0,0,0,0,0,0,0,0,0,0,0,0,0
10,4,684,0,2,108,217,435,0,0,0,0,0,0,0,0
2,5,1567,0,15,102,204,409,0,0,0,0,0,0,0,0
0,0,0,0,0,0,0,0,0,0,0,0,0,0,0,0
0,0,0,0,0,0,0,0,0,0,0,0,0,0,0,0
0,0,0,0,0,0,0,0,0,0,0,0,0,0,0,0
0,0,0,0,0,0,0,0,0,0,0,0,0,0,0,0
10,4,3114,1,1,41,83,166,0,0,0,0,0,0,0,0
0,0,0,0,0,0,0,0,0,0,0,0,0,0,0,0
0,0,0,0,0,0,0,0,0,0,0,0,0,0,0,0
5,5,3732,1,9,25,50,101,0,0,0,0,0,0,0,0
0,0,0,0,0,0,0,0,0,0,0,0,0,0,0,0
0,0,0,0,0,0,0,0,0,0,0,0,0,0,0,0
0,0,0,0,0,0,0,0,0,0,0,0,0,0,0,0
10,5,3736,1,2,146,292,584,0,0,0,0,0,0,0,0
3,5,3732,1,15,130,261,522,0,0,0,0,0,0,0,0
8,6,1455,0,3,57,115,230,0,0,0,0,0,0,0,0
0,0,0,0,0,0,0,0,0,0,0,0,0,0,0,0
8,4,3900,0,5,65,131,262,0,0,0,0,0,0,0,0
10,4,3618,1,1,98,197,394,0,0,0,0,0,0,0,0
0,0,0,0,0,0,0,0,0,0,0,0,0,0,0,0
0,0,0,0,0,0,0,0,0,0,0,0,0,0,0,0
0,0,0,0,0,0,0,0,0,0,0,0,0,0,0,0
0,0,0,0,0,0,0,0,0,0,0,0,0,0,0,0
0,0,0,0,0,0,0,0,0,0,0,0,0,0,0,0
10,5,2732,0,1,7,15,31,0,0,0,0,0,0,0,0
10,5,3194,1,0,156,313,626,0,0,0,0,0,0,0,0
0,0,0,0,0,0,0,0,0,0,0,0,0,0,0,0
10,6,4095,1,0,117,234,469,0,0,0,0,0,0,0,0
0,0,0,0,0,0,0,0,0,0,0,0,0,0,0,0
10,6,4095,1,0,81,162,325,0,0,0,0,0,0,0,0
10,5,2723,0,1,35,71,142,0,0,0,0,0,0,0,0
9,6,4095,1,5,108,216,432,0,0,0,0,0,0,0,0
8,6,3001,0,4,129,259,519,0,0,0,0,0,0,0,0
0,0,0,0,0,0,0,0,0,0,0,0,0,0,0,0
0,0,0,0,0,0,0,0,0,0,0,0,0,0,0,0
0,0,0,0,0,0,0,0,0,0,0,0,0,0,0,0
10,6,4095,1,0,36,72,145,0,0,0,0,0,0,0,0
10,5,1023,1,0,141,282,565,0,0,0,0,0,0,0,0
8,4,1187,0,3,84,169,338,0,0,0,0,0,0,0,0
10,5,1195,0,2,138,276,553,0,0,0,0,0,0,0,0
10,4,3279,1,0,19,38,77,0,0,0,0,0,0,0,0
10,4,2232,0,0,103,207,414,0,0,0,0,0,0,0,0
0,0,0,0,0,0,0,0,0,0,0,0,0,0,0,0
3,4,233,1,15,80,161,322,0,0,0,0,0,0,0,0
8,4,1776,0,5,150,301,603,0,0,0,0,0,0,0,0
10,5,4042,1,1,149,299,599,0,0,0,0,0,0,0,0
0,0,0,0,0,0,0,0,0,0,0,0,0,0,0,0
0,0,0,0,0,0,0,0,0,0,0,0,0,0,0,0
10,4,956,0,0,156,312,624,0,0,0,0,0,0,0,0
10,5,3306,1,1,7,15,30,0,0,0,0,0,0,0,0
0,0,0,0,0,0,0,0,0,0,0,0,0,0,0,0
0,0,0,0,0,0,0,0,0,0,0,0,0,0,0,0
10,6,4095,1,0,19,38,77,0,0,0,0,0,0,0,0
0,0,0,0,0,0,0,0,0,0,0,0,0,0,0,0
0,0,0,0,0,0,0,0,0,0,0,0,0,0,0,0
2,4,1163,0,15,74,148,297,0,0,0,0,0,0,0,0
10,4,4034,1,1,5,11,23,0,0,0,0,0,0,0,0
10,6,4090,1,1,30,61,123,0,0,0,0,0,0,0,0
0,0,0,0,0,0,0,0,0,0,0,0,0,0,0,0
0,0,0,0,0,0,0,0,0,0,0,0,0,0,0,0
9,6,4095,1,5,43,86,172,0,0,0,0,0,0,0,0
6,5,2748,0,8,60,120,241,0,0,0,0,0,0,0,0
0,0,0,0,0,0,0,0,0,0,0,0,0,0,0,0
6,5,3903,0,6,59,119,239,0,0,0,0,0,0,0,0
0,0,0,0,0,0,0,0,0,0,0,0,0,0,0,0
4,5,367,0,10,40,81,163,0,0,0,0,0,0,0,0
0,0,0,0,0,0,0,0,0,0,0,0,0,0,0,0
0,0,0,0,0,0,0,0,0,0,0,0,0,0,0,0
9,4,3233,1,3,123,246,492,0,0,0,0,0,0,0,0
0,0,0,0,0,0,0,0,0,0,0,0,0,0,0,0
10,5,4092,0,0,29,58,117,0,0,0,0,0,0,0,0
9,6,4005,1,3,40,80,160,0,0,0,0,0,0,0,0
10,5,1018,1,2,61,122,244,0,0,0,0,0,0,0,0
0,0,0,0,0,0,0,0,0,0,0,0,0,0,0,0
6,5,1150,0,8,43,87,175,0,0,0,0,0,0,0,0
0,0,0,0,0,0,0,0,0,0,0,0,0,0,0,0
0,0,0,0,0,0,0,0,0,0,0,0,0,0,0,0
0,0,0,0,0,0,0,0,0,0,0,0,0,0,0,0
0,0,0,0,0,0,0,0,0,0,0,0,0,0,0,0
3,6,4095,1,13,23,47,94,0,0,0,0,0,0,0,0
0,0,0,0,0,0,0,0,0,0,0,0,0,0,0,0
9,6,4005,1,3,154,308,616,0,0,0,0,0,0,0,0
0,0,0,0,0,0,0,0,0,0,0,0,0,0,0,0
10,5,2723,0,1,48,97,194,0,0,0,0,0,0,0,0
7,6,2794,1,6,149,298,596,0,0,0,0,0,0,0,0
0,0,0,0,0,0,0,0,0,0,0,0,0,0,0,0
0,0,0,0,0,0,0,0,0,0,0,0,0,0,0,0
10,6,2986,1,0,49,98,197,0,0,0,0,0,0,0,0
0,0,0,0,0,0,0,0,0,0,0,0,0,0,0,0
0,0,0,0,0,0,0,0,0,0,0,0,0,0,0,0
8,5,3722,0,4,105,211,423,0,0,0,0,0,0,0,0
0,0,0,0,0,0,0,0,0,0,0,0,0,0,0,0
10,6,2773,1,2,103,207,415,0,0,0,0,0,0,0,0
10,6,3065,1,1,53,107,214,0,0,0,0,0,0,0,0
10,6,4095,1,0,56,112,225,0,0,0,0,0,0,0,0
8,5,1199,0,3,43,87,174,0,0,0,0,0,0,0,0
6,5,2748,0,8,107,214,429,0,0,0,0,0,0,0,0
10,6,4011,1,0,49,99,199,0,0,0,0,0,0,0,0
0,0,0,0,0,0,0,0,0,0,0,0,0,0,0,0
10,5,3882,1,1,102,205,410,0,0,0,0,0,0,0,0
0,0,0,0,0,0,0,0,0,0,0,0,0,0,0,0
0,0,0,0,0,0,0,0,0,0,0,0,0,0,0,0
10,4,970,1,2,103,207,415,0,0,0,0,0,0,0,0
10,6,3065,1,1,53,107,214,0,0,0,0,0,0,0,0
10,6,1451,0,2,43,86,173,0,0,0,0,0,0,0,0
6,5,2748,0,8,107,214,429,0,0,0,0,0,0,0,0
8,4,3970,0,4,124,248,496,0,0,0,0,0,0,0,0
0,0,0,0,0,0,0,0,0,0,0,0,0,0,0,0
0,0,0,0,0,0,0,0,0,0,0,0,0,0,0,0
10,5,3978,1,1,67,135,270,0,0,0,0,0,0,0,0
8,5,1199,0,3,19,39,78,0,0,0,0,0,0,0,0
9,5,3881,1,3,78,156,313,0,0,0,0,0,0,0,0
0,0,0,0,0,0,0,0,0,0,0,0,0,0,0,0
5,4,1294,1,11,144,288,577,0,0,0,0,0,0,0,0
0,0,0,0,0,0,0,0,0,0,0,0,0,0,0,0
0,0,0,0,0,0,0,0,0,0,0,0,0,0,0,0
0,0,0,0,0,0,0,0,0,0,0,0,0,0,0,0
10,5,4083,0,0,104,208,417,0,0,0,0,0,0,0,0
0,0,0,0,0,0,0,0,0,0,0,0,0,0,0,0
10,6,3002,1,0,143,287,574,0,0,0,0,0,0,0,0
3,6,3754,1,14,76,153,306,0,0,0,0,0,0,0,0
10,6,4095,1,0,24,48,97,0,0,0,0,0,0,0,0
10,5,3323,1,0,76,152,304,0,0,0,0,0,0,0,0
8,5,1199,0,3,87,175,350,0,0,0,0,0,0,0,0
10,6,1367,0,2,70,141,283,9,4,3664,1,5,74,149,299
10,4,3891,0,0,104,208,417,0,0,0,0,0,0,0,0
0,0,0,0,0,0,0,0,0,0,0,0,0,0,0,0
3,6,3754,1,14,76,153,306,0,0,0,0,0,0,0,0
10,6,4095,1,0,20,40,81,0,0,0,0,0,0,0,0
0,0,0,0,0,0,0,0,0,0,0,0,0,0,0,0
0,0,0,0,0,0,0,0,0,0,0,0,0,0,0,0
10,5,1023,1,0,93,186,373,0,0,0,0,0,0,0,0
8,6,1727,0,3,43,87,175,0,0,0,0,0,0,0,0
10,4,1020,1,0,52,104,209,0,0,0,0,0,0,0,0
10,4,255,0,0,149,298,597,0,0,0,0,0,0,0,0
8,5,3262,0,5,45,90,181,0,0,0,0,0,0,0,0
10,4,4080,0,0,56,112,225,0,0,0,0,0,0,0,0
9,5,3973,1,3,76,152,304,0,0,0,0,0,0,0,0
10,4,255,0,0,32,64,129,0,0,0,0,0,0,0,0
9,6,4073,1,3,4,9,18,0,0,0,0,0,0,0,0
0,0,0,0,0,0,0,0,0,0,0,0,0,0,0,0
0,0,0,0,0,0,0,0,0,0,0,0,0,0,0,0
0,0,0,0,0,0,0,0,0,0,0,0,0,0,0,0
4,6,1387,0,9,108,217,434,0,0,0,0,0,0,0,0
0,0,0,0,0,0,0,0,0,0,0,0,0,0,0,0
0,0,0,0,0,0,0,0,0,0,0,0,0,0,0,0
3,4,4080,1,13,36,73,146,0,0,0,0,0,0,0,0
9,6,4005,1,3,91,182,364,0,0,0,0,0,0,0,0
10,6,4095,1,0,73,146,293,0,0,0,0,0,0,0,0
0,0,0,0,0,0,0,0,0,0,0,0,0,0,0,0
10,6,1639,0,1,65,130,260,9,6,1454,1,3,72,145,291
10,6,2794,1,0,153,307,614,0,0,0,0,0,0,0,0
10,5,1023,1,0,3,6,13,0,0,0,0,0,0,0,0
2,4,1843,0,14,52,105,211,0,0,0,0,0,0,0,0
10,5,4066,1,1,117,235,471,0,0,0,0,0,0,0,0
0,0,0,0,0,0,0,0,0,0,0,0,0,0,0,0
9,5,4004,1,4,130,260,520,0,0,0,0,0,0,0,0
8,4,419,0,3,18,36,73,0,0,0,0,0,0,0,0
10,6,4090,1,1,36,73,147,0,0,0,0,0,0,0,0
10,4,3278,1,1,26,52,104,0,0,0,0,0,0,0,0
10,4,171,0,2,51,102,205,0,0,0,0,0,0,0,0
10,6,3749,1,2,96,193,387,0,0,0,0,0,0,0,0
0,0,0,0,0,0,0,0,0,0,0,0,0,0,0,0
4,6,1387,0,9,108,217,434,0,0,0,0,0,0,0,0
0,0,0,0,0,0,0,0,0,0,0,0,0,0,0,0
0,0,0,0,0,0,0,0,0,0,0,0,0,0,0,0
0,0,0,0,0,0,0,0,0,0,0,0,0,0,0,0
0,0,0,0,0,0,0,0,0,0,0,0,0,0,0,0
6,4,4035,0,6,20,40,80,0,0,0,0,0,0,0,0
10,6,4095,1,0,80,160,321,0,0,0,0,0,0,0,0
10,6,4095,1,0,69,138,277,0,0,0,0,0,0,0,0
0,0,0,0,0,0,0,0,0,0,0,0,0,0,0,0
0,0,0,0,0,0,0,0,0,0,0,0,0,0,0,0
10,6,3754,1,1,103,206,413,0,0,0,0,0,0,0,0
6,4,191,0,8,119,238,477,0,0,0,0,0,0,0,0
10,4,575,0,2,1,2,4,0,0,0,0,0,0,0,0
10,5,2699,0,1,149,299,598,0,0,0,0,0,0,0,0
3,5,937,1,15,126,253,506,0,0,0,0,0,0,0,0
10,6,3758,1,0,57,115,230,0,0,0,0,0,0,0,0
10,6,2799,0,1,143,286,572,0,0,0,0,0,0,0,0
0,0,0,0,0,0,0,0,0,0,0,0,0,0,0,0
2,5,1023,0,14,104,208,416,0,0,0,0,0,0,0,0
10,4,906,1,1,107,215,430,0,0,0,0,0,0,0,0
10,5,4092,0,0,51,102,205,0,0,0,0,0,0,0,0
0,0,0,0,0,0,0,0,0,0,0,0,0,0,0,0
10,6,4074,1,2,126,253,507,0,0,0,0,0,0,0,0
10,6,3482,1,0,155,310,620,0,0,0,0,0,0,0,0
10,5,4092,0,0,5,10,21,0,0,0,0,0,0,0,0
0,0,0,0,0,0,0,0,0,0,0,0,0,0,0,0
0,0,0,0,0,0,0,0,0,0,0,0,0,0,0,0
10,4,1083,0,2,132,265,530,0,0,0,0,0,0,0,0
10,5,4092,0,0,32,64,129,0,0,0,0,0,0,0,0
9,5,2792,1,5,107,214,429,0,0,0,0,0,0,0,0
10,4,255,0,0,157,314,629,0,0,0,0,0,0,0,0
8,4,127,0,4,88,177,354,0,0,0,0,0,0,0,0
0,0,0,0,0,0,0,0,0,0,0,0,0,0,0,0
6,6,1659,0,8,42,85,171,0,0,0,0,0,0,0,0
0,0,0,0,0,0,0,0,0,0,0,0,0,0,0,0
10,4,3040,0,0,112,225,451,0,0,0,0,0,0,0,0
0,0,0,0,0,0,0,0,0,0,0,0,0,0,0,0
3,4,229,1,15,41,83,166,0,0,0,0,0,0,0,0
2,4,1776,0,15,146,292,584,0,0,0,0,0,0,0,0
7,6,4075,1,6,66,133,266,0,0,0,0,0,0,0,0
10,6,2815,0,1,80,160,320,0,0,0,0,0,0,0,0
0,0,0,0,0,0,0,0,0,0,0,0,0,0,0,0
0,0,0,0,0,0,0,0,0,0,0,0,0,0,0,0
10,5,3903,0,0,22,44,89,0,0,0,0,0,0,0,0
10,4,1016,1,2,76,152,304,0,0,0,0,0,0,0,0
10,6,4074,1,2,117,235,471,0,0,0,0,0,0,0,0
10,6,4095,1,0,148,296,593,0,0,0,0,0,0,0,0
0,0,0,0,0,0,0,0,0,0,0,0,0,0,0,0
10,4,655,0,2,15,31,63,0,0,0,0,0,0,0,0
0,0,0,0,0,0,0,0,0,0,0,0,0,0,0,0
5,6,3989,1,9,49,99,198,0,0,0,0,0,0,0,0
0,0,0,0,0,0,0,0,0,0,0,0,0,0,0,0
0,0,0,0,0,0,0,0,0,0,0,0,0,0,0,0
0,0,0,0,0,0,0,0,0,0,0,0,0,0,0,0
10,6,2991,0,1,116,233,467,0,0,0,0,0,0,0,0
10,5,3747,0,0,35,71,143,0,0,0,0,0,0,0,0
0,0,0,0,0,0,0,0,0,0,0,0,0,0,0,0
10,6,3822,1,0,83,167,335,0,0,0,0,0,0,0,0
0,0,0,0,0,0,0,0,0,0,0,0,0,0,0,0
0,0,0,0,0,0,0,0,0,0,0,0,0,0,0,0
10,6,4074,1,2,144,289,579,0,0,0,0,0,0,0,0
0,0,0,0,0,0,0,0,0,0,0,0,0,0,0,0
0,0,0,0,0,0,0,0,0,0,0,0,0,0,0,0
10,5,2767,0,1,61,122,244,0,0,0,0,0,0,0,0
10,5,2282,1,0,107,215,430,0,0,0,0,0,0,0,0
9,4,932,1,4,13,26,52,0,0,0,0,0,0,0,0
0,0,0,0,0,0,0,0,0,0,0,0,0,0,0,0
6,4,2736,0,8,151,302,605,0,0,0,0,0,0,0,0
3,6,2734,1,13,23,47,94,0,0,0,0,0,0,0,0
10,5,3903,0,0,80,160,321,0,0,0,0,0,0,0,0
0,0,0,0,0,0,0,0,0,0,0,0,0,0,0,0
8,4,303,0,4,87,174,349,0,0,0,0,0,0,0,0
0,0,0,0,0,0,0,0,0,0,0,0,0,0,0,0
9,6,3070,1,5,134,269,538,0,0,0,0,0,0,0,0
0,0,0,0,0,0,0,0,0,0,0,0,0,0,0,0
0,0,0,0,0,0,0,0,0,0,0,0,0,0,0,0
0,0,0,0,0,0,0,0,0,0,0,0,0,0,0,0
10,4,2827,0,0,23,47,95,0,0,0,0,0,0,0,0
0,0,0,0,0,0,0,0,0,0,0,0,0,0,0,0
0,0,0,0,0,0,0,0,0,0,0,0,0,0,0,0
10,5,3241,1,2,107,214,429,0,0,0,0,0,0,0,0
10,4,2604,0,1,3,7,15,0,0,0,0,0,0,0,0
0,0,0,0,0,0,0,0,0,0,0,0,0,0,0,0
0,0,0,0,0,0,0,0,0,0,0,0,0,0,0,0
0,0,0,0,0,0,0,0,0,0,0,0,0,0,0,0
9,5,937,1,3,121,242,485,0,0,0,0,0,0,0,0
0,0,0,0,0,0,0,0,0,0,0,0,0,0,0,0
0,0,0,0,0,0,0,0,0,0,0,0,0,0,0,0
0,0,0,0,0,0,0,0,0,0,0,0,0,0,0,0
10,4,255,0,0,32,64,129,0,0,0,0,0,0,0,0
5,5,366,1,11,144,288,577,0,0,0,0,0,0,0,0
0,0,0,0,0,0,0,0,0,0,0,0,0,0,0,0
10,5,3903,0,0,41,82,165,0,0,0,0,0,0,0,0
0,0,0,0,0,0,0,0,0,0,0,0,0,0,0,0
9,6,2799,1,4,16,33,66,0,0,0,0,0,0,0,0
0,0,0,0,0,0,0,0,0,0,0,0,0,0,0,0
0,0,0,0,0,0,0,0,0,0,0,0,0,0,0,0
0,0,0,0,0,0,0,0,0,0,0,0,0,0,0,0
9,4,2755,1,4,31,63,126,0,0,0,0,0,0,0,0
0,0,0,0,0,0,0,0,0,0,0,0,0,0,0,0
0,0,0,0,0,0,0,0,0,0,0,0,0,0,0,0
10,6,4094,1,1,155,310,620,0,0,0,0,0,0,0,0
10,4,2700,0,2,5,11,23,0,0,0,0,0,0,0,0
0,0,0,0,0,0,0,0,0,0,0,0,0,0,0,0
10,4,2575,0,1,93,186,372,0,0,0,0,0,0,0,0
0,0,0,0,0,0,0,0,0,0,0,0,0,0,0,0
10,6,2731,0,1,73,147,294,0,0,0,0,0,0,0,0
0,0,0,0,0,0,0,0,0,0,0,0,0,0,0,0
10,5,3327,1,0,86,172,345,0,0,0,0,0,0,0,0
0,0,0,0,0,0,0,0,0,0,0,0,0,0,0,0
0,0,0,0,0,0,0,0,0,0,0,0,0,0,0,0
9,5,2607,1,4,4,9,18,0,0,0,0,0,0,0,0
0,0,0,0,0,0,0,0,0,0,0,0,0,0,0,0
3,5,507,1,12,96,193,387,0,0,0,0,0,0,0,0
0,0,0,0,0,0,0,0,0,0,0,0,0,0,0,0
0,0,0,0,0,0,0,0,0,0,0,0,0,0,0,0
0,0,0,0,0,0,0,0,0,0,0,0,0,0,0,0
0,0,0,0,0,0,0,0,0,0,0,0,0,0,0,0
0,0,0,0,0,0,0,0,0,0,0,0,0,0,0,0
6,4,3724,0,6,70,140,281,5,4,4033,1,9,101,203,407
10,4,719,0,1,28,56,112,0,0,0,0,0,0,0,0
7,4,1000,1,8,133,266,533,0,0,0,0,0,0,0,0
9,4,3876,1,4,119,238,476,0,0,0,0,0,0,0,0
8,5,1135,0,3,133,266,533,0,0,0,0,0,0,0,0
0,0,0,0,0,0,0,0,0,0,0,0,0,0,0,0
10,5,4047,0,0,51,102,205,0,0,0,0,0,0,0,0
0,0,0,0,0,0,0,0,0,0,0,0,0,0,0,0
0,0,0,0,0,0,0,0,0,0,0,0,0,0,0,0
0,0,0,0,0,0,0,0,0,0,0,0,0,0,0,0
10,4,4080,0,0,95,190,381,0,0,0,0,0,0,0,0
0,0,0,0,0,0,0,0,0,0,0,0,0,0,0,0
0,0,0,0,0,0,0,0,0,0,0,0,0,0,0,0
2,5,343,0,15,52,105,210,0,0,0,0,0,0,0,0
0,0,0,0,0,0,0,0,0,0,0,0,0,0,0,0
10,5,4047,0,0,2,4,9,0,0,0,0,0,0,0,0
10,4,2876,0,1,152,304,609,0,0,0,0,0,0,0,0
0,0,0,0,0,0,0,0,0,0,0,0,0,0,0,0
9,5,3877,1,3,130,260,520,0,0,0,0,0,0,0,0
8,4,1776,0,5,150,301,603,0,0,0,0,0,0,0,0
10,5,3810,1,1,106,213,426,0,0,0,0,0,0,0,0
3,6,2734,1,13,23,47,94,0,0,0,0,0,0,0,0
10,5,4083,0,0,120,240,481,0,0,0,0,0,0,0,0
10,5,4092,0,0,80,160,321,0,0,0,0,0,0,0,0
0,0,0,0,0,0,0,0,0,0,0,0,0,0,0,0
10,6,3071,0,1,30,60,121,0,0,0,0,0,0,0,0
0,0,0,0,0,0,0,0,0,0,0,0,0,0,0,0
10,4,3314,1,1,85,170,340,0,0,0,0,0,0,0,0
10,5,1018,1,2,58,116,232,0,0,0,0,0,0,0,0
10,5,3327,1,0,49,98,197,0,0,0,0,0,0,0,0
0,0,0,0,0,0,0,0,0,0,0,0,0,0,0,0
0,0,0,0,0,0,0,0,0,0,0,0,0,0,0,0
6,4,655,0,8,150,300,601,0,0,0,0,0,0,0,0
10,4,555,0,1,153,307,614,0,0,0,0,0,0,0,0
9,4,3220,1,4,138,277,554,0,0,0,0,0,0,0,0
0,0,0,0,0,0,0,0,0,0,0,0,0,0,0,0
0,0,0,0,0,0,0,0,0,0,0,0,0,0,0,0
0,0,0,0,0,0,0,0,0,0,0,0,0,0,0,0
0,0,0,0,0,0,0,0,0,0,0,0,0,0,0,0
2,5,1003,0,13,103,207,415,0,0,0,0,0,0,0,0
10,6,4010,1,1,107,215,430,0,0,0,0,0,0,0,0
0,0,0,0,0,0,0,0,0,0,0,0,0,0,0,0
10,5,3826,1,0,42,85,171,0,0,0,0,0,0,0,0
6,6,2815,0,7,50,101,202,0,0,0,0,0,0,0,0
0,0,0,0,0,0,0,0,0,0,0,0,0,0,0,0
10,6,4095,1,0,25,50,101,0,0,0,0,0,0,0,0
10,6,4095,1,0,77,154,309,0,0,0,0,0,0,0,0
0,0,0,0,0,0,0,0,0,0,0,0,0,0,0,0
6,6,1454,0,8,46,93,187,0,0,0,0,0,0,0,0
0,0,0,0,0,0,0,0,0,0,0,0,0,0,0,0
10,5,4008,1,2,78,156,313,0,0,0,0,0,0,0,0
0,0,0,0,0,0,0,0,0,0,0,0,0,0,0,0
0,0,0,0,0,0,0,0,0,0,0,0,0,0,0,0
0,0,0,0,0,0,0,0,0,0,0,0,0,0,0,0
0,0,0,0,0,0,0,0,0,0,0,0,0,0,0,0
0,0,0,0,0,0,0,0,0,0,0,0,0,0,0,0
0,0,0,0,0,0,0,0,0,0,0,0,0,0,0,0
10,5,4088,1,1,27,54,108,0,0,0,0,0,0,0,0
4,6,1391,0,9,54,109,219,0,0,0,0,0,0,0,0
3,4,249,1,15,138,276,552,0,0,0,0,0,0,0,0
8,5,1355,0,3,27,54,108,0,0,0,0,0,0,0,0
4,5,1452,0,9,115,230,460,0,0,0,0,0,0,0,0
10,6,3839,0,0,46,92,185,0,0,0,0,0,0,0,0
0,0,0,0,0,0,0,0,0,0,0,0,0,0,0,0
0,0,0,0,0,0,0,0,0,0,0,0,0,0,0,0
3,4,221,1,15,129,259,518,0,0,0,0,0,0,0,0
10,6,2810,1,0,60,121,242,0,0,0,0,0,0,0,0
10,6,3003,0,0,134,269,539,0,0,0,0,0,0,0,0
10,4,1011,0,0,37,74,149,0,0,0,0,0,0,0,0
6,4,4035,0,6,18,36,72,0,0,0,0,0,0,0,0
10,4,3040,0,0,112,225,451,0,0,0,0,0,0,0,0
0,0,0,0,0,0,0,0,0,0,0,0,0,0,0,0
0,0,0,0,0,0,0,0,0,0,0,0,0,0,0,0
0,0,0,0,0,0,0,0,0,0,0,0,0,0,0,0
0,0,0,0,0,0,0,0,0,0,0,0,0,0,0,0
0,0,0,0,0,0,0,0,0,0,0,0,0,0,0,0
0,0,0,0,0,0,0,0,0,0,0,0,0,0,0,0
10,4,255,0,0,32,64,129,0,0,0,0,0,0,0,0
5,4,2611,1,11,144,288,577,0,0,0,0,0,0,0,0
10,5,4092,0,0,16,32,65,0,0,0,0,0,0,0,0
0,0,0,0,0,0,0,0,0,0,0,0,0,0,0,0
7,5,4042,1,8,31,62,125,0,0,0,0,0,0,0,0
0,0,0,0,0,0,0,0,0,0,0,0,0,0,0,0
8,4,1203,0,3,64,129,259,0,0,0,0,0,0,0,0
0,0,0,0,0,0,0,0,0,0,0,0,0,0,0,0
9,4,3324,1,5,72,144,288,0,0,0,0,0,0,0,0
10,6,1451,0,2,39,78,157,0,0,0,0,0,0,0,0
0,0,0,0,0,0,0,0,0,0,0,0,0,0,0,0
0,0,0,0,0,0,0,0,0,0,0,0,0,0,0,0
10,4,2227,0,1,78,156,312,0,0,0,0,0,0,0,0
0,0,0,0,0,0,0,0,0,0,0,0,0,0,0,0
3,5,2366,1,12,46,93,186,0,0,0,0,0,0,0,0
0,0,0,0,0,0,0,0,0,0,0,0,0,0,0,0
6,4,95,0,6,98,197,395,0,0,0,0,0,0,0,0
0,0,0,0,0,0,0,0,0,0,0,0,0,0,0,0
0,0,0,0,0,0,0,0,0,0,0,0,0,0,0,0
0,0,0,0,0,0,0,0,0,0,0,0,0,0,0,0
0,0,0,0,0,0,0,0,0,0,0,0,0,0,0,0
10,5,2808,0,0,75,151,303,0,0,0,0,0,0,0,0
10,4,994,1,2,117,235,471,0,0,0,0,0,0,0,0
0,0,0,0,0,0,0,0,0,0,0,0,0,0,0,0
0,0,0,0,0,0,0,0,0,0,0,0,0,0,0,0
0,0,0,0,0,0,0,0,0,0,0,0,0,0,0,0
9,4,3604,1,4,18,37,74,0,0,0,0,0,0,0,0
10,4,3135,1,0,56,112,225,0,0,0,0,0,0,0,0
9,5,3717,1,3,75,151,303,0,0,0,0,0,0,0,0
9,5,3881,1,3,4,8,17,0,0,0,0,0,0,0,0
0,0,0,0,0,0,0,0,0,0,0,0,0,0,0,0
0,0,0,0,0,0,0,0,0,0,0,0,0,0,0,0
10,4,3891,0,0,130,260,521,0,0,0,0,0,0,0,0
0,0,0,0,0,0,0,0,0,0,0,0,0,0,0,0
10,4,651,0,1,151,303,606,0,0,0,0,0,0,0,0
0,0,0,0,0,0,0,0,0,0,0,0,0,0,0,0
0,0,0,0,0,0,0,0,0,0,0,0,0,0,0,0
3,4,1020,1,15,113,226,453,0,0,0,0,0,0,0,0
10,4,255,0,0,134,268,537,0,0,0,0,0,0,0,0
0,0,0,0,0,0,0,0,0,0,0,0,0,0,0,0
3,5,1021,1,15,19,38,76,0,0,0,0,0,0,0,0
10,5,3882,1,1,62,125,250,0,0,0,0,0,0,0,0
0,0,0,0,0,0,0,0,0,0,0,0,0,0,0,0
10,4,3308,1,0,30,60,120,0,0,0,0,0,0,0,0
2,5,1019,0,13,104,208,416,0,0,0,0,0,0,0,0
0,0,0,0,0,0,0,0,0,0,0,0,0,0,0,0
0,0,0,0,0,0,0,0,0,0,0,0,0,0,0,0
3,6,3753,1,15,94,188,377,0,0,0,0,0,0,0,0
0,0,0,0,0,0,0,0,0,0,0,0,0,0,0,0
0,0,0,0,0,0,0,0,0,0,0,0,0,0,0,0
10,6,2751,0,2,68,136,272,0,0,0,0,0,0,0,0
0,0,0,0,0,0,0,0,0,0,0,0,0,0,0,0
0,0,0,0,0,0,0,0,0,0,0,0,0,0,0,0
0,0,0,0,0,0,0,0,0,0,0,0,0,0,0,0
5,4,805,1,10,132,265,531,0,0,0,0,0,0,0,0
0,0,0,0,0,0,0,0,0,0,0,0,0,0,0,0
10,5,3068,0,1,107,214,429,0,0,0,0,0,0,0,0
7,4,3875,1,6,117,235,471,0,0,0,0,0,0,0,0
0,0,0,0,0,0,0,0,0,0,0,0,0,0,0,0
0,0,0,0,0,0,0,0,0,0,0,0,0,0,0,0
0,0,0,0,0,0,0,0,0,0,0,0,0,0,0,0
9,5,2792,1,5,84,168,337,0,0,0,0,0,0,0,0
3,5,507,1,12,96,193,387,0,0,0,0,0,0,0,0
10,4,2700,0,2,21,43,87,0,0,0,0,0,0,0,0
9,5,1001,1,4,53,107,214,0,0,0,0,0,0,0,0
0,0,0,0,0,0,0,0,0,0,0,0,0,0,0,0
0,0,0,0,0,0,0,0,0,0,0,0,0,0,0,0
0,0,0,0,0,0,0,0,0,0,0,0,0,0,0,0
0,0,0,0,0,0,0,0,0,0,0,0,0,0,0,0
0,0,0,0,0,0,0,0,0,0,0,0,0,0,0,0
8,5,4028,0,5,70,141,282,0,0,0,0,0,0,0,0
0,0,0,0,0,0,0,0,0,0,0,0,0,0,0,0
0,0,0,0,0,0,0,0,0,0,0,0,0,0,0,0
9,4,901,1,4,108,216,432,0,0,0,0,0,0,0,0
10,6,3834,1,1,144,289,579,0,0,0,0,0,0,0,0
0,0,0,0,0,0,0,0,0,0,0,0,0,0,0,0
0,0,0,0,0,0,0,0,0,0,0,0,0,0,0,0
10,5,1023,1,0,61,122,245,0,0,0,0,0,0,0,0
0,0,0,0,0,0,0,0,0,0,0,0,0,0,0,0
0,0,0,0,0,0,0,0,0,0,0,0,0,0,0,0
0,0,0,0,0,0,0,0,0,0,0,0,0,0,0,0
10,6,3071,0,1,117,234,469,0,0,0,0,0,0,0,0
0,0,0,0,0,0,0,0,0,0,0,0,0,0,0,0
0,0,0,0,0,0,0,0,0,0,0,0,0,0,0,0
0,0,0,0,0,0,0,0,0,0,0,0,0,0,0,0
10,6,3071,0,1,30,60,121,0,0,0,0,0,0,0,0
0,0,0,0,0,0,0,0,0,0,0,0,0,0,0,0
10,4,3900,0,0,85,170,341,0,0,0,0,0,0,0,0
9,5,1023,1,5,58,116,232,0,0,0,0,0,0,0,0
10,6,3839,0,0,49,98,197,0,0,0,0,0,0,0,0
0,0,0,0,0,0,0,0,0,0,0,0,0,0,0,0
0,0,0,0,0,0,0,0,0,0,0,0,0,0,0,0
0,0,0,0,0,0,0,0,0,0,0,0,0,0,0,0
10,5,3068,0,1,153,306,613,0,0,0,0,0,0,0,0
9,4,3716,1,3,138,277,555,0,0,0,0,0,0,0,0
8,4,303,0,4,7,14,29,0,0,0,0,0,0,0,0
0,0,0,0,0,0,0,0,0,0,0,0,0,0,0,0
10,4,3024,1,2,112,224,448,0,0,0,0,0,0,0,0
0,0,0,0,0,0,0,0,0,0,0,0,0,0,0,0
9,4,4036,1,4,3,6,12,0,0,0,0,0,0,0,0
9,4,3900,1,5,147,294,588,0,0,0,0,0,0,0,0
0,0,0,0,0,0,0,0,0,0,0,0,0,0,0,0
9,6,3070,1,5,134,269,538,0,0,0,0,0,0,0,0
0,0,0,0,0,0,0,0,0,0,0,0,0,0,0,0
0,0,0,0,0,0,0,0,0,0,0,0,0,0,0,0
0,0,0,0,0,0,0,0,0,0,0,0,0,0,0,0
10,4,2095,0,1,12,25,51,0,0,0,0,0,0,0,0
0,0,0,0,0,0,0,0,0,0,0,0,0,0,0,0
0,0,0,0,0,0,0,0,0,0,0,0,0,0,0,0
0,0,0,0,0,0,0,0,0,0,0,0,0,0,0,0
5,6,3733,1,9,17,34,69,0,0,0,0,0,0,0,0
0,0,0,0,0,0,0,0,0,0,0,0,0,0,0,0
10,4,764,0,2,4,8,17,0,0,0,0,0,0,0,0
10,5,2808,0,0,75,151,303,0,0,0,0,0,0,0,0
0,0,0,0,0,0,0,0,0,0,0,0,0,0,0,0
0,0,0,0,0,0,0,0,0,0,0,0,0,0,0,0
0,0,0,0,0,0,0,0,0,0,0,0,0,0,0,0
0,0,0,0,0,0,0,0,0,0,0,0,0,0,0,0
10,6,4011,1,0,18,37,75,0,0,0,0,0,0,0,0
7,4,3135,1,6,114,228,456,0,0,0,0,0,0,0,0
10,4,737,1,2,27,54,109,0,0,0,0,0,0,0,0
6,6,2411,0,7,54,109,218,0,0,0,0,0,0,0,0
3,4,249,1,15,138,276,552,0,0,0,0,0,0,0,0
8,5,1715,0,3,26,53,107,0,0,0,0,0,0,0,0
0,0,0,0,0,0,0,0,0,0,0,0,0,0,0,0
10,5,2984,1,0,152,304,609,0,0,0,0,0,0,0,0
10,5,2703,0,1,3,7,15,0,0,0,0,0,0,0,0
0,0,0,0,0,0,0,0,0,0,0,0,0,0,0,0
0,0,0,0,0,0,0,0,0,0,0,0,0,0,0,0
0,0,0,0,0,0,0,0,0,0,0,0,0,0,0,0
0,0,0,0,0,0,0,0,0,0,0,0,0,0,0,0
9,5,933,1,4,121,242,484,0,0,0,0,0,0,0,0
10,4,3880,1,2,134,269,538,0,0,0,0,0,0,0,0
10,6,4095,1,0,141,282,565,0,0,0,0,0,0,0,0
10,4,3594,1,1,62,125,250,0,0,0,0,0,0,0,0
0,0,0,0,0,0,0,0,0,0,0,0,0,0,0,0
0,0,0,0,0,0,0,0,0,0,0,0,0,0,0,0
0,0,0,0,0,0,0,0,0,0,0,0,0,0,0,0
0,0,0,0,0,0,0,0,0,0,0,0,0,0,0,0
10,4,830,1,1,10,20,40,0,0,0,0,0,0,0,0
7,6,4075,1,6,20,41,82,0,0,0,0,0,0,0,0
7,4,970,1,8,31,62,125,0,0,0,0,0,0,0,0
10,5,3322,1,1,45,91,183,0,0,0,0,0,0,0,0
0,0,0,0,0,0,0,0,0,0,0,0,0,0,0,0
10,4,947,0,0,64,128,256,0,0,0,0,0,0,0,0
0,0,0,0,0,0,0,0,0,0,0,0,0,0,0,0
10,6,3007,0,1,18,36,72,0,0,0,0,0,0,0,0
7,5,3242,1,7,72,144,288,0,0,0,0,0,0,0,0
10,6,1711,0,2,39,79,158,0,0,0,0,0,0,0,0
0,0,0,0,0,0,0,0,0,0,0,0,0,0,0,0
0,0,0,0,0,0,0,0,0,0,0,0,0,0,0,0
10,5,2699,0,1,77,155,310,0,0,0,0,0,0,0,0
0,0,0,0,0,0,0,0,0,0,0,0,0,0,0,0
0,0,0,0,0,0,0,0,0,0,0,0,0,0,0,0
10,6,3754,1,1,61,122,245,0,0,0,0,0,0,0,0
0,0,0,0,0,0,0,0,0,0,0,0,0,0,0,0
10,4,3279,1,0,41,82,165,0,0,0,0,0,0,0,0
8,4,4044,0,5,104,209,419,0,0,0,0,0,0,0,0
0,0,0,0,0,0,0,0,0,0,0,0,0,0,0,0
9,4,2255,1,4,31,63,126,0,0,0,0,0,0,0,0
10,5,1579,0,2,107,214,429,0,0,0,0,0,0,0,0
3,4,973,1,15,19,38,76,0,0,0,0,0,0,0,0
7,4,3274,1,8,117,234,469,0,0,0,0,0,0,0,0
3,4,916,1,15,36,73,146,0,0,0,0,0,0,0,0
0,0,0,0,0,0,0,0,0,0,0,0,0,0,0,0
0,0,0,0,0,0,0,0,0,0,0,0,0,0,0,0
9,5,3732,1,4,84,169,338,0,0,0,0,0,0,0,0
10,6,4079,1,0,121,242,484,0,0,0,0,0,0,0,0
6,4,575,0,8,59,118,237,0,0,0,0,0,0,0,0
0,0,0,0,0,0,0,0,0,0,0,0,0,0,0,0
0,0,0,0,0,0,0,0,0,0,0,0,0,0,0,0
0,0,0,0,0,0,0,0,0,0,0,0,0,0,0,0
10,4,3170,1,1,56,112,225,0,0,0,0,0,0,0,0
8,4,1456,0,5,92,184,368,0,0,0,0,0,0,0,0
0,0,0,0,0,0,0,0,0,0,0,0,0,0,0,0
10,6,4095,1,0,130,260,521,0,0,0,0,0,0,0,0
10,5,2767,0,1,152,304,608,0,0,0,0,0,0,0,0
0,0,0,0,0,0,0,0,0,0,0,0,0,0,0,0
10,6,4095,1,0,66,132,265,0,0,0,0,0,0,0,0
10,5,2748,0,2,68,136,272,0,0,0,0,0,0,0,0
0,0,0,0,0,0,0,0,0,0,0,0,0,0,0,0
0,0,0,0,0,0,0,0,0,0,0,0,0,0,0,0
10,6,4093,1,2,8,17,35,0,0,0,0,0,0,0,0
0,0,0,0,0,0,0,0,0,0,0,0,0,0,0,0
0,0,0,0,0,0,0,0,0,0,0,0,0,0,0,0
0,0,0,0,0,0,0,0,0,0,0,0,0,0,0,0
10,6,3071,0,1,117,234,469,0,0,0,0,0,0,0,0
7,4,4040,1,8,43,86,173,0,0,0,0,0,0,0,0
0,0,0,0,0,0,0,0,0,0,0,0,0,0,0,0
0,0,0,0,0,0,0,0,0,0,0,0,0,0,0,0
10,5,1023,1,0,144,288,577,0,0,0,0,0,0,0,0
10,5,2812,0,2,28,56,113,0,0,0,0,0,0,0,0
7,6,4074,1,8,133,266,533,0,0,0,0,0,0,0,0
9,5,2879,1,4,118,237,475,0,0,0,0,0,0,0,0
10,5,1307,0,2,133,266,532,0,0,0,0,0,0,0,0
0,0,0,0,0,0,0,0,0,0,0,0,0,0,0,0
10,5,4092,0,0,51,102,205,0,0,0,0,0,0,0,0
10,5,4092,0,0,18,36,73,0,0,0,0,0,0,0,0
0,0,0,0,0,0,0,0,0,0,0,0,0,0,0,0
0,0,0,0,0,0,0,0,0,0,0,0,0,0,0,0
0,0,0,0,0,0,0,0,0,0,0,0,0,0,0,0
0,0,0,0,0,0,0,0,0,0,0,0,0,0,0,0
6,4,2736,0,8,29,58,117,0,0,0,0,0,0,0,0
10,6,3754,1,1,19,38,77,0,0,0,0,0,0,0,0
10,5,2703,0,1,42,85,171,0,0,0,0,0,0,0,0
0,0,0,0,0,0,0,0,0,0,0,0,0,0,0,0
10,5,4072,1,2,58,117,234,0,0,0,0,0,0,0,0
0,0,0,0,0,0,0,0,0,0,0,0,0,0,0,0
0,0,0,0,0,0,0,0,0,0,0,0,0,0,0,0
0,0,0,0,0,0,0,0,0,0,0,0,0,0,0,0
10,5,4066,1,1,107,215,431,0,0,0,0,0,0,0,0
0,0,0,0,0,0,0,0,0,0,0,0,0,0,0,0
10,6,2751,0,2,13,26,52,0,0,0,0,0,0,0,0
0,0,0,0,0,0,0,0,0,0,0,0,0,0,0,0
0,0,0,0,0,0,0,0,0,0,0,0,0,0,0,0
0,0,0,0,0,0,0,0,0,0,0,0,0,0,0,0
5,6,3733,1,9,17,34,69,0,0,0,0,0,0,0,0
10,5,4042,1,1,1,3,7,0,0,0,0,0,0,0,0
0,0,0,0,0,0,0,0,0,0,0,0,0,0,0,0
8,4,3890,0,4,87,174,349,0,0,0,0,0,0,0,0
0,0,0,0,0,0,0,0,0,0,0,0,0,0,0,0
9,6,3071,1,4,134,269,539,0,0,0,0,0,0,0,0
0,0,0,0,0,0,0,0,0,0,0,0,0,0,0,0
0,0,0,0,0,0,0,0,0,0,0,0,0,0,0,0
0,0,0,0,0,0,0,0,0,0,0,0,0,0,0,0
10,4,755,0,1,43,86,172,0,0,0,0,0,0,0,0
4,5,367,0,10,50,101,203,0,0,0,0,0,0,0,0
0,0,0,0,0,0,0,0,0,0,0,0,0,0,0,0
10,4,1011,0,0,25,50,101,0,0,0,0,0,0,0,0
10,5,4083,0,0,77,154,309,0,0,0,0,0,0,0,0
0,0,0,0,0,0,0,0,0,0,0,0,0,0,0,0
0,0,0,0,0,0,0,0,0,0,0,0,0,0,0,0
6,4,2700,0,8,46,92,185,0,0,0,0,0,0,0,0
0,0,0,0,0,0,0,0,0,0,0,0,0,0,0,0
0,0,0,0,0,0,0,0,0,0,0,0,0,0,0,0
0,0,0,0,0,0,0,0,0,0,0,0,0,0,0,0
10,4,830,1,1,10,20,40,0,0,0,0,0,0,0,0
7,6,4075,1,6,20,41,82,0,0,0,0,0,0,0,0
0,0,0,0,0,0,0,0,0,0,0,0,0,0,0,0
10,5,3903,0,0,107,214,429,0,0,0,0,0,0,0,0
9,5,937,1,3,107,214,429,0,0,0,0,0,0,0,0
10,6,4031,0,0,60,120,241,0,0,0,0,0,0,0,0
0,0,0,0,0,0,0,0,0,0,0,0,0,0,0,0
0,0,0,0,0,0,0,0,0,0,0,0,0,0,0,0
0,0,0,0,0,0,0,0,0,0,0,0,0,0,0,0
0,0,0,0,0,0,0,0,0,0,0,0,0,0,0,0
10,4,3855,1,0,113,226,453,0,0,0,0,0,0,0,0
9,5,937,1,3,121,242,485,0,0,0,0,0,0,0,0
0,0,0,0,0,0,0,0,0,0,0,0,0,0,0,0
4,5,1459,0,9,115,230,460,0,0,0,0,0,0,0,0
10,4,3788,0,0,46,92,185,0,0,0,0,0,0,0,0
10,5,4092,0,0,2,4,9,0,0,0,0,0,0,0,0
10,6,4074,1,2,150,301,603,0,0,0,0,0,0,0,0
0,0,0,0,0,0,0,0,0,0,0,0,0,0,0,0
10,4,979,1,0,130,261,523,0,0,0,0,0,0,0,0
0,0,0,0,0,0,0,0,0,0,0,0,0,0,0,0
10,6,1397,0,0,60,121,242,0,0,0,0,0,0,0,0
10,4,2300,0,2,134,268,537,0,0,0,0,0,0,0,0
10,6,3839,0,0,37,74,149,10,5,3626,1,1,56,113,226
0,0,0,0,0,0,0,0,0,0,0,0,0,0,0,0
10,6,4079,1,0,121,242,484,0,0,0,0,0,0,0,0
0,0,0,0,0,0,0,0,0,0,0,0,0,0,0,0
10,6,4095,1,0,85,170,341,0,0,0,0,0,0,0,0
0,0,0,0,0,0,0,0,0,0,0,0,0,0,0,0
0,0,0,0,0,0,0,0,0,0,0,0,0,0,0,0
10,6,4010,1,1,56,113,226,0,0,0,0,0,0,0,0
0,0,0,0,0,0,0,0,0,0,0,0,0,0,0,0
10,6,4095,1,0,41,82,165,0,0,0,0,0,0,0,0
6,6,4031,0,6,104,209,418,0,0,0,0,0,0,0,0
10,6,4095,1,0,61,122,245,0,0,0,0,0,0,0,0
0,0,0,0,0,0,0,0,0,0,0,0,0,0,0,0
0,0,0,0,0,0,0,0,0,0,0,0,0,0,0,0
9,6,2795,1,5,31,62,125,0,0,0,0,0,0,0,0
10,6,3834,1,1,68,137,275,0,0,0,0,0,0,0,0
6,4,2106,0,6,98,197,395,0,0,0,0,0,0,0,0
10,5,2732,0,1,70,141,283,0,0,0,0,0,0,0,0
0,0,0,0,0,0,0,0,0,0,0,0,0,0,0,0
7,5,1003,1,6,66,133,266,0,0,0,0,0,0,0,0
10,4,4080,0,0,18,36,73,0,0,0,0,0,0,0,0
0,0,0,0,0,0,0,0,0,0,0,0,0,0,0,0
10,6,2734,0,0,19,39,78,0,0,0,0,0,0,0,0
10,4,2236,0,2,43,86,172,0,0,0,0,0,0,0,0
10,4,3850,1,1,58,117,235,0,0,0,0,0,0,0,0
0,0,0,0,0,0,0,0,0,0,0,0,0,0,0,0
0,0,0,0,0,0,0,0,0,0,0,0,0,0,0,0
10,5,2979,0,0,104,209,419,0,0,0,0,0,0,0,0
0,0,0,0,0,0,0,0,0,0,0,0,0,0,0,0
7,5,4066,1,8,133,266,533,0,0,0,0,0,0,0,0
9,4,2831,1,4,118,237,475,0,0,0,0,0,0,0,0
10,5,2748,0,2,133,266,532,0,0,0,0,0,0,0,0
0,0,0,0,0,0,0,0,0,0,0,0,0,0,0,0
10,4,760,1,0,50,101,203,0,0,0,0,0,0,0,0
0,0,0,0,0,0,0,0,0,0,0,0,0,0,0,0
0,0,0,0,0,0,0,0,0,0,0,0,0,0,0,0
10,6,3071,0,1,88,176,353,0,0,0,0,0,0,0,0
0,0,0,0,0,0,0,0,0,0,0,0,0,0,0,0
10,5,3722,1,1,133,266,533,0,0,0,0,0,0,0,0
0,0,0,0,0,0,0,0,0,0,0,0,0,0,0,0
10,6,3754,1,1,120,240,481,0,0,0,0,0,0,0,0
0,0,0,0,0,0,0,0,0,0,0,0,0,0,0,0
3,4,1020,1,15,113,226,453,0,0,0,0,0,0,0,0
10,4,3113,1,2,154,308,617,0,0,0,0,0,0,0,0
9,5,2787,1,4,9,19,38,0,0,0,0,0,0,0,0
10,5,683,0,1,48,97,194,0,0,0,0,0,0,0,0
0,0,0,0,0,0,0,0,0,0,0,0,0,0,0,0
7,6,2970,1,6,148,297,595,0,0,0,0,0,0,0,0
10,5,3903,0,0,18,36,73,0,0,0,0,0,0,0,0
0,0,0,0,0,0,0,0,0,0,0,0,0,0,0,0
10,6,4010,1,1,138,277,554,0,0,0,0,0,0,0,0
0,0,0,0,0,0,0,0,0,0,0,0,0,0,0,0
10,5,3903,0,0,22,44,89,0,0,0,0,0,0,0,0
8,5,3722,0,4,129,259,519,0,0,0,0,0,0,0,0
10,5,3327,1,0,148,296,593,0,0,0,0,0,0,0,0
10,5,3978,1,1,69,139,278,0,0,0,0,0,0,0,0
5,4,3220,1,10,25,50,101,0,0,0,0,0,0,0,0
0,0,0,0,0,0,0,0,0,0,0,0,0,0,0,0
0,0,0,0,0,0,0,0,0,0,0,0,0,0,0,0
10,4,831,1,0,43,86,173,0,0,0,0,0,0,0,0
0,0,0,0,0,0,0,0,0,0,0,0,0,0,0,0
10,5,1023,1,0,77,154,309,0,0,0,0,0,0,0,0
10,4,3260,0,0,62,124,248,0,0,0,0,0,0,0,0
6,6,1402,0,8,46,93,186,0,0,0,0,0,0,0,0
3,5,507,1,12,96,193,387,0,0,0,0,0,0,0,0
10,6,2735,0,1,21,43,87,0,0,0,0,0,0,0,0
0,0,0,0,0,0,0,0,0,0,0,0,0,0,0,0
10,5,4042,1,1,53,107,215,0,0,0,0,0,0,0,0
9,5,3881,1,3,64,128,257,0,0,0,0,0,0,0,0
0,0,0,0,0,0,0,0,0,0,0,0,0,0,0,0
0,0,0,0,0,0,0,0,0,0,0,0,0,0,0,0
0,0,0,0,0,0,0,0,0,0,0,0,0,0,0,0
0,0,0,0,0,0,0,0,0,0,0,0,0,0,0,0
3,4,1020,1,15,113,226,453,0,0,0,0,0,0,0,0
10,5,3327,1,0,113,226,453,0,0,0,0,0,0,0,0
0,0,0,0,0,0,0,0,0,0,0,0,0,0,0,0
0,0,0,0,0,0,0,0,0,0,0,0,0,0,0,0
0,0,0,0,0,0,0,0,0,0,0,0,0,0,0,0
3,4,969,1,15,80,161,323,0,0,0,0,0,0,0,0
0,0,0,0,0,0,0,0,0,0,0,0,0,0,0,0
0,0,0,0,0,0,0,0,0,0,0,0,0,0,0,0
9,6,4073,1,3,149,299,598,0,0,0,0,0,0,0,0
0,0,0,0,0,0,0,0,0,0,0,0,0,0,0,0
10,5,4047,0,0,63,126,253,0,0,0,0,0,0,0,0
0,0,0,0,0,0,0,0,0,0,0,0,0,0,0,0
10,5,3836,0,0,46,92,185,0,0,0,0,0,0,0,0
0,0,0,0,0,0,0,0,0,0,0,0,0,0,0,0
9,4,229,1,5,74,148,297,0,0,0,0,0,0,0,0
9,4,2255,1,4,50,101,202,0,0,0,0,0,0,0,0
0,0,0,0,0,0,0,0,0,0,0,0,0,0,0,0
10,4,947,0,0,134,268,536,0,0,0,0,0,0,0,0
10,4,3635,0,0,37,74,148,0,0,0,0,0,0,0,0
6,5,4047,0,6,17,35,71,0,0,0,0,0,0,0,0
0,0,0,0,0,0,0,0,0,0,0,0,0,0,0,0
0,0,0,0,0,0,0,0,0,0,0,0,0,0,0,0
10,6,3007,0,1,144,288,576,0,0,0,0,0,0,0,0
8,5,1423,0,3,116,233,466,0,0,0,0,0,0,0,0
10,6,4089,1,2,2,5,10,0,0,0,0,0,0,0,0
6,5,3023,0,7,150,301,603,0,0,0,0,0,0,0,0
10,6,2731,0,1,42,85,170,0,0,0,0,0,0,0,0
0,0,0,0,0,0,0,0,0,0,0,0,0,0,0,0
0,0,0,0,0,0,0,0,0,0,0,0,0,0,0,0
8,4,3980,0,5,7,15,30,0,0,0,0,0,0,0,0
10,4,3056,0,2,151,303,606,0,0,0,0,0,0,0,0
0,0,0,0,0,0,0,0,0,0,0,0,0,0,0,0
0,0,0,0,0,0,0,0,0,0,0,0,0,0,0,0
10,6,4095,1,0,93,186,373,0,0,0,0,0,0,0,0
8,5,3978,0,4,44,88,176,0,0,0,0,0,0,0,0
0,0,0,0,0,0,0,0,0,0,0,0,0,0,0,0
0,0,0,0,0,0,0,0,0,0,0,0,0,0,0,0
8,6,1387,0,3,127,254,508,0,0,0,0,0,0,0,0
0,0,0,0,0,0,0,0,0,0,0,0,0,0,0,0
0,0,0,0,0,0,0,0,0,0,0,0,0,0,0,0
4,6,1387,0,9,108,217,434,0,0,0,0,0,0,0,0
0,0,0,0,0,0,0,0,0,0,0,0,0,0,0,0
0,0,0,0,0,0,0,0,0,0,0,0,0,0,0,0
9,6,4005,1,3,91,182,364,0,0,0,0,0,0,0,0
7,4,3304,1,8,16,32,65,0,0,0,0,0,0,0,0
0,0,0,0,0,0,0,0,0,0,0,0,0,0,0,0
0,0,0,0,0,0,0,0,0,0,0,0,0,0,0,0
10,5,2723,0,1,73,147,294,0,0,0,0,0,0,0,0
10,5,2303,0,1,86,172,345,0,0,0,0,0,0,0,0
0,0,0,0,0,0,0,0,0,0,0,0,0,0,0,0
0,0,0,0,0,0,0,0,0,0,0,0,0,0,0,0
10,6,4095,1,0,2,4,9,0,0,0,0,0,0,0,0
10,4,3114,1,1,150,301,602,0,0,0,0,0,0,0,0
2,5,2955,0,14,89,179,358,0,0,0,0,0,0,0,0
0,0,0,0,0,0,0,0,0,0,0,0,0,0,0,0
0,0,0,0,0,0,0,0,0,0,0,0,0,0,0,0
9,5,3881,1,3,142,284,569,0,0,0,0,0,0,0,0
9,6,3733,1,3,26,53,107,0,0,0,0,0,0,0,0
4,5,1131,0,9,54,109,218,0,0,0,0,0,0,0,0
0,0,0,0,0,0,0,0,0,0,0,0,0,0,0,0
0,0,0,0,0,0,0,0,0,0,0,0,0,0,0,0
3,5,3668,1,15,138,276,553,0,0,0,0,0,0,0,0
0,0,0,0,0,0,0,0,0,0,0,0,0,0,0,0
0,0,0,0,0,0,0,0,0,0,0,0,0,0,0,0
0,0,0,0,0,0,0,0,0,0,0,0,0,0,0,0
8,4,91,0,5,26,53,106,0,0,0,0,0,0,0,0
10,6,2986,1,0,80,160,321,0,0,0,0,0,0,0,0
0,0,0,0,0,0,0,0,0,0,0,0,0,0,0,0
0,0,0,0,0,0,0,0,0,0,0,0,0,0,0,0
0,0,0,0,0,0,0,0,0,0,0,0,0,0,0,0
8,6,1387,0,3,18,36,72,9,4,2000,1,5,36,72,144
10,5,3898,1,1,36,73,147,0,0,0,0,0,0,0,0
10,4,4080,0,0,26,52,105,0,0,0,0,0,0,0,0
10,5,3068,0,1,42,84,169,0,0,0,0,0,0,0,0
10,5,687,0,2,51,103,207,0,0,0,0,0,0,0,0
10,5,3903,0,0,50,100,201,0,0,0,0,0,0,0,0
10,4,558,0,0,70,141,282,0,0,0,0,0,0,0,0
0,0,0,0,0,0,0,0,0,0,0,0,0,0,0,0
10,5,4008,1,2,38,76,153,0,0,0,0,0,0,0,0
7,4,810,1,7,66,132,265,0,0,0,0,0,0,0,0
0,0,0,0,0,0,0,0,0,0,0,0,0,0,0,0
0,0,0,0,0,0,0,0,0,0,0,0,0,0,0,0
0,0,0,0,0,0,0,0,0,0,0,0,0,0,0,0
0,0,0,0,0,0,0,0,0,0,0,0,0,0,0,0
10,5,4092,0,0,7,14,29,0,0,0,0,0,0,0,0
0,0,0,0,0,0,0,0,0,0,0,0,0,0,0,0
0,0,0,0,0,0,0,0,0,0,0,0,0,0,0,0
7,5,938,1,7,72,144,288,0,0,0,0,0,0,0,0
10,6,1451,0,2,39,78,157,0,0,0,0,0,0,0,0
0,0,0,0,0,0,0,0,0,0,0,0,0,0,0,0
0,0,0,0,0,0,0,0,0,0,0,0,0,0,0,0
0,0,0,0,0,0,0,0,0,0,0,0,0,0,0,0
10,4,684,0,2,77,155,311,0,0,0,0,0,0,0,0
9,4,4000,1,3,96,192,385,0,0,0,0,0,0,0,0
3,4,3324,1,13,46,92,185,0,0,0,0,0,0,0,0
0,0,0,0,0,0,0,0,0,0,0,0,0,0,0,0
10,4,930,1,1,56,113,226,0,0,0,0,0,0,0,0
10,5,3882,1,1,126,253,506,0,0,0,0,0,0,0,0
0,0,0,0,0,0,0,0,0,0,0,0,0,0,0,0
8,4,1587,0,3,132,265,531,0,0,0,0,0,0,0,0
9,5,2792,1,5,107,214,429,0,0,0,0,0,0,0,0
0,0,0,0,0,0,0,0,0,0,0,0,0,0,0,0
6,6,2747,0,7,119,238,476,0,0,0,0,0,0,0,0
10,4,3114,1,1,112,225,450,0,0,0,0,0,0,0,0
0,0,0,0,0,0,0,0,0,0,0,0,0,0,0,0
3,5,3668,1,15,126,252,505,0,0,0,0,0,0,0,0
10,6,4079,1,0,57,114,228,0,0,0,0,0,0,0,0
3,5,507,1,12,96,193,387,0,0,0,0,0,0,0,0
9,5,937,1,3,64,128,257,0,0,0,0,0,0,0,0
0,0,0,0,0,0,0,0,0,0,0,0,0,0,0,0
0,0,0,0,0,0,0,0,0,0,0,0,0,0,0,0
0,0,0,0,0,0,0,0,0,0,0,0,0,0,0,0
0,0,0,0,0,0,0,0,0,0,0,0,0,0,0,0
3,4,1020,1,15,113,226,453,0,0,0,0,0,0,0,0
10,6,4095,1,0,18,36,73,0,0,0,0,0,0,0,0
10,5,2748,0,2,152,304,608,0,0,0,0,0,0,0,0
0,0,0,0,0,0,0,0,0,0,0,0,0,0,0,0
2,4,1776,0,15,146,292,584,0,0,0,0,0,0,0,0
10,5,2303,0,1,112,224,449,0,0,0,0,0,0,0,0
0,0,0,0,0,0,0,0,0,0,0,0,0,0,0,0
0,0,0,0,0,0,0,0,0,0,0,0,0,0,0,0
10,5,2739,0,1,80,160,320,0,0,0,0,0,0,0,0
6,5,2703,0,7,95,190,381,0,0,0,0,0,0,0,0
10,5,4047,0,0,117,234,469,0,0,0,0,0,0,0,0
0,0,0,0,0,0,0,0,0,0,0,0,0,0,0,0
0,0,0,0,0,0,0,0,0,0,0,0,0,0,0,0
8,4,127,0,4,88,177,354,0,0,0,0,0,0,0,0
0,0,0,0,0,0,0,0,0,0,0,0,0,0,0,0
10,6,1722,0,1,152,304,609,0,0,0,0,0,0,0,0
10,5,3810,1,1,142,285,570,0,0,0,0,0,0,0,0
0,0,0,0,0,0,0,0,0,0,0,0,0,0,0,0
2,4,428,0,15,105,211,423,0,0,0,0,0,0,0,0
8,5,447,0,4,116,233,467,0,0,0,0,0,0,0,0
9,5,3321,1,3,2,5,10,0,0,0,0,0,0,0,0
6,6,1390,0,8,150,301,602,0,0,0,0,0,0,0,0
0,0,0,0,0,0,0,0,0,0,0,0,0,0,0,0
4,4,279,0,9,71,142,284,0,0,0,0,0,0,0,0
10,6,4095,1,0,104,208,417,8,5,1737,0,5,110,221,442
0,0,0,0,0,0,0,0,0,0,0,0,0,0,0,0
10,5,2803,0,1,141,282,564,0,0,0,0,0,0,0,0
0,0,0,0,0,0,0,0,0,0,0,0,0,0,0,0
10,6,2815,0,1,68,136,272,0,0,0,0,0,0,0,0
0,0,0,0,0,0,0,0,0,0,0,0,0,0,0,0
0,0,0,0,0,0,0,0,0,0,0,0,0,0,0,0
10,4,2876,0,1,103,206,413,0,0,0,0,0,0,0,0
0,0,0,0,0,0,0,0,0,0,0,0,0,0,0,0
0,0,0,0,0,0,0,0,0,0,0,0,0,0,0,0
9,4,4000,1,3,91,182,365,0,0,0,0,0,0,0,0
0,0,0,0,0,0,0,0,0,0,0,0,0,0,0,0
0,0,0,0,0,0,0,0,0,0,0,0,0,0,0,0
0,0,0,0,0,0,0,0,0,0,0,0,0,0,0,0
0,0,0,0,0,0,0,0,0,0,0,0,0,0,0,0
0,0,0,0,0,0,0,0,0,0,0,0,0,0,0,0
0,0,0,0,0,0,0,0,0,0,0,0,0,0,0,0
0,0,0,0,0,0,0,0,0,0,0,0,0,0,0,0
0,0,0,0,0,0,0,0,0,0,0,0,0,0,0,0
9,4,3876,1,4,142,284,568,0,0,0,0,0,0,0,0
9,6,3797,1,3,26,53,107,0,0,0,0,0,0,0,0
4,5,1404,0,10,55,110,220,0,0,0,0,0,0,0,0
0,0,0,0,0,0,0,0,0,0,0,0,0,0,0,0
0,0,0,0,0,0,0,0,0,0,0,0,0,0,0,0
3,5,1017,1,15,137,275,551,0,0,0,0,0,0,0,0
0,0,0,0,0,0,0,0,0,0,0,0,0,0,0,0
8,4,2800,0,3,153,307,614,0,0,0,0,0,0,0,0
0,0,0,0,0,0,0,0,0,0,0,0,0,0,0,0
10,5,2607,0,1,26,53,107,0,0,0,0,0,0,0,0
10,5,4067,1,0,49,98,196,0,0,0,0,0,0,0,0
0,0,0,0,0,0,0,0,0,0,0,0,0,0,0,0
0,0,0,0,0,0,0,0,0,0,0,0,0,0,0,0
10,6,4095,1,0,152,304,609,0,0,0,0,0,0,0,0
0,0,0,0,0,0,0,0,0,0,0,0,0,0,0,0
10,4,719,0,1,54,108,216,0,0,0,0,0,0,0,0
0,0,0,0,0,0,0,0,0,0,0,0,0,0,0,0
0,0,0,0,0,0,0,0,0,0,0,0,0,0,0,0
0,0,0,0,0,0,0,0,0,0,0,0,0,0,0,0
10,6,4095,1,0,146,292,585,0,0,0,0,0,0,0,0
0,0,0,0,0,0,0,0,0,0,0,0,0,0,0,0
3,6,3737,1,15,118,236,472,0,0,0,0,0,0,0,0
0,0,0,0,0,0,0,0,0,0,0,0,0,0,0,0
10,6,4095,1,0,113,226,453,0,0,0,0,0,0,0,0
0,0,0,0,0,0,0,0,0,0,0,0,0,0,0,0
10,5,4047,0,0,120,240,481,0,0,0,0,0,0,0,0
0,0,0,0,0,0,0,0,0,0,0,0,0,0,0,0
0,0,0,0,0,0,0,0,0,0,0,0,0,0,0,0
7,5,4076,1,6,135,271,543,0,0,0,0,0,0,0,0
10,6,4095,1,0,139,278,557,0,0,0,0,0,0,0,0
9,5,3237,1,3,92,184,368,0,0,0,0,0,0,0,0
10,6,4094,1,1,51,102,204,0,0,0,0,0,0,0,0
10,5,3327,1,0,3,6,13,0,0,0,0,0,0,0,0
10,5,2293,1,2,92,184,369,0,0,0,0,0,0,0,0
8,5,1459,0,3,136,273,547,0,0,0,0,0,0,0,0
10,5,1022,1,1,121,242,484,0,0,0,0,0,0,0,0
10,6,4095,1,0,63,126,253,0,0,0,0,0,0,0,0
8,4,3134,0,5,87,174,349,0,0,0,0,0,0,0,0
0,0,0,0,0,0,0,0,0,0,0,0,0,0,0,0
0,0,0,0,0,0,0,0,0,0,0,0,0,0,0,0
0,0,0,0,0,0,0,0,0,0,0,0,0,0,0,0
9,4,929,1,3,13,26,52,0,0,0,0,0,0,0,0
0,0,0,0,0,0,0,0,0,0,0,0,0,0,0,0
0,0,0,0,0,0,0,0,0,0,0,0,0,0,0,0
0,0,0,0,0,0,0,0,0,0,0,0,0,0,0,0
7,5,2278,1,7,30,61,123,0,0,0,0,0,0,0,0
0,0,0,0,0,0,0,0,0,0,0,0,0,0,0,0
10,5,1699,0,2,64,129,258,0,0,0,0,0,0,0,0
0,0,0,0,0,0,0,0,0,0,0,0,0,0,0,0
0,0,0,0,0,0,0,0,0,0,0,0,0,0,0,0
9,4,249,1,5,72,144,288,0,0,0,0,0,0,0,0
8,6,1455,0,3,39,79,158,0,0,0,0,0,0,0,0
0,0,0,0,0,0,0,0,0,0,0,0,0,0,0,0
0,0,0,0,0,0,0,0,0,0,0,0,0,0,0,0
0,0,0,0,0,0,0,0,0,0,0,0,0,0,0,0
10,4,2700,0,2,77,155,311,0,0,0,0,0,0,0,0
10,5,3978,1,1,96,193,386,0,0,0,0,0,0,0,0
3,5,2446,1,12,46,93,186,0,0,0,0,0,0,0,0
2,4,1196,0,15,117,235,471,0,0,0,0,0,0,0,0
10,6,2986,1,0,18,36,73,5,4,825,1,9,32,64,129
0,0,0,0,0,0,0,0,0,0,0,0,0,0,0,0
10,5,4066,1,1,100,201,403,0,0,0,0,0,0,0,0
10,6,4095,1,0,44,88,177,0,0,0,0,0,0,0,0
7,6,4074,1,8,77,154,309,0,0,0,0,0,0,0,0
7,5,3306,1,8,69,138,277,0,0,0,0,0,0,0,0
10,4,684,0,2,108,217,435,0,0,0,0,0,0,0,0
2,4,3320,0,12,101,202,404,0,0,0,0,0,0,0,0
0,0,0,0,0,0,0,0,0,0,0,0,0,0,0,0
8,5,1788,0,4,24,48,97,0,0,0,0,0,0,0,0
0,0,0,0,0,0,0,0,0,0,0,0,0,0,0,0
10,6,3071,0,1,88,176,353,0,0,0,0,0,0,0,0
7,4,3855,1,6,24,48,96,0,0,0,0,0,0,0,0
10,6,3753,1,2,80,160,320,0,0,0,0,0,0,0,0
0,0,0,0,0,0,0,0,0,0,0,0,0,0,0,0
10,5,939,0,0,105,211,423,0,0,0,0,0,0,0,0
0,0,0,0,0,0,0,0,0,0,0,0,0,0,0,0
10,6,4095,1,0,107,214,429,0,0,0,0,0,0,0,0
0,0,0,0,0,0,0,0,0,0,0,0,0,0,0,0
10,5,3903,0,0,50,100,201,0,0,0,0,0,0,0,0
9,6,3070,1,5,134,269,538,0,0,0,0,0,0,0,0
0,0,0,0,0,0,0,0,0,0,0,0,0,0,0,0
10,4,2876,0,1,5,10,21,0,0,0,0,0,0,0,0
10,4,3279,1,0,29,58,117,0,0,0,0,0,0,0,0
9,5,1001,1,4,121,243,486,0,0,0,0,0,0,0,0
0,0,0,0,0,0,0,0,0,0,0,0,0,0,0,0
10,6,2731,0,1,130,261,522,0,0,0,0,0,0,0,0
10,5,4092,0,0,33,66,133,0,0,0,0,0,0,0,0
0,0,0,0,0,0,0,0,0,0,0,0,0,0,0,0
10,5,1127,0,2,152,304,608,0,0,0,0,0,0,0,0
10,6,2750,0,0,62,125,251,0,0,0,0,0,0,0,0
0,0,0,0,0,0,0,0,0,0,0,0,0,0,0,0
0,0,0,0,0,0,0,0,0,0,0,0,0,0,0,0
0,0,0,0,0,0,0,0,0,0,0,0,0,0,0,0
0,0,0,0,0,0,0,0,0,0,0,0,0,0,0,0
0,0,0,0,0,0,0,0,0,0,0,0,0,0,0,0
0,0,0,0,0,0,0,0,0,0,0,0,0,0,0,0
0,0,0,0,0,0,0,0,0,0,0,0,0,0,0,0
8,5,1423,0,3,57,115,230,0,0,0,0,0,0,0,0
10,6,4095,1,0,28,56,113,0,0,0,0,0,0,0,0
0,0,0,0,0,0,0,0,0,0,0,0,0,0,0,0
6,5,4083,0,6,19,39,79,0,0,0,0,0,0,0,0
0,0,0,0,0,0,0,0,0,0,0,0,0,0,0,0
0,0,0,0,0,0,0,0,0,0,0,0,0,0,0,0
0,0,0,0,0,0,0,0,0,0,0,0,0,0,0,0
0,0,0,0,0,0,0,0,0,0,0,0,0,0,0,0
10,6,4095,1,0,28,56,113,0,0,0,0,0,0,0,0
0,0,0,0,0,0,0,0,0,0,0,0,0,0,0,0
10,4,2255,0,1,68,136,272,0,0,0,0,0,0,0,0
0,0,0,0,0,0,0,0,0,0,0,0,0,0,0,0
0,0,0,0,0,0,0,0,0,0,0,0,0,0,0,0
0,0,0,0,0,0,0,0,0,0,0,0,0,0,0,0
10,6,4095,1,0,42,84,169,0,0,0,0,0,0,0,0
0,0,0,0,0,0,0,0,0,0,0,0,0,0,0,0
8,5,1443,0,3,138,277,554,0,0,0,0,0,0,0,0
10,6,2794,1,0,19,39,78,0,0,0,0,0,0,0,0
10,5,4092,0,0,104,208,417,0,0,0,0,0,0,0,0
2,5,363,0,15,74,148,296,0,0,0,0,0,0,0,0
0,0,0,0,0,0,0,0,0,0,0,0,0,0,0,0
10,4,4080,0,0,146,292,585,0,0,0,0,0,0,0,0
3,5,3732,1,15,130,261,522,0,0,0,0,0,0,0,0
10,5,4083,0,0,36,72,145,0,0,0,0,0,0,0,0
10,5,2792,0,0,51,103,206,0,0,0,0,0,0,0,0
0,0,0,0,0,0,0,0,0,0,0,0,0,0,0,0
0,0,0,0,0,0,0,0,0,0,0,0,0,0,0,0
0,0,0,0,0,0,0,0,0,0,0,0,0,0,0,0
9,6,4073,1,3,16,33,66,0,0,0,0,0,0,0,0
0,0,0,0,0,0,0,0,0,0,0,0,0,0,0,0
0,0,0,0,0,0,0,0,0,0,0,0,0,0,0,0
9,4,2851,1,5,31,63,126,0,0,0,0,0,0,0,0
0,0,0,0,0,0,0,0,0,0,0,0,0,0,0,0
0,0,0,0,0,0,0,0,0,0,0,0,0,0,0,0
10,6,4074,1,2,30,61,123,0,0,0,0,0,0,0,0
0,0,0,0,0,0,0,0,0,0,0,0,0,0,0,0
10,6,4030,1,0,104,208,416,0,0,0,0,0,0,0,0
7,6,3045,1,8,146,293,587,0,0,0,0,0,0,0,0
10,5,4092,0,0,4,8,17,0,0,0,0,0,0,0,0
10,6,3754,1,1,154,308,617,0,0,0,0,0,0,0,0
0,0,0,0,0,0,0,0,0,0,0,0,0,0,0,0
6,4,911,0,6,59,119,238,0,0,0,0,0,0,0,0
4,5,367,0,10,40,81,163,0,0,0,0,0,0,0,0
10,5,4092,0,0,14,28,57,0,0,0,0,0,0,0,0
10,6,2735,0,1,62,125,251,0,0,0,0,0,0,0,0
10,6,2735,0,1,29,59,119,0,0,0,0,0,0,0,0
0,0,0,0,0,0,0,0,0,0,0,0,0,0,0,0
0,0,0,0,0,0,0,0,0,0,0,0,0,0,0,0
8,4,3900,0,5,4,9,18,0,0,0,0,0,0,0,0
0,0,0,0,0,0,0,0,0,0,0,0,0,0,0,0
0,0,0,0,0,0,0,0,0,0,0,0,0,0,0,0
0,0,0,0,0,0,0,0,0,0,0,0,0,0,0,0
8,5,1131,0,3,28,56,112,0,0,0,0,0,0,0,0
7,4,810,1,7,133,266,533,0,0,0,0,0,0,0,0
9,5,1023,1,5,119,238,476,0,0,0,0,0,0,0,0
8,5,1980,0,3,133,266,532,0,0,0,0,0,0,0,0
0,0,0,0,0,0,0,0,0,0,0,0,0,0,0,0
10,5,4083,0,0,51,102,205,0,0,0,0,0,0,0,0
0,0,0,0,0,0,0,0,0,0,0,0,0,0,0,0
6,4,333,0,7,138,276,553,0,0,0,0,0,0,0,0
0,0,0,0,0,0,0,0,0,0,0,0,0,0,0,0
0,0,0,0,0,0,0,0,0,0,0,0,0,0,0,0
9,6,4095,1,5,43,86,172,0,0,0,0,0,0,0,0
0,0,0,0,0,0,0,0,0,0,0,0,0,0,0,0
4,5,3302,0,10,100,201,402,0,0,0,0,0,0,0,0
0,0,0,0,0,0,0,0,0,0,0,0,0,0,0,0
0,0,0,0,0,0,0,0,0,0,0,0,0,0,0,0
10,5,3258,1,1,49,99,199,0,0,0,0,0,0,0,0
0,0,0,0,0,0,0,0,0,0,0,0,0,0,0,0
10,6,4090,1,1,102,205,411,0,0,0,0,0,0,0,0
9,5,3028,1,3,103,207,415,0,0,0,0,0,0,0,0
10,6,3065,1,1,53,107,214,0,0,0,0,0,0,0,0
0,0,0,0,0,0,0,0,0,0,0,0,0,0,0,0
6,5,2748,0,8,107,214,429,0,0,0,0,0,0,0,0
10,4,575,0,2,89,178,356,0,0,0,0,0,0,0,0
0,0,0,0,0,0,0,0,0,0,0,0,0,0,0,0
0,0,0,0,0,0,0,0,0,0,0,0,0,0,0,0
4,6,1391,0,9,50,101,203,0,0,0,0,0,0,0,0
0,0,0,0,0,0,0,0,0,0,0,0,0,0,0,0
10,5,4092,0,0,25,50,101,0,0,0,0,0,0,0,0
9,6,2815,1,4,50,101,203,0,0,0,0,0,0,0,0
10,6,4095,1,0,4,8,17,0,0,0,0,0,0,0,0
10,6,4095,1,0,154,308,617,0,0,0,0,0,0,0,0
6,4,2620,0,8,46,92,185,0,0,0,0,0,0,0,0
7,6,2965,1,8,132,264,529,0,0,0,0,0,0,0,0
0,0,0,0,0,0,0,0,0,0,0,0,0,0,0,0
10,5,3068,0,1,107,214,429,0,0,0,0,0,0,0,0
7,6,4074,1,8,117,234,469,0,0,0,0,0,0,0,0
0,0,0,0,0,0,0,0,0,0,0,0,0,0,0,0
3,4,916,1,15,36,73,146,0,0,0,0,0,0,0,0
0,0,0,0,0,0,0,0,0,0,0,0,0,0,0,0
9,5,2792,1,5,84,168,337,0,0,0,0,0,0,0,0
10,5,1419,0,2,87,174,349,0,0,0,0,0,0,0,0
0,0,0,0,0,0,0,0,0,0,0,0,0,0,0,0
0,0,0,0,0,0,0,0,0,0,0,0,0,0,0,0
3,6,3754,1,14,76,153,306,0,0,0,0,0,0,0,0
0,0,0,0,0,0,0,0,0,0,0,0,0,0,0,0
4,6,1471,0,9,115,230,460,0,0,0,0,0,0,0,0
10,6,2815,0,1,46,92,184,0,0,0,0,0,0,0,0
10,4,2952,1,0,2,5,10,0,0,0,0,0,0,0,0
10,4,3850,1,1,150,301,603,0,0,0,0,0,0,0,0
0,0,0,0,0,0,0,0,0,0,0,0,0,0,0,0
0,0,0,0,0,0,0,0,0,0,0,0,0,0,0,0
2,4,3279,0,13,89,178,356,0,0,0,0,0,0,0,0
10,5,373,0,0,60,121,242,0,0,0,0,0,0,0,0
0,0,0,0,0,0,0,0,0,0,0,0,0,0,0,0
10,4,755,0,1,37,74,148,0,0,0,0,0,0,0,0
0,0,0,0,0,0,0,0,0,0,0,0,0,0,0,0
0,0,0,0,0,0,0,0,0,0,0,0,0,0,0,0
0,0,0,0,0,0,0,0,0,0,0,0,0,0,0,0
10,4,2876,0,1,117,234,469,0,0,0,0,0,0,0,0
0,0,0,0,0,0,0,0,0,0,0,0,0,0,0,0
0,0,0,0,0,0,0,0,0,0,0,0,0,0,0,0
10,6,3055,0,0,156,312,624,0,0,0,0,0,0,0,0
0,0,0,0,0,0,0,0,0,0,0,0,0,0,0,0
10,6,2731,0,1,73,147,294,0,0,0,0,0,0,0,0
0,0,0,0,0,0,0,0,0,0,0,0,0,0,0,0
10,5,3746,1,1,144,288,577,0,0,0,0,0,0,0,0
0,0,0,0,0,0,0,0,0,0,0,0,0,0,0,0
0,0,0,0,0,0,0,0,0,0,0,0,0,0,0,0
0,0,0,0,0,0,0,0,0,0,0,0,0,0,0,0
10,5,4092,0,0,61,122,245,0,0,0,0,0,0,0,0
0,0,0,0,0,0,0,0,0,0,0,0,0,0,0,0
6,6,3771,0,6,99,198,397,0,0,0,0,0,0,0,0
10,4,3315,0,0,70,140,281,0,0,0,0,0,0,0,0
0,0,0,0,0,0,0,0,0,0,0,0,0,0,0,0
7,5,746,1,6,66,132,264,0,0,0,0,0,0,0,0
0,0,0,0,0,0,0,0,0,0,0,0,0,0,0,0
0,0,0,0,0,0,0,0,0,0,0,0,0,0,0,0
10,6,2735,0,1,12,25,51,0,0,0,0,0,0,0,0
0,0,0,0,0,0,0,0,0,0,0,0,0,0,0,0
8,4,419,0,3,106,212,425,0,0,0,0,0,0,0,0
5,6,3733,1,9,17,34,69,0,0,0,0,0,0,0,0
0,0,0,0,0,0,0,0,0,0,0,0,0,0,0,0
10,5,3903,0,0,78,156,313,0,0,0,0,0,0,0,0
0,0,0,0,0,0,0,0,0,0,0,0,0,0,0,0
10,5,3023,0,1,88,176,353,0,0,0,0,0,0,0,0
0,0,0,0,0,0,0,0,0,0,0,0,0,0,0,0
10,5,1023,1,0,149,298,597,0,0,0,0,0,0,0,0
0,0,0,0,0,0,0,0,0,0,0,0,0,0,0,0
9,4,815,1,5,74,149,299,0,0,0,0,0,0,0,0
10,4,3134,1,1,119,238,476,0,0,0,0,0,0,0,0
8,5,4082,0,4,44,88,177,0,0,0,0,0,0,0,0
0,0,0,0,0,0,0,0,0,0,0,0,0,0,0,0
10,5,4072,1,2,116,233,466,0,0,0,0,0,0,0,0
10,5,3752,1,1,85,170,341,0,0,0,0,0,0,0,0
10,4,3315,0,0,115,230,461,0,0,0,0,0,0,0,0
4,4,335,0,10,141,283,567,0,0,0,0,0,0,0,0
2,6,2982,0,12,5,10,20,0,0,0,0,0,0,0,0
10,5,767,0,1,113,226,452,0,0,0,0,0,0,0,0
0,0,0,0,0,0,0,0,0,0,0,0,0,0,0,0
10,6,4095,1,0,27,54,109,0,0,0,0,0,0,0,0
0,0,0,0,0,0,0,0,0,0,0,0,0,0,0,0
10,4,2700,0,2,74,149,299,0,0,0,0,0,0,0,0
10,5,4092,0,0,98,196,393,0,0,0,0,0,0,0,0
0,0,0,0,0,0,0,0,0,0,0,0,0,0,0,0
0,0,0,0,0,0,0,0,0,0,0,0,0,0,0,0
10,4,2191,0,1,94,189,379,0,0,0,0,0,0,0,0
0,0,0,0,0,0,0,0,0,0,0,0,0,0,0,0
7,6,3734,1,8,20,41,82,0,0,0,0,0,0,0,0
0,0,0,0,0,0,0,0,0,0,0,0,0,0,0,0
10,6,2798,0,0,1,3,7,9,6,3733,1,3,6,13,27
10,4,3056,0,2,152,305,610,0,0,0,0,0,0,0,0
0,0,0,0,0,0,0,0,0,0,0,0,0,0,0,0
0,0,0,0,0,0,0,0,0,0,0,0,0,0,0,0
10,5,1583,0,2,79,159,318,0,0,0,0,0,0,0,0
10,5,3259,1,0,18,36,72,0,0,0,0,0,0,0,0
5,5,1326,1,11,61,122,245,0,0,0,0,0,0,0,0
0,0,0,0,0,0,0,0,0,0,0,0,0,0,0,0
0,0,0,0,0,0,0,0,0,0,0,0,0,0,0,0
10,4,167,0,1,34,68,137,0,0,0,0,0,0,0,0
2,6,4091,0,13,92,184,368,0,0,0,0,0,0,0,0
0,0,0,0,0,0,0,0,0,0,0,0,0,0,0,0
3,5,4092,1,14,3,6,13,0,0,0,0,0,0,0,0
0,0,0,0,0,0,0,0,0,0,0,0,0,0,0,0
0,0,0,0,0,0,0,0,0,0,0,0,0,0,0,0
0,0,0,0,0,0,0,0,0,0,0,0,0,0,0,0
10,5,4076,1,0,121,242,484,0,0,0,0,0,0,0,0
6,4,191,0,8,59,118,237,0,0,0,0,0,0,0,0
0,0,0,0,0,0,0,0,0,0,0,0,0,0,0,0
0,0,0,0,0,0,0,0,0,0,0,0,0,0,0,0
0,0,0,0,0,0,0,0,0,0,0,0,0,0,0,0
0,0,0,0,0,0,0,0,0,0,0,0,0,0,0,0
8,6,3770,0,5,92,184,368,0,0,0,0,0,0,0,0
0,0,0,0,0,0,0,0,0,0,0,0,0,0,0,0
10,5,4047,0,0,44,88,177,0,0,0,0,0,0,0,0
0,0,0,0,0,0,0,0,0,0,0,0,0,0,0,0
6,6,2735,0,7,151,302,604,10,4,2384,1,2,156,312,624
10,6,2043,0,1,12,24,48,3,6,2421,1,14,4,9,19
0,0,0,0,0,0,0,0,0,0,0,0,0,0,0,0
10,5,4066,1,1,86,173,347,0,0,0,0,0,0,0,0
0,0,0,0,0,0,0,0,0,0,0,0,0,0,0,0
0,0,0,0,0,0,0,0,0,0,0,0,0,0,0,0
7,6,2793,1,7,140,281,563,0,0,0,0,0,0,0,0
0,0,0,0,0,0,0,0,0,0,0,0,0,0,0,0
10,5,1023,1,0,88,176,353,0,0,0,0,0,0,0,0
0,0,0,0,0,0,0,0,0,0,0,0,0,0,0,0
10,5,2222,0,0,19,39,78,0,0,0,0,0,0,0,0
10,5,1699,0,2,42,85,170,0,0,0,0,0,0,0,0
0,0,0,0,0,0,0,0,0,0,0,0,0,0,0,0
10,4,4034,1,1,58,117,235,0,0,0,0,0,0,0,0
10,5,3327,1,0,41,82,165,0,0,0,0,0,0,0,0
0,0,0,0,0,0,0,0,0,0,0,0,0,0,0,0
0,0,0,0,0,0,0,0,0,0,0,0,0,0,0,0
7,5,4072,1,8,25,50,101,0,0,0,0,0,0,0,0
10,4,2255,0,1,90,180,360,0,0,0,0,0,0,0,0
0,0,0,0,0,0,0,0,0,0,0,0,0,0,0,0
9,4,2280,1,5,44,88,177,0,0,0,0,0,0,0,0
0,0,0,0,0,0,0,0,0,0,0,0,0,0,0,0
0,0,0,0,0,0,0,0,0,0,0,0,0,0,0,0
0,0,0,0,0,0,0,0,0,0,0,0,0,0,0,0
0,0,0,0,0,0,0,0,0,0,0,0,0,0,0,0
0,0,0,0,0,0,0,0,0,0,0,0,0,0,0,0
0,0,0,0,0,0,0,0,0,0,0,0,0,0,0,0
10,5,2299,0,0,120,240,480,0,0,0,0,0,0,0,0
0,0,0,0,0,0,0,0,0,0,0,0,0,0,0,0
0,0,0,0,0,0,0,0,0,0,0,0,0,0,0,0
8,4,3278,0,4,155,311,622,0,0,0,0,0,0,0,0
8,5,1724,0,4,10,20,40,0,0,0,0,0,0,0,0
0,0,0,0,0,0,0,0,0,0,0,0,0,0,0,0
2,6,2647,0,14,92,185,371,0,0,0,0,0,0,0,0
10,6,4095,1,0,106,212,425,0,0,0,0,0,0,0,0
0,0,0,0,0,0,0,0,0,0,0,0,0,0,0,0
0,0,0,0,0,0,0,0,0,0,0,0,0,0,0,0
0,0,0,0,0,0,0,0,0,0,0,0,0,0,0,0
10,4,696,0,0,148,297,594,0,0,0,0,0,0,0,0
10,4,3891,0,0,122,244,489,0,0,0,0,0,0,0,0
10,6,4095,1,0,22,44,89,0,0,0,0,0,0,0,0
6,5,4047,0,6,129,259,519,0,0,0,0,0,0,0,0
0,0,0,0,0,0,0,0,0,0,0,0,0,0,0,0
0,0,0,0,0,0,0,0,0,0,0,0,0,0,0,0
10,4,3279,1,0,95,190,381,0,0,0,0,0,0,0,0
6,6,4031,0,6,58,117,234,0,0,0,0,0,0,0,0
10,4,3891,0,0,155,310,621,0,0,0,0,0,0,0,0
10,4,815,0,0,5,10,20,0,0,0,0,0,0,0,0
10,5,3023,0,1,65,130,261,0,0,0,0,0,0,0,0
10,6,4095,1,0,138,276,553,0,0,0,0,0,0,0,0
10,4,946,1,1,98,197,395,0,0,0,0,0,0,0,0
0,0,0,0,0,0,0,0,0,0,0,0,0,0,0,0
0,0,0,0,0,0,0,0,0,0,0,0,0,0,0,0
0,0,0,0,0,0,0,0,0,0,0,0,0,0,0,0
0,0,0,0,0,0,0,0,0,0,0,0,0,0,0,0
0,0,0,0,0,0,0,0,0,0,0,0,0,0,0,0
8,6,1455,0,3,53,107,214,0,0,0,0,0,0,0,0
2,5,4008,0,12,5,11,22,0,0,0,0,0,0,0,0
0,0,0,0,0,0,0,0,0,0,0,0,0,0,0,0
0,0,0,0,0,0,0,0,0,0,0,0,0,0,0,0
0,0,0,0,0,0,0,0,0,0,0,0,0,0,0,0
0,0,0,0,0,0,0,0,0,0,0,0,0,0,0,0
0,0,0,0,0,0,0,0,0,0,0,0,0,0,0,0
10,4,975,0,0,98,196,393,0,0,0,0,0,0,0,0
10,4,219,0,0,33,67,134,0,0,0,0,0,0,0,0
10,5,4092,0,0,61,122,245,0,0,0,0,0,0,0,0
3,4,1009,1,15,81,162,324,0,0,0,0,0,0,0,0
0,0,0,0,0,0,0,0,0,0,0,0,0,0,0,0
9,5,4065,1,3,149,298,597,0,0,0,0,0,0,0,0
2,4,364,0,15,68,137,274,0,0,0,0,0,0,0,0
0,0,0,0,0,0,0,0,0,0,0,0,0,0,0,0
0,0,0,0,0,0,0,0,0,0,0,0,0,0,0,0
0,0,0,0,0,0,0,0,0,0,0,0,0,0,0,0
10,6,4074,1,2,139,279,559,0,0,0,0,0,0,0,0
9,4,230,1,3,41,83,166,0,0,0,0,0,0,0,0
10,4,3594,1,1,148,297,594,0,0,0,0,0,0,0,0
6,4,700,0,8,2,4,9,0,0,0,0,0,0,0,0
10,4,3130,1,1,6,13,27,0,0,0,0,0,0,0,0
0,0,0,0,0,0,0,0,0,0,0,0,0,0,0,0
10,6,3754,1,1,14,28,57,0,0,0,0,0,0,0,0
0,0,0,0,0,0,0,0,0,0,0,0,0,0,0,0
10,6,2735,0,1,8,17,35,0,0,0,0,0,0,0,0
10,4,4034,1,1,20,41,83,0,0,0,0,0,0,0,0
0,0,0,0,0,0,0,0,0,0,0,0,0,0,0,0
8,5,367,0,4,155,310,621,0,0,0,0,0,0,0,0
8,4,3980,0,5,11,23,46,0,0,0,0,0,0,0,0
0,0,0,0,0,0,0,0,0,0,0,0,0,0,0,0
10,6,4095,1,0,62,124,249,0,0,0,0,0,0,0,0
0,0,0,0,0,0,0,0,0,0,0,0,0,0,0,0
10,4,4035,1,0,13,26,53,0,0,0,0,0,0,0,0
0,0,0,0,0,0,0,0,0,0,0,0,0,0,0,0
0,0,0,0,0,0,0,0,0,0,0,0,0,0,0,0
0,0,0,0,0,0,0,0,0,0,0,0,0,0,0,0
0,0,0,0,0,0,0,0,0,0,0,0,0,0,0,0
0,0,0,0,0,0,0,0,0,0,0,0,0,0,0,0
3,6,2734,1,13,23,47,94,0,0,0,0,0,0,0,0
10,5,1019,1,0,80,160,320,0,0,0,0,0,0,0,0
0,0,0,0,0,0,0,0,0,0,0,0,0,0,0,0
0,0,0,0,0,0,0,0,0,0,0,0,0,0,0,0
10,5,3722,1,1,43,86,173,0,0,0,0,0,0,0,0
0,0,0,0,0,0,0,0,0,0,0,0,0,0,0,0
10,4,3324,1,0,74,148,297,0,0,0,0,0,0,0,0
0,0,0,0,0,0,0,0,0,0,0,0,0,0,0,0
8,4,3214,0,5,57,114,229,0,0,0,0,0,0,0,0
10,6,1791,0,2,65,130,260,0,0,0,0,0,0,0,0
0,0,0,0,0,0,0,0,0,0,0,0,0,0,0,0
0,0,0,0,0,0,0,0,0,0,0,0,0,0,0,0
10,5,3327,1,0,88,176,353,0,0,0,0,0,0,0,0
0,0,0,0,0,0,0,0,0,0,0,0,0,0,0,0
0,0,0,0,0,0,0,0,0,0,0,0,0,0,0,0
0,0,0,0,0,0,0,0,0,0,0,0,0,0,0,0
0,0,0,0,0,0,0,0,0,0,0,0,0,0,0,0
0,0,0,0,0,0,0,0,0,0,0,0,0,0,0,0
3,4,754,1,14,22,44,88,0,0,0,0,0,0,0,0
0,0,0,0,0,0,0,0,0,0,0,0,0,0,0,0
0,0,0,0,0,0,0,0,0,0,0,0,0,0,0,0
0,0,0,0,0,0,0,0,0,0,0,0,0,0,0,0
10,6,4095,1,0,146,292,585,0,0,0,0,0,0,0,0
9,5,3881,1,3,78,156,313,0,0,0,0,0,0,0,0
0,0,0,0,0,0,0,0,0,0,0,0,0,0,0,0
10,6,4095,1,0,45,90,181,0,0,0,0,0,0,0,0
0,0,0,0,0,0,0,0,0,0,0,0,0,0,0,0
0,0,0,0,0,0,0,0,0,0,0,0,0,0,0,0
0,0,0,0,0,0,0,0,0,0,0,0,0,0,0,0
0,0,0,0,0,0,0,0,0,0,0,0,0,0,0,0
0,0,0,0,0,0,0,0,0,0,0,0,0,0,0,0
9,5,2767,1,4,77,155,310,0,0,0,0,0,0,0,0
10,4,3324,1,0,151,302,605,0,0,0,0,0,0,0,0
10,5,4008,1,2,0,0,1,0,0,0,0,0,0,0,0
0,0,0,0,0,0,0,0,0,0,0,0,0,0,0,0
0,0,0,0,0,0,0,0,0,0,0,0,0,0,0,0
2,5,2854,0,12,82,164,328,0,0,0,0,0,0,0,0
0,0,0,0,0,0,0,0,0,0,0,0,0,0,0,0
0,0,0,0,0,0,0,0,0,0,0,0,0,0,0,0
0,0,0,0,0,0,0,0,0,0,0,0,0,0,0,0
0,0,0,0,0,0,0,0,0,0,0,0,0,0,0,0
3,4,376,1,12,20,40,81,0,0,0,0,0,0,0,0
9,6,4095,1,5,75,150,300,0,0,0,0,0,0,0,0
0,0,0,0,0,0,0,0,0,0,0,0,0,0,0,0
8,4,3900,0,5,44,89,178,0,0,0,0,0,0,0,0
0,0,0,0,0,0,0,0,0,0,0,0,0,0,0,0
0,0,0,0,0,0,0,0,0,0,0,0,0,0,0,0
10,6,2799,0,1,39,78,156,0,0,0,0,0,0,0,0
0,0,0,0,0,0,0,0,0,0,0,0,0,0,0,0
0,0,0,0,0,0,0,0,0,0,0,0,0,0,0,0
0,0,0,0,0,0,0,0,0,0,0,0,0,0,0,0
10,4,255,0,0,32,64,129,0,0,0,0,0,0,0,0
3,5,430,1,12,144,289,578,0,0,0,0,0,0,0,0
10,6,2815,0,1,133,266,532,0,0,0,0,0,0,0,0
0,0,0,0,0,0,0,0,0,0,0,0,0,0,0,0
10,6,4074,1,2,32,65,131,0,0,0,0,0,0,0,0
0,0,0,0,0,0,0,0,0,0,0,0,0,0,0,0
0,0,0,0,0,0,0,0,0,0,0,0,0,0,0,0
0,0,0,0,0,0,0,0,0,0,0,0,0,0,0,0
5,6,3733,1,9,140,280,561,0,0,0,0,0,0,0,0
0,0,0,0,0,0,0,0,0,0,0,0,0,0,0,0
10,4,4035,1,0,61,122,245,0,0,0,0,0,0,0,0
7,5,3044,1,8,61,123,247,0,0,0,0,0,0,0,0
0,0,0,0,0,0,0,0,0,0,0,0,0,0,0,0
10,5,3903,0,0,43,86,173,0,0,0,0,0,0,0,0
10,5,2283,0,0,33,67,135,0,0,0,0,0,0,0,0
0,0,0,0,0,0,0,0,0,0,0,0,0,0,0,0
0,0,0,0,0,0,0,0,0,0,0,0,0,0,0,0
10,4,831,1,0,3,6,13,0,0,0,0,0,0,0,0
10,4,3274,1,1,117,235,471,0,0,0,0,0,0,0,0
0,0,0,0,0,0,0,0,0,0,0,0,0,0,0,0
0,0,0,0,0,0,0,0,0,0,0,0,0,0,0,0
0,0,0,0,0,0,0,0,0,0,0,0,0,0,0,0
10,6,4094,1,1,58,116,232,0,0,0,0,0,0,0,0
10,6,4094,1,1,93,186,372,0,0,0,0,0,0,0,0
10,5,3242,1,1,51,103,206,0,0,0,0,0,0,0,0
10,5,4008,1,2,84,168,337,0,0,0,0,0,0,0,0
10,5,1583,0,2,48,97,194,0,0,0,0,0,0,0,0
0,0,0,0,0,0,0,0,0,0,0,0,0,0,0,0
10,6,2794,1,0,87,175,350,0,0,0,0,0,0,0,0
10,5,1022,1,1,106,212,424,0,0,0,0,0,0,0,0
10,6,4095,1,0,137,274,549,0,0,0,0,0,0,0,0
0,0,0,0,0,0,0,0,0,0,0,0,0,0,0,0
0,0,0,0,0,0,0,0,0,0,0,0,0,0,0,0
0,0,0,0,0,0,0,0,0,0,0,0,0,0,0,0
10,5,3000,1,0,148,297,595,0,0,0,0,0,0,0,0
0,0,0,0,0,0,0,0,0,0,0,0,0,0,0,0
0,0,0,0,0,0,0,0,0,0,0,0,0,0,0,0
10,6,4079,1,0,37,74,148,0,0,0,0,0,0,0,0
10,4,4040,1,2,29,59,119,0,0,0,0,0,0,0,0
2,5,683,0,15,104,208,417,0,0,0,0,0,0,0,0
10,6,4090,1,1,78,157,315,0,0,0,0,0,0,0,0
0,0,0,0,0,0,0,0,0,0,0,0,0,0,0,0
0,0,0,0,0,0,0,0,0,0,0,0,0,0,0,0
10,4,2620,0,2,107,214,428,0,0,0,0,0,0,0,0
0,0,0,0,0,0,0,0,0,0,0,0,0,0,0,0
0,0,0,0,0,0,0,0,0,0,0,0,0,0,0,0
0,0,0,0,0,0,0,0,0,0,0,0,0,0,0,0
0,0,0,0,0,0,0,0,0,0,0,0,0,0,0,0
0,0,0,0,0,0,0,0,0,0,0,0,0,0,0,0
10,6,4095,1,0,43,86,173,0,0,0,0,0,0,0,0
0,0,0,0,0,0,0,0,0,0,0,0,0,0,0,0
0,0,0,0,0,0,0,0,0,0,0,0,0,0,0,0
0,0,0,0,0,0,0,0,0,0,0,0,0,0,0,0
10,5,4047,0,0,66,132,265,0,0,0,0,0,0,0,0
0,0,0,0,0,0,0,0,0,0,0,0,0,0,0,0
8,5,4046,0,4,47,95,190,0,0,0,0,0,0,0,0
10,4,4044,0,0,61,122,245,0,0,0,0,0,0,0,0
0,0,0,0,0,0,0,0,0,0,0,0,0,0,0,0
0,0,0,0,0,0,0,0,0,0,0,0,0,0,0,0
10,6,4095,1,0,98,196,393,0,0,0,0,0,0,0,0
0,0,0,0,0,0,0,0,0,0,0,0,0,0,0,0
0,0,0,0,0,0,0,0,0,0,0,0,0,0,0,0
9,4,905,1,3,79,158,317,0,0,0,0,0,0,0,0
10,6,2815,0,1,6,12,24,0,0,0,0,0,0,0,0
10,5,3245,1,2,35,71,142,0,0,0,0,0,0,0,0
2,6,2647,0,14,92,185,371,0,0,0,0,0,0,0,0
0,0,0,0,0,0,0,0,0,0,0,0,0,0,0,0
10,6,3063,1,0,43,87,175,0,0,0,0,0,0,0,0
10,6,4095,1,0,18,36,73,0,0,0,0,0,0,0,0
0,0,0,0,0,0,0,0,0,0,0,0,0,0,0,0
0,0,0,0,0,0,0,0,0,0,0,0,0,0,0,0
8,6,1727,0,3,121,243,487,0,0,0,0,0,0,0,0
10,6,3679,0,0,156,313,626,0,0,0,0,0,0,0,0
4,5,1651,0,9,13,26,52,0,0,0,0,0,0,0,0
10,6,2751,0,2,113,226,452,0,0,0,0,0,0,0,0
10,6,4095,1,0,16,32,65,0,0,0,0,0,0,0,0
0,0,0,0,0,0,0,0,0,0,0,0,0,0,0,0
10,5,1583,0,2,110,221,442,0,0,0,0,0,0,0,0
8,4,335,0,4,155,310,621,0,0,0,0,0,0,0,0
8,5,1724,0,4,11,22,44,0,0,0,0,0,0,0,0
0,0,0,0,0,0,0,0,0,0,0,0,0,0,0,0
0,0,0,0,0,0,0,0,0,0,0,0,0,0,0,0
10,5,3068,0,1,150,300,601,0,0,0,0,0,0,0,0
0,0,0,0,0,0,0,0,0,0,0,0,0,0,0,0
10,5,3882,1,1,66,133,266,0,0,0,0,0,0,0,0
4,5,3668,0,10,5,10,21,0,0,0,0,0,0,0,0
10,5,4042,1,1,117,235,471,0,0,0,0,0,0,0,0
10,4,3040,0,0,112,225,451,0,0,0,0,0,0,0,0
10,4,484,1,0,118,236,472,0,0,0,0,0,0,0,0
0,0,0,0,0,0,0,0,0,0,0,0,0,0,0,0
10,5,3882,1,1,18,37,74,0,0,0,0,0,0,0,0
9,5,4004,1,4,3,6,12,0,0,0,0,0,0,0,0
0,0,0,0,0,0,0,0,0,0,0,0,0,0,0,0
0,0,0,0,0,0,0,0,0,0,0,0,0,0,0,0
0,0,0,0,0,0,0,0,0,0,0,0,0,0,0,0
0,0,0,0,0,0,0,0,0,0,0,0,0,0,0,0
10,6,2986,1,0,122,244,489,0,0,0,0,0,0,0,0
0,0,0,0,0,0,0,0,0,0,0,0,0,0,0,0
0,0,0,0,0,0,0,0,0,0,0,0,0,0,0,0
0,0,0,0,0,0,0,0,0,0,0,0,0,0,0,0
10,5,4083,0,0,146,292,585,0,0,0,0,0,0,0,0
0,0,0,0,0,0,0,0,0,0,0,0,0,0,0,0
10,6,3754,1,1,119,238,477,0,0,0,0,0,0,0,0
0,0,0,0,0,0,0,0,0,0,0,0,0,0,0,0
0,0,0,0,0,0,0,0,0,0,0,0,0,0,0,0
8,5,1443,0,3,53,107,214,0,0,0,0,0,0,0,0
10,6,1497,0,0,149,299,599,7,4,3009,1,8,154,309,619
9,6,2799,1,4,128,257,514,0,0,0,0,0,0,0,0
0,0,0,0,0,0,0,0,0,0,0,0,0,0,0,0
0,0,0,0,0,0,0,0,0,0,0,0,0,0,0,0
10,5,2808,0,0,75,151,303,0,0,0,0,0,0,0,0
10,5,2748,0,2,20,40,80,0,0,0,0,0,0,0,0
0,0,0,0,0,0,0,0,0,0,0,0,0,0,0,0
10,6,2815,0,1,53,106,212,0,0,0,0,0,0,0,0
0,0,0,0,0,0,0,0,0,0,0,0,0,0,0,0
10,4,3900,0,0,42,84,169,0,0,0,0,0,0,0,0
5,6,3733,1,9,49,98,197,10,5,4003,1,0,18,37,75
10,5,959,0,0,54,108,216,0,0,0,0,0,0,0,0
0,0,0,0,0,0,0,0,0,0,0,0,0,0,0,0
0,0,0,0,0,0,0,0,0,0,0,0,0,0,0,0
0,0,0,0,0,0,0,0,0,0,0,0,0,0,0,0
0,0,0,0,0,0,0,0,0,0,0,0,0,0,0,0
0,0,0,0,0,0,0,0,0,0,0,0,0,0,0,0
10,4,3440,1,0,102,204,409,0,0,0,0,0,0,0,0
0,0,0,0,0,0,0,0,0,0,0,0,0,0,0,0
10,4,3880,1,2,134,269,538,0,0,0,0,0,0,0,0
0,0,0,0,0,0,0,0,0,0,0,0,0,0,0,0
0,0,0,0,0,0,0,0,0,0,0,0,0,0,0,0
10,6,4095,1,0,11,22,45,0,0,0,0,0,0,0,0
10,5,938,1,1,62,125,250,0,0,0,0,0,0,0,0
10,6,2731,0,1,103,207,414,0,0,0,0,0,0,0,0
0,0,0,0,0,0,0,0,0,0,0,0,0,0,0,0
0,0,0,0,0,0,0,0,0,0,0,0,0,0,0,0
8,5,1327,0,3,110,221,442,0,0,0,0,0,0,0,0
3,5,933,1,15,54,108,217,0,0,0,0,0,0,0,0
0,0,0,0,0,0,0,0,0,0,0,0,0,0,0,0
0,0,0,0,0,0,0,0,0,0,0,0,0,0,0,0
10,5,3068,0,1,107,214,429,0,0,0,0,0,0,0,0
0,0,0,0,0,0,0,0,0,0,0,0,0,0,0,0
3,5,1021,1,15,19,38,76,0,0,0,0,0,0,0,0
9,5,3732,1,4,84,169,338,0,0,0,0,0,0,0,0
0,0,0,0,0,0,0,0,0,0,0,0,0,0,0,0
7,6,4074,1,8,61,122,245,0,0,0,0,0,0,0,0
0,0,0,0,0,0,0,0,0,0,0,0,0,0,0,0
0,0,0,0,0,0,0,0,0,0,0,0,0,0,0,0
3,5,3409,1,14,8,17,34,0,0,0,0,0,0,0,0
10,6,2479,0,2,151,303,606,0,0,0,0,0,0,0,0
0,0,0,0,0,0,0,0,0,0,0,0,0,0,0,0
5,5,3285,1,9,132,265,530,0,0,0,0,0,0,0,0
0,0,0,0,0,0,0,0,0,0,0,0,0,0,0,0
7,4,3304,1,8,43,86,173,0,0,0,0,0,0,0,0
0,0,0,0,0,0,0,0,0,0,0,0,0,0,0,0
0,0,0,0,0,0,0,0,0,0,0,0,0,0,0,0
0,0,0,0,0,0,0,0,0,0,0,0,0,0,0,0
10,6,4095,1,0,116,232,465,0,0,0,0,0,0,0,0
5,5,3301,1,9,59,119,239,0,0,0,0,0,0,0,0
10,5,3903,0,0,32,64,129,0,0,0,0,0,0,0,0
10,5,3306,1,1,118,237,474,0,0,0,0,0,0,0,0
0,0,0,0,0,0,0,0,0,0,0,0,0,0,0,0
10,5,441,1,0,147,294,588,0,0,0,0,0,0,0,0
0,0,0,0,0,0,0,0,0,0,0,0,0,0,0,0
10,6,4094,1,1,142,284,568,0,0,0,0,0,0,0,0
10,6,4095,1,0,44,88,177,0,0,0,0,0,0,0,0
0,0,0,0,0,0,0,0,0,0,0,0,0,0,0,0
0,0,0,0,0,0,0,0,0,0,0,0,0,0,0,0
7,5,2282,1,6,70,140,280,0,0,0,0,0,0,0,0
0,0,0,0,0,0,0,0,0,0,0,0,0,0,0,0
9,5,3064,1,5,67,135,270,0,0,0,0,0,0,0,0
0,0,0,0,0,0,0,0,0,0,0,0,0,0,0,0
0,0,0,0,0,0,0,0,0,0,0,0,0,0,0,0
10,4,4035,1,0,141,282,565,0,0,0,0,0,0,0,0
3,5,1021,1,15,19,38,76,0,0,0,0,0,0,0,0
0,0,0,0,0,0,0,0,0,0,0,0,0,0,0,0
0,0,0,0,0,0,0,0,0,0,0,0,0,0,0,0
0,0,0,0,0,0,0,0,0,0,0,0,0,0,0,0
10,5,4047,0,0,56,112,225,0,0,0,0,0,0,0,0
9,4,3620,1,3,75,151,303,0,0,0,0,0,0,0,0
0,0,0,0,0,0,0,0,0,0,0,0,0,0,0,0
9,5,937,1,3,4,8,17,0,0,0,0,0,0,0,0
0,0,0,0,0,0,0,0,0,0,0,0,0,0,0,0
0,0,0,0,0,0,0,0,0,0,0,0,0,0,0,0
10,4,2620,0,2,75,150,300,0,0,0,0,0,0,0,0
0,0,0,0,0,0,0,0,0,0,0,0,0,0,0,0
10,6,3669,1,2,100,201,402,0,0,0,0,0,0,0,0
0,0,0,0,0,0,0,0,0,0,0,0,0,0,0,0
0,0,0,0,0,0,0,0,0,0,0,0,0,0,0,0
10,5,3882,1,1,154,309,618,0,0,0,0,0,0,0,0
10,4,655,0,2,147,295,591,0,0,0,0,0,0,0,0
10,5,2879,0,1,74,148,297,0,0,0,0,0,0,0,0
0,0,0,0,0,0,0,0,0,0,0,0,0,0,0,0
10,4,3890,1,1,7,14,28,0,0,0,0,0,0,0,0
10,5,3326,1,1,155,310,620,0,0,0,0,0,0,0,0
0,0,0,0,0,0,0,0,0,0,0,0,0,0,0,0
0,0,0,0,0,0,0,0,0,0,0,0,0,0,0,0
10,4,3896,1,1,20,41,83,0,0,0,0,0,0,0,0
0,0,0,0,0,0,0,0,0,0,0,0,0,0,0,0
6,4,2620,0,8,151,302,605,0,0,0,0,0,0,0,0
9,4,3233,1,3,149,298,596,0,0,0,0,0,0,0,0
10,4,970,1,2,67,135,271,0,0,0,0,0,0,0,0
0,0,0,0,0,0,0,0,0,0,0,0,0,0,0,0
10,6,3839,0,0,3,6,13,0,0,0,0,0,0,0,0
2,5,1579,0,15,52,104,209,0,0,0,0,0,0,0,0
10,6,4074,1,2,117,235,471,0,0,0,0,0,0,0,0
0,0,0,0,0,0,0,0,0,0,0,0,0,0,0,0
9,4,809,1,3,130,260,521,0,0,0,0,0,0,0,0
0,0,0,0,0,0,0,0,0,0,0,0,0,0,0,0
10,6,4095,1,0,85,170,341,0,0,0,0,0,0,0,0
10,5,2603,0,1,94,189,378,0,0,0,0,0,0,0,0
10,4,3278,1,1,10,20,40,0,0,0,0,0,0,0,0
7,6,4075,1,6,20,41,82,0,0,0,0,0,0,0,0
10,6,3749,1,2,56,113,227,0,0,0,0,0,0,0,0
3,4,969,1,15,92,185,371,0,0,0,0,0,0,0,0
10,5,4082,1,1,91,182,364,0,0,0,0,0,0,0,0
0,0,0,0,0,0,0,0,0,0,0,0,0,0,0,0
10,5,4047,0,0,43,86,173,0,0,0,0,0,0,0,0
0,0,0,0,0,0,0,0,0,0,0,0,0,0,0,0
0,0,0,0,0,0,0,0,0,0,0,0,0,0,0,0
0,0,0,0,0,0,0,0,0,0,0,0,0,0,0,0
0,0,0,0,0,0,0,0,0,0,0,0,0,0,0,0
10,6,4079,1,0,130,260,520,0,0,0,0,0,0,0,0
8,5,3642,0,5,104,208,416,0,0,0,0,0,0,0,0
0,0,0,0,0,0,0,0,0,0,0,0,0,0,0,0
9,4,3601,1,3,150,301,603,0,0,0,0,0,0,0,0
10,5,4092,0,0,93,186,373,0,0,0,0,0,0,0,0
0,0,0,0,0,0,0,0,0,0,0,0,0,0,0,0
0,0,0,0,0,0,0,0,0,0,0,0,0,0,0,0
8,5,3246,0,5,45,90,180,0,0,0,0,0,0,0,0
0,0,0,0,0,0,0,0,0,0,0,0,0,0,0,0
2,5,1019,0,13,104,208,416,0,0,0,0,0,0,0,0
10,4,970,1,2,107,215,431,0,0,0,0,0,0,0,0
0,0,0,0,0,0,0,0,0,0,0,0,0,0,0,0
6,5,2623,0,8,59,118,237,0,0,0,0,0,0,0,0
0,0,0,0,0,0,0,0,0,0,0,0,0,0,0,0
0,0,0,0,0,0,0,0,0,0,0,0,0,0,0,0
0,0,0,0,0,0,0,0,0,0,0,0,0,0,0,0
0,0,0,0,0,0,0,0,0,0,0,0,0,0,0,0
0,0,0,0,0,0,0,0,0,0,0,0,0,0,0,0
0,0,0,0,0,0,0,0,0,0,0,0,0,0,0,0
10,5,698,1,0,54,109,218,0,0,0,0,0,0,0,0
0,0,0,0,0,0,0,0,0,0,0,0,0,0,0,0
0,0,0,0,0,0,0,0,0,0,0,0,0,0,0,0
10,5,938,1,1,62,125,250,0,0,0,0,0,0,0,0
0,0,0,0,0,0,0,0,0,0,0,0,0,0,0,0
8,5,4018,0,4,18,36,73,9,4,2000,1,5,36,72,144
0,0,0,0,0,0,0,0,0,0,0,0,0,0,0,0
10,4,3274,1,1,25,51,103,0,0,0,0,0,0,0,0
10,4,994,1,2,112,225,451,0,0,0,0,0,0,0,0
0,0,0,0,0,0,0,0,0,0,0,0,0,0,0,0
0,0,0,0,0,0,0,0,0,0,0,0,0,0,0,0
0,0,0,0,0,0,0,0,0,0,0,0,0,0,0,0
10,4,3040,0,0,112,225,451,0,0,0,0,0,0,0,0
0,0,0,0,0,0,0,0,0,0,0,0,0,0,0,0
3,4,229,1,15,41,83,166,0,0,0,0,0,0,0,0
10,4,3278,1,1,20,40,80,0,0,0,0,0,0,0,0
8,5,1715,0,3,42,85,171,0,0,0,0,0,0,0,0
0,0,0,0,0,0,0,0,0,0,0,0,0,0,0,0
10,4,3875,1,0,59,118,236,0,0,0,0,0,0,0,0
10,4,3234,1,1,41,83,166,0,0,0,0,0,0,0,0
0,0,0,0,0,0,0,0,0,0,0,0,0,0,0,0
0,0,0,0,0,0,0,0,0,0,0,0,0,0,0,0
5,5,3732,1,9,25,50,101,0,0,0,0,0,0,0,0
0,0,0,0,0,0,0,0,0,0,0,0,0,0,0,0
0,0,0,0,0,0,0,0,0,0,0,0,0,0,0,0
10,5,1002,1,2,32,65,131,0,0,0,0,0,0,0,0
0,0,0,0,0,0,0,0,0,0,0,0,0,0,0,0
10,6,2991,0,1,80,161,323,0,0,0,0,0,0,0,0
0,0,0,0,0,0,0,0,0,0,0,0,0,0,0,0
10,6,4095,1,0,149,298,597,0,0,0,0,0,0,0,0
10,6,4095,1,0,123,246,493,0,0,0,0,0,0,0,0
3,5,937,1,15,126,253,506,0,0,0,0,0,0,0,0
10,5,3903,0,0,57,114,229,0,0,0,0,0,0,0,0
10,5,3064,0,0,76,152,304,0,0,0,0,0,0,0,0
10,4,2736,0,2,20,40,80,0,0,0,0,0,0,0,0
0,0,0,0,0,0,0,0,0,0,0,0,0,0,0,0
10,4,2211,0,1,15,31,62,0,0,0,0,0,0,0,0
0,0,0,0,0,0,0,0,0,0,0,0,0,0,0,0
5,5,3221,1,9,49,98,197,0,0,0,0,0,0,0,0
0,0,0,0,0,0,0,0,0,0,0,0,0,0,0,0
0,0,0,0,0,0,0,0,0,0,0,0,0,0,0,0
0,0,0,0,0,0,0,0,0,0,0,0,0,0,0,0
9,4,3779,1,5,107,215,430,0,0,0,0,0,0,0,0
10,4,4035,1,0,22,44,89,0,0,0,0,0,0,0,0
8,6,4026,0,4,130,260,520,0,0,0,0,0,0,0,0
10,4,234,1,2,69,139,279,0,0,0,0,0,0,0,0
0,0,0,0,0,0,0,0,0,0,0,0,0,0,0,0
0,0,0,0,0,0,0,0,0,0,0,0,0,0,0,0
10,5,4047,0,0,93,186,373,0,0,0,0,0,0,0,0
0,0,0,0,0,0,0,0,0,0,0,0,0,0,0,0
10,6,4009,1,2,84,168,337,0,0,0,0,0,0,0,0
10,4,1667,0,2,48,97,194,0,0,0,0,0,0,0,0
0,0,0,0,0,0,0,0,0,0,0,0,0,0,0,0
0,0,0,0,0,0,0,0,0,0,0,0,0,0,0,0
8,4,127,0,4,88,177,354,0,0,0,0,0,0,0,0
0,0,0,0,0,0,0,0,0,0,0,0,0,0,0,0
0,0,0,0,0,0,0,0,0,0,0,0,0,0,0,0
10,5,4092,0,0,133,266,533,0,0,0,0,0,0,0,0
8,4,444,0,5,95,190,380,0,0,0,0,0,0,0,0
0,0,0,0,0,0,0,0,0,0,0,0,0,0,0,0
10,4,4080,0,0,141,282,565,0,0,0,0,0,0,0,0
10,4,251,1,0,62,124,248,0,0,0,0,0,0,0,0
0,0,0,0,0,0,0,0,0,0,0,0,0,0,0,0
6,4,2736,0,8,151,302,605,0,0,0,0,0,0,0,0
10,5,3242,1,1,149,299,598,0,0,0,0,0,0,0,0
0,0,0,0,0,0,0,0,0,0,0,0,0,0,0,0
10,5,4092,0,0,80,160,321,0,0,0,0,0,0,0,0
0,0,0,0,0,0,0,0,0,0,0,0,0,0,0,0
0,0,0,0,0,0,0,0,0,0,0,0,0,0,0,0
8,4,1420,0,4,107,215,431,0,0,0,0,0,0,0,0
2,4,1776,0,15,53,106,212,0,0,0,0,0,0,0,0
0,0,0,0,0,0,0,0,0,0,0,0,0,0,0,0
10,6,2715,0,0,23,46,93,0,0,0,0,0,0,0,0
10,4,831,1,0,139,278,557,0,0,0,0,0,0,0,0
9,5,3237,1,3,92,184,368,0,0,0,0,0,0,0,0
10,5,2297,1,1,92,185,370,0,0,0,0,0,0,0,0
8,6,1455,0,3,136,273,546,0,0,0,0,0,0,0,0
10,4,974,1,1,121,242,484,0,0,0,0,0,0,0,0
0,0,0,0,0,0,0,0,0,0,0,0,0,0,0,0
0,0,0,0,0,0,0,0,0,0,0,0,0,0,0,0
0,0,0,0,0,0,0,0,0,0,0,0,0,0,0,0
0,0,0,0,0,0,0,0,0,0,0,0,0,0,0,0
0,0,0,0,0,0,0,0,0,0,0,0,0,0,0,0
3,6,2734,1,13,23,47,94,0,0,0,0,0,0,0,0
0,0,0,0,0,0,0,0,0,0,0,0,0,0,0,0
0,0,0,0,0,0,0,0,0,0,0,0,0,0,0,0
7,5,4042,1,8,132,264,529,0,0,0,0,0,0,0,0
10,6,4095,1,0,69,138,277,0,0,0,0,0,0,0,0
0,0,0,0,0,0,0,0,0,0,0,0,0,0,0,0
10,4,2876,0,1,107,214,429,0,0,0,0,0,0,0,0
3,4,973,1,15,19,38,76,0,0,0,0,0,0,0,0
7,4,3114,1,8,117,234,469,0,0,0,0,0,0,0,0
0,0,0,0,0,0,0,0,0,0,0,0,0,0,0,0
3,4,916,1,15,36,73,146,0,0,0,0,0,0,0,0
0,0,0,0,0,0,0,0,0,0,0,0,0,0,0,0
0,0,0,0,0,0,0,0,0,0,0,0,0,0,0,0
9,5,3732,1,4,84,169,338,0,0,0,0,0,0,0,0
10,6,4095,1,0,102,204,409,0,0,0,0,0,0,0,0
0,0,0,0,0,0,0,0,0,0,0,0,0,0,0,0
9,4,2575,1,4,68,137,274,0,0,0,0,0,0,0,0
10,6,2794,1,0,125,251,502,0,0,0,0,0,0,0,0
0,0,0,0,0,0,0,0,0,0,0,0,0,0,0,0
10,4,2764,0,2,52,104,209,0,0,0,0,0,0,0,0
0,0,0,0,0,0,0,0,0,0,0,0,0,0,0,0
10,6,4094,1,1,51,102,204,0,0,0,0,0,0,0,0
10,4,191,0,2,88,176,352,0,0,0,0,0,0,0,0
0,0,0,0,0,0,0,0,0,0,0,0,0,0,0,0
0,0,0,0,0,0,0,0,0,0,0,0,0,0,0,0
0,0,0,0,0,0,0,0,0,0,0,0,0,0,0,0
0,0,0,0,0,0,0,0,0,0,0,0,0,0,0,0
0,0,0,0,0,0,0,0,0,0,0,0,0,0,0,0
10,6,3071,0,1,117,234,469,0,0,0,0,0,0,0,0
0,0,0,0,0,0,0,0,0,0,0,0,0,0,0,0
0,0,0,0,0,0,0,0,0,0,0,0,0,0,0,0
9,5,3064,1,5,67,135,270,0,0,0,0,0,0,0,0
0,0,0,0,0,0,0,0,0,0,0,0,0,0,0,0
8,5,1452,0,4,19,39,78,0,0,0,0,0,0,0,0
0,0,0,0,0,0,0,0,0,0,0,0,0,0,0,0
0,0,0,0,0,0,0,0,0,0,0,0,0,0,0,0
5,6,1390,1,10,144,288,577,0,0,0,0,0,0,0,0
0,0,0,0,0,0,0,0,0,0,0,0,0,0,0,0
10,5,4028,1,0,108,216,432,0,0,0,0,0,0,0,0
0,0,0,0,0,0,0,0,0,0,0,0,0,0,0,0
0,0,0,0,0,0,0,0,0,0,0,0,0,0,0,0
10,5,4083,0,0,118,236,473,0,0,0,0,0,0,0,0
0,0,0,0,0,0,0,0,0,0,0,0,0,0,0,0
10,5,2618,0,0,122,245,490,10,4,2226,0,0,24,49,98
0,0,0,0,0,0,0,0,0,0,0,0,0,0,0,0
10,4,3696,1,0,102,204,409,0,0,0,0,0,0,0,0
0,0,0,0,0,0,0,0,0,0,0,0,0,0,0,0
8,5,1788,0,4,24,48,97,0,0,0,0,0,0,0,0
0,0,0,0,0,0,0,0,0,0,0,0,0,0,0,0
8,5,431,0,4,53,107,214,0,0,0,0,0,0,0,0
0,0,0,0,0,0,0,0,0,0,0,0,0,0,0,0
10,6,4095,1,0,28,56,113,0,0,0,0,0,0,0,0
7,4,3304,1,8,98,196,393,0,0,0,0,0,0,0,0
10,5,939,0,0,105,211,423,0,0,0,0,0,0,0,0
6,5,3903,0,6,19,39,79,0,0,0,0,0,0,0,0
0,0,0,0,0,0,0,0,0,0,0,0,0,0,0,0
0,0,0,0,0,0,0,0,0,0,0,0,0,0,0,0
10,6,3754,1,1,110,220,441,0,0,0,0,0,0,0,0
0,0,0,0,0,0,0,0,0,0,0,0,0,0,0,0
0,0,0,0,0,0,0,0,0,0,0,0,0,0,0,0
10,4,1020,1,0,130,260,521,0,0,0,0,0,0,0,0
5,6,3733,1,9,17,34,69,0,0,0,0,0,0,0,0
10,4,3850,1,1,1,3,7,0,0,0,0,0,0,0,0
10,4,764,0,2,4,8,17,0,0,0,0,0,0,0,0
0,0,0,0,0,0,0,0,0,0,0,0,0,0,0,0
9,5,3881,1,3,76,152,305,0,0,0,0,0,0,0,0
10,4,255,0,0,32,64,129,0,0,0,0,0,0,0,0
9,4,3297,1,3,4,8,17,0,0,0,0,0,0,0,0
0,0,0,0,0,0,0,0,0,0,0,0,0,0,0,0
10,5,1022,1,1,152,304,608,0,0,0,0,0,0,0,0
10,6,4095,1,0,1,2,5,0,0,0,0,0,0,0,0
0,0,0,0,0,0,0,0,0,0,0,0,0,0,0,0
0,0,0,0,0,0,0,0,0,0,0,0,0,0,0,0
3,5,933,1,15,54,108,217,0,0,0,0,0,0,0,0
10,6,4095,1,0,77,154,309,0,0,0,0,0,0,0,0
9,5,3748,1,3,88,177,355,0,0,0,0,0,0,0,0
10,6,4010,1,1,146,293,586,0,0,0,0,0,0,0,0
3,5,3732,1,15,130,261,522,0,0,0,0,0,0,0,0
10,5,2732,0,1,51,103,207,0,0,0,0,0,0,0,0
8,4,3890,0,4,57,114,229,0,0,0,0,0,0,0,0
8,6,4010,0,4,64,129,259,0,0,0,0,0,0,0,0
10,4,3880,1,2,98,197,394,0,0,0,0,0,0,0,0
0,0,0,0,0,0,0,0,0,0,0,0,0,0,0,0
0,0,0,0,0,0,0,0,0,0,0,0,0,0,0,0
10,6,2746,0,0,28,57,114,0,0,0,0,0,0,0,0
2,5,1595,0,15,52,105,210,0,0,0,0,0,0,0,0
10,5,2808,0,0,33,67,135,0,0,0,0,0,0,0,0
0,0,0,0,0,0,0,0,0,0,0,0,0,0,0,0
9,5,3881,1,3,130,260,521,0,0,0,0,0,0,0,0
0,0,0,0,0,0,0,0,0,0,0,0,0,0,0,0
10,5,2732,0,1,85,171,343,0,0,0,0,0,0,0,0
0,0,0,0,0,0,0,0,0,0,0,0,0,0,0,0
10,4,4080,0,0,10,20,41,0,0,0,0,0,0,0,0
7,6,3734,1,8,20,41,82,0,0,0,0,0,0,0,0
10,6,4094,1,1,70,140,280,0,0,0,0,0,0,0,0
0,0,0,0,0,0,0,0,0,0,0,0,0,0,0,0
5,5,4041,1,9,61,122,244,0,0,0,0,0,0,0,0
0,0,0,0,0,0,0,0,0,0,0,0,0,0,0,0
0,0,0,0,0,0,0,0,0,0,0,0,0,0,0,0
0,0,0,0,0,0,0,0,0,0,0,0,0,0,0,0
10,4,3976,1,2,10,21,42,0,0,0,0,0,0,0,0
8,5,1327,0,3,149,299,598,0,0,0,0,0,0,0,0
10,5,4042,1,1,36,73,147,0,0,0,0,0,0,0,0
10,4,1020,1,0,117,234,469,0,0,0,0,0,0,0,0
10,5,4083,0,0,36,72,145,0,0,0,0,0,0,0,0
7,5,2949,1,8,146,292,585,0,0,0,0,0,0,0,0
10,5,683,0,1,84,169,338,0,0,0,0,0,0,0,0
4,5,367,0,10,40,81,163,0,0,0,0,0,0,0,0
9,5,1021,1,3,46,92,184,10,4,3279,1,0,56,112,225
0,0,0,0,0,0,0,0,0,0,0,0,0,0,0,0
0,0,0,0,0,0,0,0,0,0,0,0,0,0,0,0
2,5,1023,0,14,104,208,416,0,0,0,0,0,0,0,0
10,6,4010,1,1,107,215,430,0,0,0,0,0,0,0,0
10,5,4076,1,0,121,242,484,0,0,0,0,0,0,0,0
0,0,0,0,0,0,0,0,0,0,0,0,0,0,0,0
0,0,0,0,0,0,0,0,0,0,0,0,0,0,0,0
0,0,0,0,0,0,0,0,0,0,0,0,0,0,0,0
10,4,4034,1,1,56,113,227,0,0,0,0,0,0,0,0
8,5,1468,0,4,92,184,368,0,0,0,0,0,0,0,0
10,4,1011,0,0,116,232,465,0,0,0,0,0,0,0,0
0,0,0,0,0,0,0,0,0,0,0,0,0,0,0,0
9,5,1017,1,4,22,45,91,0,0,0,0,0,0,0,0
0,0,0,0,0,0,0,0,0,0,0,0,0,0,0,0
0,0,0,0,0,0,0,0,0,0,0,0,0,0,0,0
10,6,4095,1,0,44,88,177,0,0,0,0,0,0,0,0
0,0,0,0,0,0,0,0,0,0,0,0,0,0,0,0
0,0,0,0,0,0,0,0,0,0,0,0,0,0,0,0
10,5,4066,1,1,5,11,23,0,0,0,0,0,0,0,0
0,0,0,0,0,0,0,0,0,0,0,0,0,0,0,0
10,6,4031,0,0,130,260,521,0,0,0,0,0,0,0,0
0,0,0,0,0,0,0,0,0,0,0,0,0,0,0,0
9,5,1023,1,5,43,86,172,0,0,0,0,0,0,0,0
10,5,4066,1,1,136,273,547,0,0,0,0,0,0,0,0
6,4,655,0,8,60,120,241,0,0,0,0,0,0,0,0
4,5,447,0,9,100,200,400,0,0,0,0,0,0,0,0
0,0,0,0,0,0,0,0,0,0,0,0,0,0,0,0
10,4,3040,0,0,112,225,451,0,0,0,0,0,0,0,0
0,0,0,0,0,0,0,0,0,0,0,0,0,0,0,0
0,0,0,0,0,0,0,0,0,0,0,0,0,0,0,0
10,6,3754,1,1,19,38,77,0,0,0,0,0,0,0,0
8,4,175,0,3,42,85,170,0,0,0,0,0,0,0,0
0,0,0,0,0,0,0,0,0,0,0,0,0,0,0,0
10,4,3130,1,1,58,117,235,0,0,0,0,0,0,0,0
10,5,3746,1,1,41,82,165,0,0,0,0,0,0,0,0
0,0,0,0,0,0,0,0,0,0,0,0,0,0,0,0
0,0,0,0,0,0,0,0,0,0,0,0,0,0,0,0
5,5,3732,1,9,25,50,101,0,0,0,0,0,0,0,0
0,0,0,0,0,0,0,0,0,0,0,0,0,0,0,0
0,0,0,0,0,0,0,0,0,0,0,0,0,0,0,0
0,0,0,0,0,0,0,0,0,0,0,0,0,0,0,0
10,5,441,1,0,147,294,588,0,0,0,0,0,0,0,0
0,0,0,0,0,0,0,0,0,0,0,0,0,0,0,0
0,0,0,0,0,0,0,0,0,0,0,0,0,0,0,0
10,5,4046,1,1,142,284,568,0,0,0,0,0,0,0,0
0,0,0,0,0,0,0,0,0,0,0,0,0,0,0,0
0,0,0,0,0,0,0,0,0,0,0,0,0,0,0,0
0,0,0,0,0,0,0,0,0,0,0,0,0,0,0,0
7,4,3854,1,7,74,149,298,0,0,0,0,0,0,0,0
0,0,0,0,0,0,0,0,0,0,0,0,0,0,0,0
10,4,723,0,1,130,261,522,0,0,0,0,0,0,0,0
0,0,0,0,0,0,0,0,0,0,0,0,0,0,0,0
10,6,3754,1,1,56,112,225,0,0,0,0,0,0,0,0
10,5,2808,0,0,75,151,303,0,0,0,0,0,0,0,0
10,5,4002,1,1,117,235,470,0,0,0,0,0,0,0,0
0,0,0,0,0,0,0,0,0,0,0,0,0,0,0,0
10,4,2595,0,1,15,31,63,0,0,0,0,0,0,0,0
0,0,0,0,0,0,0,0,0,0,0,0,0,0,0,0
5,6,3989,1,9,49,99,198,0,0,0,0,0,0,0,0
0,0,0,0,0,0,0,0,0,0,0,0,0,0,0,0
0,0,0,0,0,0,0,0,0,0,0,0,0,0,0,0
10,4,1020,1,0,22,44,89,0,0,0,0,0,0,0,0
8,4,1340,0,4,130,260,520,0,0,0,0,0,0,0,0
10,4,3240,1,2,69,138,277,0,0,0,0,0,0,0,0
0,0,0,0,0,0,0,0,0,0,0,0,0,0,0,0
0,0,0,0,0,0,0,0,0,0,0,0,0,0,0,0
10,4,2826,1,0,16,33,66,0,0,0,0,0,0,0,0
6,5,2623,0,8,139,278,557,0,0,0,0,0,0,0,0
0,0,0,0,0,0,0,0,0,0,0,0,0,0,0,0
10,5,3327,1,0,115,230,461,0,0,0,0,0,0,0,0
0,0,0,0,0,0,0,0,0,0,0,0,0,0,0,0
0,0,0,0,0,0,0,0,0,0,0,0,0,0,0,0
8,5,698,0,5,99,198,396,0,0,0,0,0,0,0,0
10,5,1023,1,0,111,222,445,0,0,0,0,0,0,0,0
0,0,0,0,0,0,0,0,0,0,0,0,0,0,0,0
0,0,0,0,0,0,0,0,0,0,0,0,0,0,0,0
0,0,0,0,0,0,0,0,0,0,0,0,0,0,0,0
10,4,3890,1,1,151,302,604,0,0,0,0,0,0,0,0
2,4,3324,0,13,89,178,356,0,0,0,0,0,0,0,0
0,0,0,0,0,0,0,0,0,0,0,0,0,0,0,0
10,6,4095,1,0,5,10,21,0,0,0,0,0,0,0,0
10,4,4080,0,0,156,312,625,0,0,0,0,0,0,0,0
3,4,825,1,15,80,161,323,0,0,0,0,0,0,0,0
8,4,1776,0,5,150,301,603,0,0,0,0,0,0,0,0
0,0,0,0,0,0,0,0,0,0,0,0,0,0,0,0
0,0,0,0,0,0,0,0,0,0,0,0,0,0,0,0
0,0,0,0,0,0,0,0,0,0,0,0,0,0,0,0
10,4,975,0,0,90,180,361,0,0,0,0,0,0,0,0
3,5,4092,1,14,3,6,13,0,0,0,0,0,0,0,0
10,5,687,0,2,24,49,99,0,0,0,0,0,0,0,0
0,0,0,0,0,0,0,0,0,0,0,0,0,0,0,0
0,0,0,0,0,0,0,0,0,0,0,0,0,0,0,0
10,6,4095,1,0,97,194,389,0,0,0,0,0,0,0,0
0,0,0,0,0,0,0,0,0,0,0,0,0,0,0,0
0,0,0,0,0,0,0,0,0,0,0,0,0,0,0,0
3,6,2734,1,13,23,47,94,0,0,0,0,0,0,0,0
0,0,0,0,0,0,0,0,0,0,0,0,0,0,0,0
10,5,2282,1,0,23,47,94,0,0,0,0,0,0,0,0
10,6,4095,1,0,110,220,441,0,0,0,0,0,0,0,0
10,4,3891,0,0,120,240,481,0,0,0,0,0,0,0,0
0,0,0,0,0,0,0,0,0,0,0,0,0,0,0,0
0,0,0,0,0,0,0,0,0,0,0,0,0,0,0,0
0,0,0,0,0,0,0,0,0,0,0,0,0,0,0,0
9,5,2859,1,5,66,132,265,0,0,0,0,0,0,0,0
10,6,4094,1,1,106,212,424,0,0,0,0,0,0,0,0
0,0,0,0,0,0,0,0,0,0,0,0,0,0,0,0
6,5,3903,0,6,58,117,235,0,0,0,0,0,0,0,0
10,6,4079,1,0,155,310,620,0,0,0,0,0,0,0,0
10,5,698,1,0,4,9,18,0,0,0,0,0,0,0,0
9,4,2255,1,4,44,89,178,0,0,0,0,0,0,0,0
0,0,0,0,0,0,0,0,0,0,0,0,0,0,0,0
0,0,0,0,0,0,0,0,0,0,0,0,0,0,0,0
0,0,0,0,0,0,0,0,0,0,0,0,0,0,0,0
10,4,2211,0,1,138,277,554,0,0,0,0,0,0,0,0
0,0,0,0,0,0,0,0,0,0,0,0,0,0,0,0
0,0,0,0,0,0,0,0,0,0,0,0,0,0,0,0
8,5,1131,0,3,120,240,480,0,0,0,0,0,0,0,0
10,4,3880,1,2,78,157,314,0,0,0,0,0,0,0,0
0,0,0,0,0,0,0,0,0,0,0,0,0,0,0,0
0,0,0,0,0,0,0,0,0,0,0,0,0,0,0,0
3,5,507,1,12,96,193,387,0,0,0,0,0,0,0,0
10,5,2699,0,1,21,43,86,0,0,0,0,0,0,0,0
10,6,4010,1,1,29,59,118,0,0,0,0,0,0,0,0
9,4,929,1,3,53,106,212,0,0,0,0,0,0,0,0
0,0,0,0,0,0,0,0,0,0,0,0,0,0,0,0
0,0,0,0,0,0,0,0,0,0,0,0,0,0,0,0
0,0,0,0,0,0,0,0,0,0,0,0,0,0,0,0
0,0,0,0,0,0,0,0,0,0,0,0,0,0,0,0
0,0,0,0,0,0,0,0,0,0,0,0,0,0,0,0
5,4,4036,1,10,101,203,407,0,0,0,0,0,0,0,0
10,6,4094,1,1,89,178,356,0,0,0,0,0,0,0,0
3,4,1020,1,15,113,226,453,0,0,0,0,0,0,0,0
10,5,2703,0,1,149,299,599,0,0,0,0,0,0,0,0
10,5,4092,0,0,1,2,5,0,0,0,0,0,0,0,0
0,0,0,0,0,0,0,0,0,0,0,0,0,0,0,0
0,0,0,0,0,0,0,0,0,0,0,0,0,0,0,0
10,6,2815,0,1,86,172,344,0,0,0,0,0,0,0,0
0,0,0,0,0,0,0,0,0,0,0,0,0,0,0,0
0,0,0,0,0,0,0,0,0,0,0,0,0,0,0,0
0,0,0,0,0,0,0,0,0,0,0,0,0,0,0,0
0,0,0,0,0,0,0,0,0,0,0,0,0,0,0,0
0,0,0,0,0,0,0,0,0,0,0,0,0,0,0,0
10,5,4066,1,1,139,279,559,0,0,0,0,0,0,0,0
9,4,230,1,3,41,83,166,0,0,0,0,0,0,0,0
10,6,4095,1,0,71,142,285,0,0,0,0,0,0,0,0
0,0,0,0,0,0,0,0,0,0,0,0,0,0,0,0
0,0,0,0,0,0,0,0,0,0,0,0,0,0,0,0
10,4,255,0,0,32,64,129,0,0,0,0,0,0,0,0
5,5,1358,1,10,144,288,577,0,0,0,0,0,0,0,0
10,5,4047,0,0,137,274,549,0,0,0,0,0,0,0,0
10,6,1707,0,2,30,61,122,0,0,0,0,0,0,0,0
0,0,0,0,0,0,0,0,0,0,0,0,0,0,0,0
10,5,4082,1,1,85,170,340,0,0,0,0,0,0,0,0
0,0,0,0,0,0,0,0,0,0,0,0,0,0,0,0
10,6,4095,1,0,49,98,197,0,0,0,0,0,0,0,0
8,4,1167,0,3,116,233,466,0,0,0,0,0,0,0,0
10,5,3897,1,2,2,5,10,0,0,0,0,0,0,0,0
6,6,1390,0,8,150,301,602,0,0,0,0,0,0,0,0
10,4,651,0,1,153,307,614,0,0,0,0,0,0,0,0
0,0,0,0,0,0,0,0,0,0,0,0,0,0,0,0
9,5,2787,1,4,138,277,554,0,0,0,0,0,0,0,0
8,5,3982,0,5,7,14,29,0,0,0,0,0,0,0,0
8,5,1443,0,3,151,303,606,0,0,0,0,0,0,0,0
0,0,0,0,0,0,0,0,0,0,0,0,0,0,0,0
0,0,0,0,0,0,0,0,0,0,0,0,0,0,0,0
10,4,255,0,0,32,64,129,0,0,0,0,0,0,0,0
0,0,0,0,0,0,0,0,0,0,0,0,0,0,0,0
9,5,937,1,3,5,10,21,0,0,0,0,0,0,0,0
10,6,4074,1,2,30,61,123,0,0,0,0,0,0,0,0
10,5,3048,1,0,117,235,470,0,0,0,0,0,0,0,0
0,0,0,0,0,0,0,0,0,0,0,0,0,0,0,0
7,5,1002,1,8,147,294,589,0,0,0,0,0,0,0,0
6,4,2611,0,7,60,120,241,0,0,0,0,0,0,0,0
0,0,0,0,0,0,0,0,0,0,0,0,0,0,0,0
0,0,0,0,0,0,0,0,0,0,0,0,0,0,0,0
4,5,367,0,10,40,81,163,0,0,0,0,0,0,0,0
0,0,0,0,0,0,0,0,0,0,0,0,0,0,0,0
0,0,0,0,0,0,0,0,0,0,0,0,0,0,0,0
0,0,0,0,0,0,0,0,0,0,0,0,0,0,0,0
10,4,4044,0,0,73,146,293,0,0,0,0,0,0,0,0
10,6,3007,0,1,86,172,344,0,0,0,0,0,0,0,0
0,0,0,0,0,0,0,0,0,0,0,0,0,0,0,0
9,5,3285,1,3,27,54,108,0,0,0,0,0,0,0,0
4,5,1359,0,9,54,109,219,0,0,0,0,0,0,0,0
3,5,3668,1,15,138,276,553,0,0,0,0,0,0,0,0
10,6,2751,0,2,27,54,108,0,0,0,0,0,0,0,0
0,0,0,0,0,0,0,0,0,0,0,0,0,0,0,0
10,5,4092,0,0,153,306,613,0,0,0,0,0,0,0,0
10,6,4095,1,0,3,6,13,0,0,0,0,0,0,0,0
2,5,1964,0,15,52,105,211,0,0,0,0,0,0,0,0
10,5,4066,1,1,117,235,471,0,0,0,0,0,0,0,0
0,0,0,0,0,0,0,0,0,0,0,0,0,0,0,0
0,0,0,0,0,0,0,0,0,0,0,0,0,0,0,0
0,0,0,0,0,0,0,0,0,0,0,0,0,0,0,0
9,5,2603,1,4,9,18,37,0,0,0,0,0,0,0,0
10,4,255,0,0,48,96,193,0,0,0,0,0,0,0,0
10,6,4095,1,0,117,234,469,0,0,0,0,0,0,0,0
0,0,0,0,0,0,0,0,0,0,0,0,0,0,0,0
7,6,3754,1,7,149,298,596,0,0,0,0,0,0,0,0
10,5,3327,1,0,72,144,289,0,0,0,0,0,0,0,0
0,0,0,0,0,0,0,0,0,0,0,0,0,0,0,0
0,0,0,0,0,0,0,0,0,0,0,0,0,0,0,0
0,0,0,0,0,0,0,0,0,0,0,0,0,0,0,0
0,0,0,0,0,0,0,0,0,0,0,0,0,0,0,0
10,4,3324,1,0,73,146,293,0,0,0,0,0,0,0,0
10,6,3007,0,1,86,172,344,0,0,0,0,0,0,0,0
0,0,0,0,0,0,0,0,0,0,0,0,0,0,0,0
0,0,0,0,0,0,0,0,0,0,0,0,0,0,0,0
10,4,3279,1,0,124,248,497,0,0,0,0,0,0,0,0
0,0,0,0,0,0,0,0,0,0,0,0,0,0,0,0
0,0,0,0,0,0,0,0,0,0,0,0,0,0,0,0
7,5,1002,1,8,31,62,125,0,0,0,0,0,0,0,0
0,0,0,0,0,0,0,0,0,0,0,0,0,0,0,0
0,0,0,0,0,0,0,0,0,0,0,0,0,0,0,0
0,0,0,0,0,0,0,0,0,0,0,0,0,0,0,0
7,4,234,1,8,72,144,289,0,0,0,0,0,0,0,0
10,6,1451,0,2,39,78,157,0,0,0,0,0,0,0,0
0,0,0,0,0,0,0,0,0,0,0,0,0,0,0,0
0,0,0,0,0,0,0,0,0,0,0,0,0,0,0,0
10,5,2607,0,1,77,155,311,0,0,0,0,0,0,0,0
10,5,4042,1,1,96,193,387,0,0,0,0,0,0,0,0
10,6,4095,1,0,145,290,581,0,0,0,0,0,0,0,0
3,6,2734,1,13,46,93,186,0,0,0,0,0,0,0,0
2,5,1708,0,15,117,235,471,0,0,0,0,0,0,0,0
10,5,4047,0,0,1,2,5,0,0,0,0,0,0,0,0
10,4,4040,1,2,29,59,119,0,0,0,0,0,0,0,0
2,5,679,0,14,104,208,416,0,0,0,0,0,0,0,0
10,6,4074,1,2,107,215,431,0,0,0,0,0,0,0,0
0,0,0,0,0,0,0,0,0,0,0,0,0,0,0,0
10,6,4095,1,0,139,278,557,0,0,0,0,0,0,0,0
10,5,3816,1,1,34,69,138,0,0,0,0,0,0,0,0
0,0,0,0,0,0,0,0,0,0,0,0,0,0,0,0
10,4,814,1,1,67,135,271,0,0,0,0,0,0,0,0
10,6,3071,0,1,107,214,429,0,0,0,0,0,0,0,0
10,5,634,0,0,18,36,73,0,0,0,0,0,0,0,0
10,5,2703,0,1,151,303,607,0,0,0,0,0,0,0,0
0,0,0,0,0,0,0,0,0,0,0,0,0,0,0,0
0,0,0,0,0,0,0,0,0,0,0,0,0,0,0,0
0,0,0,0,0,0,0,0,0,0,0,0,0,0,0,0
10,6,4095,1,0,51,102,205,0,0,0,0,0,0,0,0
0,0,0,0,0,0,0,0,0,0,0,0,0,0,0,0
0,0,0,0,0,0,0,0,0,0,0,0,0,0,0,0
0,0,0,0,0,0,0,0,0,0,0,0,0,0,0,0
0,0,0,0,0,0,0,0,0,0,0,0,0,0,0,0
0,0,0,0,0,0,0,0,0,0,0,0,0,0,0,0
0,0,0,0,0,0,0,0,0,0,0,0,0,0,0,0
10,5,959,0,0,150,300,600,0,0,0,0,0,0,0,0
10,4,3024,1,2,112,224,448,0,0,0,0,0,0,0,0
0,0,0,0,0,0,0,0,0,0,0,0,0,0,0,0
6,5,381,0,7,36,73,146,3,4,229,1,15,41,83,166
10,6,4095,1,0,146,292,585,0,0,0,0,0,0,0,0
0,0,0,0,0,0,0,0,0,0,0,0,0,0,0,0
9,4,3205,1,3,150,301,603,0,0,0,0,0,0,0,0
0,0,0,0,0,0,0,0,0,0,0,0,0,0,0,0
8,4,1456,0,5,44,88,176,0,0,0,0,0,0,0,0
10,6,4095,1,0,52,104,209,0,0,0,0,0,0,0,0
9,5,3881,1,3,149,298,597,0,0,0,0,0,0,0,0
8,6,1387,0,3,127,254,508,0,0,0,0,0,0,0,0
10,4,3020,0,1,110,220,441,0,0,0,0,0,0,0,0
8,5,1443,0,3,68,137,274,0,0,0,0,0,0,0,0
0,0,0,0,0,0,0,0,0,0,0,0,0,0,0,0
0,0,0,0,0,0,0,0,0,0,0,0,0,0,0,0
0,0,0,0,0,0,0,0,0,0,0,0,0,0,0,0
8,5,4092,0,5,24,49,99,0,0,0,0,0,0,0,0
0,0,0,0,0,0,0,0,0,0,0,0,0,0,0,0
0,0,0,0,0,0,0,0,0,0,0,0,0,0,0,0
9,5,2283,1,5,24,48,97,0,0,0,0,0,0,0,0
8,6,1455,0,3,53,107,214,0,0,0,0,0,0,0,0
10,6,3498,1,0,80,160,321,0,0,0,0,0,0,0,0
5,4,3713,1,9,98,196,393,0,0,0,0,0,0,0,0
10,5,1003,1,0,106,212,424,0,0,0,0,0,0,0,0
10,5,3064,0,0,76,152,304,0,0,0,0,0,0,0,0
10,4,970,1,2,117,235,471,0,0,0,0,0,0,0,0
0,0,0,0,0,0,0,0,0,0,0,0,0,0,0,0
10,4,484,1,0,118,236,472,0,0,0,0,0,0,0,0
0,0,0,0,0,0,0,0,0,0,0,0,0,0,0,0
10,4,3875,1,0,19,38,76,0,0,0,0,0,0,0,0
0,0,0,0,0,0,0,0,0,0,0,0,0,0,0,0
7,5,746,1,6,147,294,588,0,0,0,0,0,0,0,0
10,6,4095,1,0,118,236,473,0,0,0,0,0,0,0,0
10,5,1002,1,2,36,73,147,0,0,0,0,0,0,0,0
10,6,2735,0,1,51,103,207,0,0,0,0,0,0,0,0
0,0,0,0,0,0,0,0,0,0,0,0,0,0,0,0
10,5,3836,0,0,97,194,389,0,0,0,0,0,0,0,0
0,0,0,0,0,0,0,0,0,0,0,0,0,0,0,0
0,0,0,0,0,0,0,0,0,0,0,0,0,0,0,0
10,6,3071,0,1,152,304,609,0,0,0,0,0,0,0,0
10,6,4095,1,0,2,4,9,0,0,0,0,0,0,0,0
10,6,2815,0,1,54,108,216,0,0,0,0,0,0,0,0
10,5,2623,0,1,145,290,580,0,0,0,0,0,0,0,0
0,0,0,0,0,0,0,0,0,0,0,0,0,0,0,0
0,0,0,0,0,0,0,0,0,0,0,0,0,0,0,0
9,5,3732,1,4,88,177,354,0,0,0,0,0,0,0,0
0,0,0,0,0,0,0,0,0,0,0,0,0,0,0,0
10,6,2734,0,0,95,191,382,0,0,0,0,0,0,0,0
0,0,0,0,0,0,0,0,0,0,0,0,0,0,0,0
3,5,3732,1,15,130,261,522,0,0,0,0,0,0,0,0
10,4,655,0,2,57,115,231,0,0,0,0,0,0,0,0
0,0,0,0,0,0,0,0,0,0,0,0,0,0,0,0
8,6,4026,0,4,65,130,260,0,0,0,0,0,0,0,0
10,4,831,1,0,98,196,393,0,0,0,0,0,0,0,0
0,0,0,0,0,0,0,0,0,0,0,0,0,0,0,0
6,5,2239,0,7,119,238,477,0,0,0,0,0,0,0,0
10,5,4042,1,1,59,119,239,0,0,0,0,0,0,0,0
0,0,0,0,0,0,0,0,0,0,0,0,0,0,0,0
0,0,0,0,0,0,0,0,0,0,0,0,0,0,0,0
10,6,3071,0,1,57,114,229,0,0,0,0,0,0,0,0
10,5,4024,1,1,67,135,271,0,0,0,0,0,0,0,0
10,5,3642,1,1,144,289,578,0,0,0,0,0,0,0,0
6,6,2751,0,8,29,58,117,0,0,0,0,0,0,0,0
10,4,3315,0,0,156,312,625,0,0,0,0,0,0,0,0
10,6,4095,1,0,5,10,21,0,0,0,0,0,0,0,0
10,6,4095,1,0,46,92,185,0,0,0,0,0,0,0,0
0,0,0,0,0,0,0,0,0,0,0,0,0,0,0,0
10,4,3210,1,1,107,215,430,0,0,0,0,0,0,0,0
0,0,0,0,0,0,0,0,0,0,0,0,0,0,0,0
0,0,0,0,0,0,0,0,0,0,0,0,0,0,0,0
10,4,3874,1,1,134,269,538,0,0,0,0,0,0,0,0
0,0,0,0,0,0,0,0,0,0,0,0,0,0,0,0
10,4,3324,1,0,141,282,565,0,0,0,0,0,0,0,0
0,0,0,0,0,0,0,0,0,0,0,0,0,0,0,0
10,5,1023,1,0,62,124,249,0,0,0,0,0,0,0,0
10,4,2876,0,1,149,298,597,0,0,0,0,0,0,0,0
10,5,2984,1,0,117,234,469,0,0,0,0,0,0,0,0
10,4,3324,1,0,36,72,145,0,0,0,0,0,0,0,0
7,5,2388,1,7,146,293,587,0,0,0,0,0,0,0,0
10,6,2731,0,1,84,169,338,0,0,0,0,0,0,0,0
4,5,367,0,10,40,81,163,0,0,0,0,0,0,0,0
0,0,0,0,0,0,0,0,0,0,0,0,0,0,0,0
0,0,0,0,0,0,0,0,0,0,0,0,0,0,0,0
0,0,0,0,0,0,0,0,0,0,0,0,0,0,0,0
0,0,0,0,0,0,0,0,0,0,0,0,0,0,0,0
6,5,2476,0,8,43,86,172,0,0,0,0,0,0,0,0
3,5,937,1,15,126,253,506,0,0,0,0,0,0,0,0
10,6,4095,1,0,107,214,429,0,0,0,0,0,0,0,0
0,0,0,0,0,0,0,0,0,0,0,0,0,0,0,0
9,6,3070,1,5,134,269,538,0,0,0,0,0,0,0,0
0,0,0,0,0,0,0,0,0,0,0,0,0,0,0,0
10,4,1020,1,0,5,10,21,0,0,0,0,0,0,0,0
9,5,1001,1,4,121,243,486,0,0,0,0,0,0,0,0
0,0,0,0,0,0,0,0,0,0,0,0,0,0,0,0
0,0,0,0,0,0,0,0,0,0,0,0,0,0,0,0
10,4,1547,0,2,107,215,430,0,0,0,0,0,0,0,0
3,4,973,1,15,19,38,76,0,0,0,0,0,0,0,0
7,4,3808,1,7,117,234,469,0,0,0,0,0,0,0,0
0,0,0,0,0,0,0,0,0,0,0,0,0,0,0,0
0,0,0,0,0,0,0,0,0,0,0,0,0,0,0,0
0,0,0,0,0,0,0,0,0,0,0,0,0,0,0,0
0,0,0,0,0,0,0,0,0,0,0,0,0,0,0,0
9,5,3732,1,4,84,169,338,0,0,0,0,0,0,0,0
10,5,4072,1,2,5,11,22,0,0,0,0,0,0,0,0
0,0,0,0,0,0,0,0,0,0,0,0,0,0,0,0
9,4,4044,1,5,42,85,171,0,0,0,0,0,0,0,0
6,5,2767,0,7,60,121,242,0,0,0,0,0,0,0,0
4,6,4070,0,10,100,200,401,0,0,0,0,0,0,0,0
0,0,0,0,0,0,0,0,0,0,0,0,0,0,0,0
0,0,0,0,0,0,0,0,0,0,0,0,0,0,0,0
0,0,0,0,0,0,0,0,0,0,0,0,0,0,0,0
0,0,0,0,0,0,0,0,0,0,0,0,0,0,0,0
10,4,126,0,2,88,176,353,0,0,0,0,0,0,0,0
0,0,0,0,0,0,0,0,0,0,0,0,0,0,0,0
10,6,4095,1,0,133,266,533,0,0,0,0,0,0,0,0
0,0,0,0,0,0,0,0,0,0,0,0,0,0,0,0
10,4,3210,1,1,107,215,430,0,0,0,0,0,0,0,0
0,0,0,0,0,0,0,0,0,0,0,0,0,0,0,0
0,0,0,0,0,0,0,0,0,0,0,0,0,0,0,0
0,0,0,0,0,0,0,0,0,0,0,0,0,0,0,0
0,0,0,0,0,0,0,0,0,0,0,0,0,0,0,0
0,0,0,0,0,0,0,0,0,0,0,0,0,0,0,0
0,0,0,0,0,0,0,0,0,0,0,0,0,0,0,0
10,6,3071,0,1,117,234,469,0,0,0,0,0,0,0,0
0,0,0,0,0,0,0,0,0,0,0,0,0,0,0,0
0,0,0,0,0,0,0,0,0,0,0,0,0,0,0,0
0,0,0,0,0,0,0,0,0,0,0,0,0,0,0,0
0,0,0,0,0,0,0,0,0,0,0,0,0,0,0,0
9,5,1001,1,4,9,19,38,0,0,0,0,0,0,0,0
10,4,2691,0,1,48,97,195,0,0,0,0,0,0,0,0
10,6,3817,1,2,34,68,137,0,0,0,0,0,0,0,0
0,0,0,0,0,0,0,0,0,0,0,0,0,0,0,0
10,5,3903,0,0,139,278,557,0,0,0,0,0,0,0,0
9,6,4005,1,3,92,184,368,0,0,0,0,0,0,0,0
10,5,2297,1,1,92,185,370,0,0,0,0,0,0,0,0
8,5,1468,0,4,137,274,548,0,0,0,0,0,0,0,0
0,0,0,0,0,0,0,0,0,0,0,0,0,0,0,0
10,5,1023,1,0,41,82,165,0,0,0,0,0,0,0,0
6,5,2732,0,7,105,210,420,0,0,0,0,0,0,0,0
10,6,4095,1,0,145,290,581,0,0,0,0,0,0,0,0
0,0,0,0,0,0,0,0,0,0,0,0,0,0,0,0
0,0,0,0,0,0,0,0,0,0,0,0,0,0,0,0
10,6,4095,1,0,95,190,381,0,0,0,0,0,0,0,0
0,0,0,0,0,0,0,0,0,0,0,0,0,0,0,0
10,6,2735,0,1,12,25,51,0,0,0,0,0,0,0,0
0,0,0,0,0,0,0,0,0,0,0,0,0,0,0,0
8,5,1452,0,4,106,213,426,0,0,0,0,0,0,0,0
5,6,3733,1,9,17,34,69,0,0,0,0,0,0,0,0
0,0,0,0,0,0,0,0,0,0,0,0,0,0,0,0
10,4,764,0,2,4,8,17,0,0,0,0,0,0,0,0
0,0,0,0,0,0,0,0,0,0,0,0,0,0,0,0
0,0,0,0,0,0,0,0,0,0,0,0,0,0,0,0
10,5,4028,1,0,68,136,272,0,0,0,0,0,0,0,0
0,0,0,0,0,0,0,0,0,0,0,0,0,0,0,0
8,5,1788,0,4,24,48,97,0,0,0,0,0,0,0,0
0,0,0,0,0,0,0,0,0,0,0,0,0,0,0,0
0,0,0,0,0,0,0,0,0,0,0,0,0,0,0,0
10,4,2867,0,1,88,176,353,0,0,0,0,0,0,0,0
9,5,2603,1,4,24,48,97,0,0,0,0,0,0,0,0
10,5,510,0,1,79,159,319,0,0,0,0,0,0,0,0
0,0,0,0,0,0,0,0,0,0,0,0,0,0,0,0
10,5,939,0,0,105,211,423,0,0,0,0,0,0,0,0
0,0,0,0,0,0,0,0,0,0,0,0,0,0,0,0
0,0,0,0,0,0,0,0,0,0,0,0,0,0,0,0
10,6,4095,1,0,55,110,221,0,0,0,0,0,0,0,0
10,6,1466,0,2,28,56,113,0,0,0,0,0,0,0,0
0,0,0,0,0,0,0,0,0,0,0,0,0,0,0,0
0,0,0,0,0,0,0,0,0,0,0,0,0,0,0,0
8,5,3898,0,4,133,266,532,0,0,0,0,0,0,0,0
0,0,0,0,0,0,0,0,0,0,0,0,0,0,0,0
0,0,0,0,0,0,0,0,0,0,0,0,0,0,0,0
10,4,3279,1,0,35,70,141,0,0,0,0,0,0,0,0
0,0,0,0,0,0,0,0,0,0,0,0,0,0,0,0
0,0,0,0,0,0,0,0,0,0,0,0,0,0,0,0
0,0,0,0,0,0,0,0,0,0,0,0,0,0,0,0
0,0,0,0,0,0,0,0,0,0,0,0,0,0,0,0
0,0,0,0,0,0,0,0,0,0,0,0,0,0,0,0
0,0,0,0,0,0,0,0,0,0,0,0,0,0,0,0
0,0,0,0,0,0,0,0,0,0,0,0,0,0,0,0
0,0,0,0,0,0,0,0,0,0,0,0,0,0,0,0
0,0,0,0,0,0,0,0,0,0,0,0,0,0,0,0
10,4,1020,1,0,10,20,41,0,0,0,0,0,0,0,0
7,6,4075,1,6,20,41,82,0,0,0,0,0,0,0,0
0,0,0,0,0,0,0,0,0,0,0,0,0,0,0,0
10,4,3206,1,2,151,302,605,0,0,0,0,0,0,0,0
10,6,3839,0,0,93,186,373,0,0,0,0,0,0,0,0
8,5,3258,0,4,44,88,176,0,0,0,0,0,0,0,0
10,4,3135,1,0,52,104,209,0,0,0,0,0,0,0,0
8,6,1387,0,3,127,254,508,0,0,0,0,0,0,0,0
0,0,0,0,0,0,0,0,0,0,0,0,0,0,0,0
0,0,0,0,0,0,0,0,0,0,0,0,0,0,0,0
0,0,0,0,0,0,0,0,0,0,0,0,0,0,0,0
8,5,1199,0,3,57,115,230,0,0,0,0,0,0,0,0
10,6,4095,1,0,28,56,113,0,0,0,0,0,0,0,0
0,0,0,0,0,0,0,0,0,0,0,0,0,0,0,0
0,0,0,0,0,0,0,0,0,0,0,0,0,0,0,0
0,0,0,0,0,0,0,0,0,0,0,0,0,0,0,0
10,4,719,0,1,43,86,172,0,0,0,0,0,0,0,0
0,0,0,0,0,0,0,0,0,0,0,0,0,0,0,0
10,6,4095,1,0,77,154,309,0,0,0,0,0,0,0,0
0,0,0,0,0,0,0,0,0,0,0,0,0,0,0,0
6,6,1390,0,8,46,93,186,0,0,0,0,0,0,0,0
10,5,4076,1,0,121,242,484,0,0,0,0,0,0,0,0
6,4,2110,0,6,59,118,236,0,0,0,0,0,0,0,0
0,0,0,0,0,0,0,0,0,0,0,0,0,0,0,0
0,0,0,0,0,0,0,0,0,0,0,0,0,0,0,0
0,0,0,0,0,0,0,0,0,0,0,0,0,0,0,0
0,0,0,0,0,0,0,0,0,0,0,0,0,0,0,0
8,5,1443,0,3,18,37,74,9,4,2000,1,5,36,72,144
10,5,3745,1,2,37,74,148,0,0,0,0,0,0,0,0
0,0,0,0,0,0,0,0,0,0,0,0,0,0,0,0
10,6,2735,0,1,51,103,207,0,0,0,0,0,0,0,0
9,5,3732,1,4,88,177,354,0,0,0,0,0,0,0,0
10,5,4092,0,0,146,292,585,0,0,0,0,0,0,0,0
3,5,3732,1,15,130,261,522,0,0,0,0,0,0,0,0
10,4,2755,0,1,52,104,208,0,0,0,0,0,0,0,0
0,0,0,0,0,0,0,0,0,0,0,0,0,0,0,0
0,0,0,0,0,0,0,0,0,0,0,0,0,0,0,0
0,0,0,0,0,0,0,0,0,0,0,0,0,0,0,0
0,0,0,0,0,0,0,0,0,0,0,0,0,0,0,0
0,0,0,0,0,0,0,0,0,0,0,0,0,0,0,0
10,5,2239,0,1,68,136,272,0,0,0,0,0,0,0,0
0,0,0,0,0,0,0,0,0,0,0,0,0,0,0,0
0,0,0,0,0,0,0,0,0,0,0,0,0,0,0,0
10,5,4083,0,0,134,268,537,0,0,0,0,0,0,0,0
0,0,0,0,0,0,0,0,0,0,0,0,0,0,0,0
10,6,4095,1,0,24,48,97,0,0,0,0,0,0,0,0
10,5,2702,0,0,19,39,78,0,0,0,0,0,0,0,0
10,5,2748,0,2,43,86,172,0,0,0,0,0,0,0,0
0,0,0,0,0,0,0,0,0,0,0,0,0,0,0,0
10,4,3850,1,1,58,117,235,0,0,0,0,0,0,0,0
10,4,3113,1,2,41,82,165,0,0,0,0,0,0,0,0
0,0,0,0,0,0,0,0,0,0,0,0,0,0,0,0
0,0,0,0,0,0,0,0,0,0,0,0,0,0,0,0
5,5,3732,1,9,25,50,101,0,0,0,0,0,0,0,0
10,5,4047,0,0,84,168,337,0,0,0,0,0,0,0,0
6,6,2751,0,8,119,238,477,0,0,0,0,0,0,0,0
10,6,4074,1,2,112,225,451,0,0,0,0,0,0,0,0
0,0,0,0,0,0,0,0,0,0,0,0,0,0,0,0
3,5,937,1,15,126,253,506,0,0,0,0,0,0,0,0
10,5,2606,0,0,57,115,230,0,0,0,0,0,0,0,0
0,0,0,0,0,0,0,0,0,0,0,0,0,0,0,0
0,0,0,0,0,0,0,0,0,0,0,0,0,0,0,0
10,5,2699,0,1,152,305,610,0,0,0,0,0,0,0,0
10,6,2746,0,0,2,5,10,0,0,0,0,0,0,0,0
10,6,3839,0,0,54,108,217,0,0,0,0,0,0,0,0
10,5,2796,0,1,145,290,580,0,0,0,0,0,0,0,0
0,0,0,0,0,0,0,0,0,0,0,0,0,0,0,0
10,4,755,0,1,61,122,244,0,0,0,0,0,0,0,0
0,0,0,0,0,0,0,0,0,0,0,0,0,0,0,0
10,5,3756,0,0,35,71,143,0,0,0,0,0,0,0,0
7,4,3891,1,6,108,216,432,0,0,0,0,0,0,0,0
0,0,0,0,0,0,0,0,0,0,0,0,0,0,0,0
8,5,3258,0,4,130,260,520,0,0,0,0,0,0,0,0
0,0,0,0,0,0,0,0,0,0,0,0,0,0,0,0
0,0,0,0,0,0,0,0,0,0,0,0,0,0,0,0
0,0,0,0,0,0,0,0,0,0,0,0,0,0,0,0
0,0,0,0,0,0,0,0,0,0,0,0,0,0,0,0
0,0,0,0,0,0,0,0,0,0,0,0,0,0,0,0
8,4,127,0,4,88,177,354,0,0,0,0,0,0,0,0
0,0,0,0,0,0,0,0,0,0,0,0,0,0,0,0
10,6,2747,0,1,152,305,611,6,6,2750,0,6,43,86,172
0,0,0,0,0,0,0,0,0,0,0,0,0,0,0,0
8,5,1379,0,3,87,174,349,0,0,0,0,0,0,0,0
0,0,0,0,0,0,0,0,0,0,0,0,0,0,0,0
0,0,0,0,0,0,0,0,0,0,0,0,0,0,0,0
0,0,0,0,0,0,0,0,0,0,0,0,0,0,0,0
0,0,0,0,0,0,0,0,0,0,0,0,0,0,0,0
0,0,0,0,0,0,0,0,0,0,0,0,0,0,0,0
0,0,0,0,0,0,0,0,0,0,0,0,0,0,0,0
0,0,0,0,0,0,0,0,0,0,0,0,0,0,0,0
3,6,2734,1,13,23,47,94,0,0,0,0,0,0,0,0
10,4,971,1,0,80,160,320,0,0,0,0,0,0,0,0
0,0,0,0,0,0,0,0,0,0,0,0,0,0,0,0
10,6,4091,1,0,81,162,324,0,0,0,0,0,0,0,0
0,0,0,0,0,0,0,0,0,0,0,0,0,0,0,0
0,0,0,0,0,0,0,0,0,0,0,0,0,0,0,0
10,6,4095,1,0,106,212,425,0,0,0,0,0,0,0,0
0,0,0,0,0,0,0,0,0,0,0,0,0,0,0,0
8,4,1676,0,3,87,175,351,0,0,0,0,0,0,0,0
10,6,4095,1,0,104,208,417,0,0,0,0,0,0,0,0
10,5,4002,1,1,143,287,574,0,0,0,0,0,0,0,0
3,6,3754,1,14,76,153,306,0,0,0,0,0,0,0,0
0,0,0,0,0,0,0,0,0,0,0,0,0,0,0,0
0,0,0,0,0,0,0,0,0,0,0,0,0,0,0,0
0,0,0,0,0,0,0,0,0,0,0,0,0,0,0,0
10,6,4095,1,0,61,122,245,0,0,0,0,0,0,0,0
0,0,0,0,0,0,0,0,0,0,0,0,0,0,0,0
10,6,4095,1,0,107,214,429,0,0,0,0,0,0,0,0
0,0,0,0,0,0,0,0,0,0,0,0,0,0,0,0
10,5,2699,0,1,152,305,610,0,0,0,0,0,0,0,0
8,4,348,0,4,4,8,16,0,0,0,0,0,0,0,0
9,6,3070,1,5,134,269,538,0,0,0,0,0,0,0,0
0,0,0,0,0,0,0,0,0,0,0,0,0,0,0,0
10,4,1020,1,0,5,10,21,0,0,0,0,0,0,0,0
0,0,0,0,0,0,0,0,0,0,0,0,0,0,0,0
9,5,937,1,3,121,242,485,0,0,0,0,0,0,0,0
0,0,0,0,0,0,0,0,0,0,0,0,0,0,0,0
0,0,0,0,0,0,0,0,0,0,0,0,0,0,0,0
0,0,0,0,0,0,0,0,0,0,0,0,0,0,0,0
10,6,4094,1,1,115,230,460,0,0,0,0,0,0,0,0
10,6,4090,1,1,0,1,3,0,0,0,0,0,0,0,0
10,6,4095,1,0,150,300,601,0,0,0,0,0,0,0,0
0,0,0,0,0,0,0,0,0,0,0,0,0,0,0,0
0,0,0,0,0,0,0,0,0,0,0,0,0,0,0,0
0,0,0,0,0,0,0,0,0,0,0,0,0,0,0,0
3,4,3618,1,14,62,125,250,0,0,0,0,0,0,0,0
5,5,3861,1,9,137,275,550,0,0,0,0,0,0,0,0
0,0,0,0,0,0,0,0,0,0,0,0,0,0,0,0
0,0,0,0,0,0,0,0,0,0,0,0,0,0,0,0
0,0,0,0,0,0,0,0,0,0,0,0,0,0,0,0
0,0,0,0,0,0,0,0,0,0,0,0,0,0,0,0
0,0,0,0,0,0,0,0,0,0,0,0,0,0,0,0
10,5,1023,1,0,41,82,165,0,0,0,0,0,0,0,0
6,6,2682,0,6,104,209,419,0,0,0,0,0,0,0,0
0,0,0,0,0,0,0,0,0,0,0,0,0,0,0,0
0,0,0,0,0,0,0,0,0,0,0,0,0,0,0,0
0,0,0,0,0,0,0,0,0,0,0,0,0,0,0,0
0,0,0,0,0,0,0,0,0,0,0,0,0,0,0,0
9,5,2763,1,5,31,62,125,0,0,0,0,0,0,0,0
10,5,2723,0,1,88,177,354,0,0,0,0,0,0,0,0
10,6,1711,0,2,19,39,78,0,0,0,0,0,0,0,0
0,0,0,0,0,0,0,0,0,0,0,0,0,0,0,0
0,0,0,0,0,0,0,0,0,0,0,0,0,0,0,0
0,0,0,0,0,0,0,0,0,0,0,0,0,0,0,0
0,0,0,0,0,0,0,0,0,0,0,0,0,0,0,0
0,0,0,0,0,0,0,0,0,0,0,0,0,0,0,0
10,6,4095,1,0,2,4,9,0,0,0,0,0,0,0,0
10,6,3003,0,0,152,305,611,0,0,0,0,0,0,0,0
10,5,3241,1,2,97,194,389,0,0,0,0,0,0,0,0
0,0,0,0,0,0,0,0,0,0,0,0,0,0,0,0
4,6,1387,0,9,108,217,434,0,0,0,0,0,0,0,0
0,0,0,0,0,0,0,0,0,0,0,0,0,0,0,0
0,0,0,0,0,0,0,0,0,0,0,0,0,0,0,0
0,0,0,0,0,0,0,0,0,0,0,0,0,0,0,0
0,0,0,0,0,0,0,0,0,0,0,0,0,0,0,0
0,0,0,0,0,0,0,0,0,0,0,0,0,0,0,0
10,6,4094,1,1,124,248,496,0,0,0,0,0,0,0,0
10,5,955,1,0,85,170,340,0,0,0,0,0,0,0,0
0,0,0,0,0,0,0,0,0,0,0,0,0,0,0,0
0,0,0,0,0,0,0,0,0,0,0,0,0,0,0,0
0,0,0,0,0,0,0,0,0,0,0,0,0,0,0,0
10,6,4095,1,0,71,142,285,0,0,0,0,0,0,0,0
0,0,0,0,0,0,0,0,0,0,0,0,0,0,0,0
0,0,0,0,0,0,0,0,0,0,0,0,0,0,0,0
10,6,4095,1,0,14,28,57,0,0,0,0,0,0,0,0
0,0,0,0,0,0,0,0,0,0,0,0,0,0,0,0
3,4,969,1,15,92,185,371,0,0,0,0,0,0,0,0
9,4,3011,1,5,77,155,310,0,0,0,0,0,0,0,0
10,6,3754,1,1,151,302,605,0,0,0,0,0,0,0,0
10,5,4024,1,1,0,1,3,0,0,0,0,0,0,0,0
0,0,0,0,0,0,0,0,0,0,0,0,0,0,0,0
0,0,0,0,0,0,0,0,0,0,0,0,0,0,0,0
6,5,2618,0,6,103,207,415,0,0,0,0,0,0,0,0
0,0,0,0,0,0,0,0,0,0,0,0,0,0,0,0
10,4,3900,0,0,80,160,321,0,0,0,0,0,0,0,0
10,6,4095,1,0,128,256,513,0,0,0,0,0,0,0,0
0,0,0,0,0,0,0,0,0,0,0,0,0,0,0,0
0,0,0,0,0,0,0,0,0,0,0,0,0,0,0,0
10,6,2986,1,0,119,238,477,0,0,0,0,0,0,0,0
10,4,255,0,0,157,314,629,0,0,0,0,0,0,0,0
0,0,0,0,0,0,0,0,0,0,0,0,0,0,0,0
0,0,0,0,0,0,0,0,0,0,0,0,0,0,0,0
0,0,0,0,0,0,0,0,0,0,0,0,0,0,0,0
0,0,0,0,0,0,0,0,0,0,0,0,0,0,0,0
0,0,0,0,0,0,0,0,0,0,0,0,0,0,0,0
0,0,0,0,0,0,0,0,0,0,0,0,0,0,0,0
0,0,0,0,0,0,0,0,0,0,0,0,0,0,0,0
10,5,2803,0,1,28,56,112,0,0,0,0,0,0,0,0
0,0,0,0,0,0,0,0,0,0,0,0,0,0,0,0
10,4,3779,0,0,43,86,172,0,0,0,0,0,0,0,0
0,0,0,0,0,0,0,0,0,0,0,0,0,0,0,0
0,0,0,0,0,0,0,0,0,0,0,0,0,0,0,0
0,0,0,0,0,0,0,0,0,0,0,0,0,0,0,0
0,0,0,0,0,0,0,0,0,0,0,0,0,0,0,0
0,0,0,0,0,0,0,0,0,0,0,0,0,0,0,0
6,5,2748,0,8,46,92,185,0,0,0,0,0,0,0,0
7,6,4079,1,6,21,43,87,0,0,0,0,0,0,0,0
0,0,0,0,0,0,0,0,0,0,0,0,0,0,0,0
0,0,0,0,0,0,0,0,0,0,0,0,0,0,0,0
7,5,730,1,6,66,133,267,0,0,0,0,0,0,0,0
10,6,4094,1,1,52,104,208,0,0,0,0,0,0,0,0
0,0,0,0,0,0,0,0,0,0,0,0,0,0,0,0
10,4,831,1,0,24,48,97,0,0,0,0,0,0,0,0
8,6,1387,0,3,80,160,320,0,0,0,0,0,0,0,0
0,0,0,0,0,0,0,0,0,0,0,0,0,0,0,0
0,0,0,0,0,0,0,0,0,0,0,0,0,0,0,0
10,6,4095,1,0,61,122,245,0,0,0,0,0,0,0,0
0,0,0,0,0,0,0,0,0,0,0,0,0,0,0,0
10,6,3754,1,1,15,30,61,0,0,0,0,0,0,0,0
10,6,4095,1,0,119,238,477,0,0,0,0,0,0,0,0
10,5,2606,0,0,95,191,382,0,0,0,0,0,0,0,0
0,0,0,0,0,0,0,0,0,0,0,0,0,0,0,0
0,0,0,0,0,0,0,0,0,0,0,0,0,0,0,0
3,6,3775,1,12,9,18,36,0,0,0,0,0,0,0,0
10,4,2611,0,1,102,204,408,0,0,0,0,0,0,0,0
0,0,0,0,0,0,0,0,0,0,0,0,0,0,0,0
10,5,4082,1,1,93,186,372,0,0,0,0,0,0,0,0
0,0,0,0,0,0,0,0,0,0,0,0,0,0,0,0
0,0,0,0,0,0,0,0,0,0,0,0,0,0,0,0
6,5,2748,0,8,50,100,201,0,0,0,0,0,0,0,0
10,4,760,1,0,45,91,183,0,0,0,0,0,0,0,0
0,0,0,0,0,0,0,0,0,0,0,0,0,0,0,0
0,0,0,0,0,0,0,0,0,0,0,0,0,0,0,0
0,0,0,0,0,0,0,0,0,0,0,0,0,0,0,0
10,4,3880,1,2,50,101,202,0,0,0,0,0,0,0,0
0,0,0,0,0,0,0,0,0,0,0,0,0,0,0,0
10,6,2810,1,0,60,121,242,0,0,0,0,0,0,0,0
10,4,3020,0,1,134,268,537,0,0,0,0,0,0,0,0
10,6,4095,1,0,56,112,225,0,0,0,0,0,0,0,0
6,4,2610,0,6,18,36,72,0,0,0,0,0,0,0,0
0,0,0,0,0,0,0,0,0,0,0,0,0,0,0,0
9,5,3023,1,4,58,117,235,0,0,0,0,0,0,0,0
0,0,0,0,0,0,0,0,0,0,0,0,0,0,0,0
0,0,0,0,0,0,0,0,0,0,0,0,0,0,0,0
0,0,0,0,0,0,0,0,0,0,0,0,0,0,0,0
0,0,0,0,0,0,0,0,0,0,0,0,0,0,0,0
7,5,3044,1,8,61,123,247,0,0,0,0,0,0,0,0
0,0,0,0,0,0,0,0,0,0,0,0,0,0,0,0
0,0,0,0,0,0,0,0,0,0,0,0,0,0,0,0
8,5,1115,0,3,34,68,136,0,0,0,0,0,0,0,0
0,0,0,0,0,0,0,0,0,0,0,0,0,0,0,0
10,4,2764,0,2,107,214,429,0,0,0,0,0,0,0,0
0,0,0,0,0,0,0,0,0,0,0,0,0,0,0,0
10,4,3315,0,0,138,276,553,0,0,0,0,0,0,0,0
0,0,0,0,0,0,0,0,0,0,0,0,0,0,0,0
6,4,700,0,8,99,198,397,0,0,0,0,0,0,0,0
0,0,0,0,0,0,0,0,0,0,0,0,0,0,0,0
0,0,0,0,0,0,0,0,0,0,0,0,0,0,0,0
0,0,0,0,0,0,0,0,0,0,0,0,0,0,0,0
0,0,0,0,0,0,0,0,0,0,0,0,0,0,0,0
0,0,0,0,0,0,0,0,0,0,0,0,0,0,0,0
10,6,4074,1,2,133,267,535,0,0,0,0,0,0,0,0
3,6,3669,1,15,117,235,470,0,0,0,0,0,0,0,0
0,0,0,0,0,0,0,0,0,0,0,0,0,0,0,0
10,5,3903,0,0,113,226,453,0,0,0,0,0,0,0,0
0,0,0,0,0,0,0,0,0,0,0,0,0,0,0,0
0,0,0,0,0,0,0,0,0,0,0,0,0,0,0,0
0,0,0,0,0,0,0,0,0,0,0,0,0,0,0,0
0,0,0,0,0,0,0,0,0,0,0,0,0,0,0,0
7,5,4076,1,6,135,271,543,0,0,0,0,0,0,0,0
0,0,0,0,0,0,0,0,0,0,0,0,0,0,0,0
10,5,2803,0,1,6,12,24,0,0,0,0,0,0,0,0
10,4,3135,1,0,44,88,177,0,0,0,0,0,0,0,0
0,0,0,0,0,0,0,0,0,0,0,0,0,0,0,0
0,0,0,0,0,0,0,0,0,0,0,0,0,0,0,0
10,5,3647,0,0,123,246,493,0,0,0,0,0,0,0,0
0,0,0,0,0,0,0,0,0,0,0,0,0,0,0,0
9,4,929,1,3,38,76,152,0,0,0,0,0,0,0,0
0,0,0,0,0,0,0,0,0,0,0,0,0,0,0,0
7,5,2282,1,6,66,132,264,0,0,0,0,0,0,0,0
3,5,3327,1,13,46,92,185,0,0,0,0,0,0,0,0
10,4,3130,1,1,100,201,403,0,0,0,0,0,0,0,0
0,0,0,0,0,0,0,0,0,0,0,0,0,0,0,0
10,4,3891,0,0,13,26,53,0,0,0,0,0,0,0,0
10,4,684,0,2,108,217,435,0,0,0,0,0,0,0,0
0,0,0,0,0,0,0,0,0,0,0,0,0,0,0,0
10,6,2815,0,1,122,244,488,0,0,0,0,0,0,0,0
0,0,0,0,0,0,0,0,0,0,0,0,0,0,0,0
0,0,0,0,0,0,0,0,0,0,0,0,0,0,0,0
8,5,1715,0,3,112,225,451,0,0,0,0,0,0,0,0
6,4,2575,0,8,24,48,97,0,0,0,0,0,0,0,0
0,0,0,0,0,0,0,0,0,0,0,0,0,0,0,0
8,4,1071,0,3,110,221,442,0,0,0,0,0,0,0,0
0,0,0,0,0,0,0,0,0,0,0,0,0,0,0,0
0,0,0,0,0,0,0,0,0,0,0,0,0,0,0,0
8,4,1011,0,5,36,73,147,0,0,0,0,0,0,0,0
8,4,1676,0,3,9,19,39,0,0,0,0,0,0,0,0
0,0,0,0,0,0,0,0,0,0,0,0,0,0,0,0
2,6,2647,0,14,92,185,371,0,0,0,0,0,0,0,0
3,5,507,1,12,96,193,387,0,0,0,0,0,0,0,0
10,4,2191,0,1,21,43,87,0,0,0,0,0,0,0,0
10,5,2878,0,0,153,306,612,0,0,0,0,0,0,0,0
10,4,4035,1,0,2,4,9,0,0,0,0,0,0,0,0
9,5,937,1,3,64,128,257,0,0,0,0,0,0,0,0
10,6,4095,1,0,74,148,297,0,0,0,0,0,0,0,0
0,0,0,0,0,0,0,0,0,0,0,0,0,0,0,0
0,0,0,0,0,0,0,0,0,0,0,0,0,0,0,0
0,0,0,0,0,0,0,0,0,0,0,0,0,0,0,0
3,4,1020,1,15,113,226,453,0,0,0,0,0,0,0,0
0,0,0,0,0,0,0,0,0,0,0,0,0,0,0,0
10,6,4095,1,0,52,104,209,0,0,0,0,0,0,0,0
0,0,0,0,0,0,0,0,0,0,0,0,0,0,0,0
10,6,4095,1,0,24,48,97,0,0,0,0,0,0,0,0
10,4,3130,1,1,44,89,179,0,0,0,0,0,0,0,0
0,0,0,0,0,0,0,0,0,0,0,0,0,0,0,0
0,0,0,0,0,0,0,0,0,0,0,0,0,0,0,0
0,0,0,0,0,0,0,0,0,0,0,0,0,0,0,0
8,5,1443,0,3,53,107,214,0,0,0,0,0,0,0,0
10,5,2605,1,0,149,298,597,0,0,0,0,0,0,0,0
4,5,3668,0,10,5,10,21,0,0,0,0,0,0,0,0
0,0,0,0,0,0,0,0,0,0,0,0,0,0,0,0
10,6,1723,0,2,30,61,122,0,0,0,0,0,0,0,0
0,0,0,0,0,0,0,0,0,0,0,0,0,0,0,0
0,0,0,0,0,0,0,0,0,0,0,0,0,0,0,0
0,0,0,0,0,0,0,0,0,0,0,0,0,0,0,0
0,0,0,0,0,0,0,0,0,0,0,0,0,0,0,0
8,4,3133,0,4,117,234,468,0,0,0,0,0,0,0,0
9,6,4073,1,3,2,5,10,0,0,0,0,0,0,0,0
6,6,2751,0,8,150,300,601,0,0,0,0,0,0,0,0
0,0,0,0,0,0,0,0,0,0,0,0,0,0,0,0
0,0,0,0,0,0,0,0,0,0,0,0,0,0,0,0
8,5,3902,0,4,7,14,29,0,0,0,0,0,0,0,0
8,4,1420,0,4,151,303,607,0,0,0,0,0,0,0,0
10,4,830,1,1,156,312,624,0,0,0,0,0,0,0,0
0,0,0,0,0,0,0,0,0,0,0,0,0,0,0,0
0,0,0,0,0,0,0,0,0,0,0,0,0,0,0,0
10,6,4095,1,0,13,26,53,0,0,0,0,0,0,0,0
0,0,0,0,0,0,0,0,0,0,0,0,0,0,0,0
0,0,0,0,0,0,0,0,0,0,0,0,0,0,0,0
10,5,1007,1,0,89,178,356,0,0,0,0,0,0,0,0
2,4,1996,0,15,74,148,296,0,0,0,0,0,0,0,0
0,0,0,0,0,0,0,0,0,0,0,0,0,0,0,0
8,5,1023,0,5,2,5,11,0,0,0,0,0,0,0,0
0,0,0,0,0,0,0,0,0,0,0,0,0,0,0,0
3,5,937,1,15,54,109,218,0,0,0,0,0,0,0,0
0,0,0,0,0,0,0,0,0,0,0,0,0,0,0,0
0,0,0,0,0,0,0,0,0,0,0,0,0,0,0,0
10,6,2751,0,2,148,296,592,0,0,0,0,0,0,0,0
0,0,0,0,0,0,0,0,0,0,0,0,0,0,0,0
10,6,4094,1,1,7,14,28,0,0,0,0,0,0,0,0
0,0,0,0,0,0,0,0,0,0,0,0,0,0,0,0
10,4,3240,1,2,14,28,57,0,0,0,0,0,0,0,0
0,0,0,0,0,0,0,0,0,0,0,0,0,0,0,0
10,6,2751,0,2,9,18,36,0,0,0,0,0,0,0,0
10,6,4090,1,1,20,41,83,0,0,0,0,0,0,0,0
10,6,2815,0,1,110,220,440,0,0,0,0,0,0,0,0
9,4,805,1,4,142,284,568,0,0,0,0,0,0,0,0
9,6,3797,1,3,26,53,107,0,0,0,0,0,0,0,0
4,6,1391,0,9,54,109,219,0,0,0,0,0,0,0,0
3,5,1021,1,15,138,276,552,0,0,0,0,0,0,0,0
0,0,0,0,0,0,0,0,0,0,0,0,0,0,0,0
8,6,1727,0,3,26,53,107,0,0,0,0,0,0,0,0
0,0,0,0,0,0,0,0,0,0,0,0,0,0,0,0
10,5,4008,1,2,40,80,161,0,0,0,0,0,0,0,0
0,0,0,0,0,0,0,0,0,0,0,0,0,0,0,0
0,0,0,0,0,0,0,0,0,0,0,0,0,0,0,0
10,6,3818,1,1,60,121,242,0,0,0,0,0,0,0,0
0,0,0,0,0,0,0,0,0,0,0,0,0,0,0,0
0,0,0,0,0,0,0,0,0,0,0,0,0,0,0,0
0,0,0,0,0,0,0,0,0,0,0,0,0,0,0,0
0,0,0,0,0,0,0,0,0,0,0,0,0,0,0,0
0,0,0,0,0,0,0,0,0,0,0,0,0,0,0,0
0,0,0,0,0,0,0,0,0,0,0,0,0,0,0,0
0,0,0,0,0,0,0,0,0,0,0,0,0,0,0,0
0,0,0,0,0,0,0,0,0,0,0,0,0,0,0,0
0,0,0,0,0,0,0,0,0,0,0,0,0,0,0,0
10,4,3324,1,0,88,176,353,0,0,0,0,0,0,0,0
0,0,0,0,0,0,0,0,0,0,0,0,0,0,0,0
0,0,0,0,0,0,0,0,0,0,0,0,0,0,0,0
10,6,2751,0,2,18,36,72,0,0,0,0,0,0,0,0
0,0,0,0,0,0,0,0,0,0,0,0,0,0,0,0
0,0,0,0,0,0,0,0,0,0,0,0,0,0,0,0
0,0,0,0,0,0,0,0,0,0,0,0,0,0,0,0
5,5,985,1,9,30,61,123,0,0,0,0,0,0,0,0
0,0,0,0,0,0,0,0,0,0,0,0,0,0,0,0
0,0,0,0,0,0,0,0,0,0,0,0,0,0,0,0
0,0,0,0,0,0,0,0,0,0,0,0,0,0,0,0
9,4,996,1,5,72,144,289,0,0,0,0,0,0,0,0
10,6,1451,0,2,39,78,157,0,0,0,0,0,0,0,0
0,0,0,0,0,0,0,0,0,0,0,0,0,0,0,0
0,0,0,0,0,0,0,0,0,0,0,0,0,0,0,0
0,0,0,0,0,0,0,0,0,0,0,0,0,0,0,0
0,0,0,0,0,0,0,0,0,0,0,0,0,0,0,0
10,6,4010,1,1,96,193,386,0,0,0,0,0,0,0,0
0,0,0,0,0,0,0,0,0,0,0,0,0,0,0,0
2,5,3068,0,15,117,234,468,0,0,0,0,0,0,0,0
10,6,4011,1,0,49,99,199,0,0,0,0,0,0,0,0
0,0,0,0,0,0,0,0,0,0,0,0,0,0,0,0
0,0,0,0,0,0,0,0,0,0,0,0,0,0,0,0
0,0,0,0,0,0,0,0,0,0,0,0,0,0,0,0
0,0,0,0,0,0,0,0,0,0,0,0,0,0,0,0
0,0,0,0,0,0,0,0,0,0,0,0,0,0,0,0
10,6,3071,0,1,124,248,497,10,5,1002,1,2,103,207,415
10,6,3065,1,1,53,107,214,0,0,0,0,0,0,0,0
0,0,0,0,0,0,0,0,0,0,0,0,0,0,0,0
8,5,431,0,4,43,87,174,0,0,0,0,0,0,0,0
10,6,4095,1,0,52,104,209,0,0,0,0,0,0,0,0
0,0,0,0,0,0,0,0,0,0,0,0,0,0,0,0
6,5,2748,0,8,107,214,429,0,0,0,0,0,0,0,0
0,0,0,0,0,0,0,0,0,0,0,0,0,0,0,0
9,4,2095,1,4,22,45,90,0,0,0,0,0,0,0,0
0,0,0,0,0,0,0,0,0,0,0,0,0,0,0,0
0,0,0,0,0,0,0,0,0,0,0,0,0,0,0,0
3,4,930,1,14,8,17,35,0,0,0,0,0,0,0,0
10,5,2603,0,1,151,303,606,0,0,0,0,0,0,0,0
8,4,4044,0,5,91,183,367,0,0,0,0,0,0,0,0
10,5,3018,1,0,57,115,230,0,0,0,0,0,0,0,0
10,6,3029,1,2,23,47,95,10,4,191,0,2,30,60,120
3,4,376,1,12,20,40,81,0,0,0,0,0,0,0,0
10,4,689,1,1,37,74,149,0,0,0,0,0,0,0,0
0,0,0,0,0,0,0,0,0,0,0,0,0,0,0,0
10,6,4095,1,0,130,260,521,0,0,0,0,0,0,0,0
10,5,2303,0,1,18,36,73,0,0,0,0,0,0,0,0
10,5,2748,0,2,152,304,608,0,0,0,0,0,0,0,0
0,0,0,0,0,0,0,0,0,0,0,0,0,0,0,0
10,6,4095,1,0,90,180,361,0,0,0,0,0,0,0,0
0,0,0,0,0,0,0,0,0,0,0,0,0,0,0,0
0,0,0,0,0,0,0,0,0,0,0,0,0,0,0,0
0,0,0,0,0,0,0,0,0,0,0,0,0,0,0,0
0,0,0,0,0,0,0,0,0,0,0,0,0,0,0,0
0,0,0,0,0,0,0,0,0,0,0,0,0,0,0,0
10,5,441,1,0,147,294,588,0,0,0,0,0,0,0,0
0,0,0,0,0,0,0,0,0,0,0,0,0,0,0,0
0,0,0,0,0,0,0,0,0,0,0,0,0,0,0,0
10,5,3903,0,0,142,284,569,0,0,0,0,0,0,0,0
0,0,0,0,0,0,0,0,0,0,0,0,0,0,0,0
0,0,0,0,0,0,0,0,0,0,0,0,0,0,0,0
10,6,3770,1,0,60,121,242,0,0,0,0,0,0,0,0
0,0,0,0,0,0,0,0,0,0,0,0,0,0,0,0
10,5,3791,0,0,93,186,373,0,0,0,0,0,0,0,0
8,6,1387,0,3,127,254,508,0,0,0,0,0,0,0,0
10,5,3242,1,1,33,67,134,0,0,0,0,0,0,0,0
0,0,0,0,0,0,0,0,0,0,0,0,0,0,0,0
0,0,0,0,0,0,0,0,0,0,0,0,0,0,0,0
8,4,428,0,4,119,239,478,0,0,0,0,0,0,0,0
10,5,1002,1,2,86,173,347,0,0,0,0,0,0,0,0
0,0,0,0,0,0,0,0,0,0,0,0,0,0,0,0
0,0,0,0,0,0,0,0,0,0,0,0,0,0,0,0
7,4,3320,1,7,140,281,562,0,0,0,0,0,0,0,0
0,0,0,0,0,0,0,0,0,0,0,0,0,0,0,0
10,5,3955,0,0,16,32,64,0,0,0,0,0,0,0,0
9,4,3664,1,5,115,231,463,0,0,0,0,0,0,0,0
10,4,3114,1,1,85,171,342,0,0,0,0,0,0,0,0
0,0,0,0,0,0,0,0,0,0,0,0,0,0,0,0
0,0,0,0,0,0,0,0,0,0,0,0,0,0,0,0
0,0,0,0,0,0,0,0,0,0,0,0,0,0,0,0
0,0,0,0,0,0,0,0,0,0,0,0,0,0,0,0
6,4,2691,0,8,119,238,477,0,0,0,0,0,0,0,0
10,5,767,0,1,18,36,72,9,4,2000,1,5,36,72,144
9,4,1000,1,3,36,73,146,0,0,0,0,0,0,0,0
10,4,4016,1,0,26,52,104,0,0,0,0,0,0,0,0
10,5,4082,1,1,113,226,452,0,0,0,0,0,0,0,0
0,0,0,0,0,0,0,0,0,0,0,0,0,0,0,0
0,0,0,0,0,0,0,0,0,0,0,0,0,0,0,0
10,6,1371,0,2,139,278,556,10,6,4095,1,0,148,296,593
0,0,0,0,0,0,0,0,0,0,0,0,0,0,0,0
10,6,2815,0,1,75,150,300,0,0,0,0,0,0,0,0
0,0,0,0,0,0,0,0,0,0,0,0,0,0,0,0
9,6,3733,1,3,100,201,403,0,0,0,0,0,0,0,0
0,0,0,0,0,0,0,0,0,0,0,0,0,0,0,0
10,6,4095,1,0,28,56,113,0,0,0,0,0,0,0,0
10,6,4074,1,2,1,3,7,0,0,0,0,0,0,0,0
0,0,0,0,0,0,0,0,0,0,0,0,0,0,0,0
10,4,4035,1,0,90,180,361,0,0,0,0,0,0,0,0
3,4,3720,1,15,3,6,13,0,0,0,0,0,0,0,0
8,4,175,0,3,24,49,98,0,0,0,0,0,0,0,0
0,0,0,0,0,0,0,0,0,0,0,0,0,0,0,0
10,4,575,0,2,1,2,4,0,0,0,0,0,0,0,0
10,5,2223,0,1,149,299,599,0,0,0,0,0,0,0,0
3,5,3668,1,15,126,252,505,0,0,0,0,0,0,0,0
0,0,0,0,0,0,0,0,0,0,0,0,0,0,0,0
0,0,0,0,0,0,0,0,0,0,0,0,0,0,0,0
10,6,4094,1,1,85,170,340,0,0,0,0,0,0,0,0
0,0,0,0,0,0,0,0,0,0,0,0,0,0,0,0
9,5,937,1,3,10,20,41,0,0,0,0,0,0,0,0
7,6,4075,1,6,20,41,82,0,0,0,0,0,0,0,0
10,6,3962,1,1,56,113,226,0,0,0,0,0,0,0,0
0,0,0,0,0,0,0,0,0,0,0,0,0,0,0,0
0,0,0,0,0,0,0,0,0,0,0,0,0,0,0,0
10,6,3770,1,0,4,9,18,0,0,0,0,0,0,0,0
0,0,0,0,0,0,0,0,0,0,0,0,0,0,0,0
0,0,0,0,0,0,0,0,0,0,0,0,0,0,0,0
0,0,0,0,0,0,0,0,0,0,0,0,0,0,0,0
0,0,0,0,0,0,0,0,0,0,0,0,0,0,0,0
0,0,0,0,0,0,0,0,0,0,0,0,0,0,0,0
0,0,0,0,0,0,0,0,0,0,0,0,0,0,0,0
0,0,0,0,0,0,0,0,0,0,0,0,0,0,0,0
0,0,0,0,0,0,0,0,0,0,0,0,0,0,0,0
0,0,0,0,0,0,0,0,0,0,0,0,0,0,0,0
8,4,127,0,4,88,177,354,0,0,0,0,0,0,0,0
0,0,0,0,0,0,0,0,0,0,0,0,0,0,0,0
0,0,0,0,0,0,0,0,0,0,0,0,0,0,0,0
10,6,4095,1,0,133,266,533,0,0,0,0,0,0,0,0
6,6,2746,0,6,94,189,379,0,0,0,0,0,0,0,0
0,0,0,0,0,0,0,0,0,0,0,0,0,0,0,0
6,5,2748,0,8,59,118,237,0,0,0,0,0,0,0,0
0,0,0,0,0,0,0,0,0,0,0,0,0,0,0,0
0,0,0,0,0,0,0,0,0,0,0,0,0,0,0,0
8,4,3594,0,4,91,183,367,0,0,0,0,0,0,0,0
0,0,0,0,0,0,0,0,0,0,0,0,0,0,0,0
0,0,0,0,0,0,0,0,0,0,0,0,0,0,0,0
10,5,3068,0,1,65,130,261,0,0,0,0,0,0,0,0
0,0,0,0,0,0,0,0,0,0,0,0,0,0,0,0
10,4,1011,0,0,98,196,393,0,0,0,0,0,0,0,0
0,0,0,0,0,0,0,0,0,0,0,0,0,0,0,0
10,5,4008,1,2,139,278,557,0,0,0,0,0,0,0,0
9,4,230,1,3,41,83,166,0,0,0,0,0,0,0,0
0,0,0,0,0,0,0,0,0,0,0,0,0,0,0,0
10,5,4008,1,2,92,184,369,0,0,0,0,0,0,0,0
10,4,2249,1,1,92,184,369,0,0,0,0,0,0,0,0
0,0,0,0,0,0,0,0,0,0,0,0,0,0,0,0
8,6,1455,0,3,136,273,546,0,0,0,0,0,0,0,0
10,4,3315,0,0,121,242,485,0,0,0,0,0,0,0,0
0,0,0,0,0,0,0,0,0,0,0,0,0,0,0,0
0,0,0,0,0,0,0,0,0,0,0,0,0,0,0,0
0,0,0,0,0,0,0,0,0,0,0,0,0,0,0,0
0,0,0,0,0,0,0,0,0,0,0,0,0,0,0,0
0,0,0,0,0,0,0,0,0,0,0,0,0,0,0,0
9,4,805,1,4,3,6,12,0,0,0,0,0,0,0,0
0,0,0,0,0,0,0,0,0,0,0,0,0,0,0,0
10,6,4095,1,0,140,280,561,0,0,0,0,0,0,0,0
10,6,4095,1,0,22,44,89,0,0,0,0,0,0,0,0
0,0,0,0,0,0,0,0,0,0,0,0,0,0,0,0
10,5,3241,1,2,41,82,165,0,0,0,0,0,0,0,0
0,0,0,0,0,0,0,0,0,0,0,0,0,0,0,0
0,0,0,0,0,0,0,0,0,0,0,0,0,0,0,0
10,5,2763,0,1,43,87,175,0,0,0,0,0,0,0,0
0,0,0,0,0,0,0,0,0,0,0,0,0,0,0,0
10,6,4095,1,0,81,162,325,0,0,0,0,0,0,0,0
8,4,1411,0,3,74,149,298,0,0,0,0,0,0,0,0
10,5,2739,0,1,152,304,608,0,0,0,0,0,0,0,0
8,5,3902,0,4,57,114,229,0,0,0,0,0,0,0,0
10,6,1707,0,2,120,241,482,0,0,0,0,0,0,0,0
10,5,4047,0,0,51,102,205,0,0,0,0,0,0,0,0
0,0,0,0,0,0,0,0,0,0,0,0,0,0,0,0
0,0,0,0,0,0,0,0,0,0,0,0,0,0,0,0
10,5,3064,0,0,76,152,304,0,0,0,0,0,0,0,0
10,5,2812,0,2,20,40,81,0,0,0,0,0,0,0,0
0,0,0,0,0,0,0,0,0,0,0,0,0,0,0,0
0,0,0,0,0,0,0,0,0,0,0,0,0,0,0,0
0,0,0,0,0,0,0,0,0,0,0,0,0,0,0,0
10,4,3875,1,0,19,38,76,0,0,0,0,0,0,0,0
10,5,3747,0,0,35,71,143,0,0,0,0,0,0,0,0
10,6,3839,0,0,25,50,101,0,0,0,0,0,0,0,0
7,5,4047,1,6,107,215,431,0,0,0,0,0,0,0,0
0,0,0,0,0,0,0,0,0,0,0,0,0,0,0,0
10,6,4095,1,0,44,88,177,0,0,0,0,0,0,0,0
0,0,0,0,0,0,0,0,0,0,0,0,0,0,0,0
0,0,0,0,0,0,0,0,0,0,0,0,0,0,0,0
0,0,0,0,0,0,0,0,0,0,0,0,0,0,0,0
0,0,0,0,0,0,0,0,0,0,0,0,0,0,0,0
0,0,0,0,0,0,0,0,0,0,0,0,0,0,0,0
8,5,4092,0,5,24,49,99,0,0,0,0,0,0,0,0
10,5,4082,1,1,157,314,628,0,0,0,0,0,0,0,0
10,6,4095,1,0,7,14,29,0,0,0,0,0,0,0,0
0,0,0,0,0,0,0,0,0,0,0,0,0,0,0,0
0,0,0,0,0,0,0,0,0,0,0,0,0,0,0,0
9,5,2792,1,5,24,48,97,0,0,0,0,0,0,0,0
8,5,1443,0,3,53,107,214,0,0,0,0,0,0,0,0
10,5,1022,1,1,80,160,320,0,0,0,0,0,0,0,0
5,4,3220,1,10,98,196,393,0,0,0,0,0,0,0,0
10,5,1003,1,0,106,212,424,0,0,0,0,0,0,0,0
8,5,443,0,3,106,213,426,0,0,0,0,0,0,0,0
8,4,2800,0,3,110,221,442,0,0,0,0,0,0,0,0
0,0,0,0,0,0,0,0,0,0,0,0,0,0,0,0
10,5,2739,0,1,68,136,272,0,0,0,0,0,0,0,0
0,0,0,0,0,0,0,0,0,0,0,0,0,0,0,0
0,0,0,0,0,0,0,0,0,0,0,0,0,0,0,0
0,0,0,0,0,0,0,0,0,0,0,0,0,0,0,0
0,0,0,0,0,0,0,0,0,0,0,0,0,0,0,0
10,6,4095,1,0,35,70,141,0,0,0,0,0,0,0,0
10,4,4044,0,0,141,282,565,0,0,0,0,0,0,0,0
3,5,1021,1,15,19,38,76,0,0,0,0,0,0,0,0
9,6,3989,1,3,124,249,499,6,6,3743,0,6,119,238,476
0,0,0,0,0,0,0,0,0,0,0,0,0,0,0,0
0,0,0,0,0,0,0,0,0,0,0,0,0,0,0,0
8,4,1776,0,5,150,301,603,0,0,0,0,0,0,0,0
3,6,2734,1,13,23,47,94,0,0,0,0,0,0,0,0
10,4,3324,1,0,80,160,321,0,0,0,0,0,0,0,0
0,0,0,0,0,0,0,0,0,0,0,0,0,0,0,0
0,0,0,0,0,0,0,0,0,0,0,0,0,0,0,0
0,0,0,0,0,0,0,0,0,0,0,0,0,0,0,0
10,6,3738,1,1,146,292,585,0,0,0,0,0,0,0,0
3,5,3732,1,15,130,261,522,0,0,0,0,0,0,0,0
8,4,1295,0,3,57,115,230,0,0,0,0,0,0,0,0
0,0,0,0,0,0,0,0,0,0,0,0,0,0,0,0
8,5,3902,0,4,65,130,261,0,0,0,0,0,0,0,0
0,0,0,0,0,0,0,0,0,0,0,0,0,0,0,0
10,6,3818,1,1,144,289,578,0,0,0,0,0,0,0,0
0,0,0,0,0,0,0,0,0,0,0,0,0,0,0,0
0,0,0,0,0,0,0,0,0,0,0,0,0,0,0,0
0,0,0,0,0,0,0,0,0,0,0,0,0,0,0,0
0,0,0,0,0,0,0,0,0,0,0,0,0,0,0,0
10,4,975,0,0,61,122,245,0,0,0,0,0,0,0,0
10,6,4074,1,2,107,215,431,0,0,0,0,0,0,0,0
5,6,3989,1,9,132,265,530,0,0,0,0,0,0,0,0
0,0,0,0,0,0,0,0,0,0,0,0,0,0,0,0
0,0,0,0,0,0,0,0,0,0,0,0,0,0,0,0
10,6,2735,0,1,111,223,447,0,0,0,0,0,0,0,0
7,4,3874,1,8,117,234,469,0,0,0,0,0,0,0,0
0,0,0,0,0,0,0,0,0,0,0,0,0,0,0,0
3,4,980,1,15,36,73,147,0,0,0,0,0,0,0,0
0,0,0,0,0,0,0,0,0,0,0,0,0,0,0,0
10,6,2794,1,0,70,141,282,0,0,0,0,0,0,0,0
10,5,4072,1,2,84,169,338,0,0,0,0,0,0,0,0
9,5,3881,1,3,78,156,313,0,0,0,0,0,0,0,0
0,0,0,0,0,0,0,0,0,0,0,0,0,0,0,0
0,0,0,0,0,0,0,0,0,0,0,0,0,0,0,0
0,0,0,0,0,0,0,0,0,0,0,0,0,0,0,0
0,0,0,0,0,0,0,0,0,0,0,0,0,0,0,0
10,5,3836,0,0,153,306,613,0,0,0,0,0,0,0,0
10,5,3983,0,0,4,8,16,0,0,0,0,0,0,0,0
0,0,0,0,0,0,0,0,0,0,0,0,0,0,0,0
0,0,0,0,0,0,0,0,0,0,0,0,0,0,0,0
10,4,675,0,2,149,299,598,0,0,0,0,0,0,0,0
10,5,4047,0,0,36,72,145,0,0,0,0,0,0,0,0
7,6,2778,1,6,146,293,587,0,0,0,0,0,0,0,0
0,0,0,0,0,0,0,0,0,0,0,0,0,0,0,0
0,0,0,0,0,0,0,0,0,0,0,0,0,0,0,0
0,0,0,0,0,0,0,0,0,0,0,0,0,0,0,0
10,5,2879,0,1,117,234,469,0,0,0,0,0,0,0,0
7,5,2282,1,6,70,140,280,0,0,0,0,0,0,0,0
7,5,3882,1,8,43,86,173,0,0,0,0,0,0,0,0
0,0,0,0,0,0,0,0,0,0,0,0,0,0,0,0
9,5,1764,1,5,67,135,271,0,0,0,0,0,0,0,0
0,0,0,0,0,0,0,0,0,0,0,0,0,0,0,0
10,5,2879,0,1,145,290,581,0,0,0,0,0,0,0,0
8,4,175,0,3,19,39,78,0,0,0,0,0,0,0,0
0,0,0,0,0,0,0,0,0,0,0,0,0,0,0,0
0,0,0,0,0,0,0,0,0,0,0,0,0,0,0,0
10,4,255,0,0,32,64,129,0,0,0,0,0,0,0,0
5,6,1390,1,10,144,288,577,0,0,0,0,0,0,0,0
10,5,2723,0,1,52,105,210,0,0,0,0,0,0,0,0
0,0,0,0,0,0,0,0,0,0,0,0,0,0,0,0
10,5,2762,1,0,107,215,430,0,0,0,0,0,0,0,0
10,5,1023,1,0,152,304,609,0,0,0,0,0,0,0,0
0,0,0,0,0,0,0,0,0,0,0,0,0,0,0,0
9,6,3070,1,5,134,269,538,0,0,0,0,0,0,0,0
10,4,4044,0,0,157,314,629,0,0,0,0,0,0,0,0
0,0,0,0,0,0,0,0,0,0,0,0,0,0,0,0
0,0,0,0,0,0,0,0,0,0,0,0,0,0,0,0
9,5,1001,1,4,121,243,486,0,0,0,0,0,0,0,0
0,0,0,0,0,0,0,0,0,0,0,0,0,0,0,0
0,0,0,0,0,0,0,0,0,0,0,0,0,0,0,0
0,0,0,0,0,0,0,0,0,0,0,0,0,0,0,0
0,0,0,0,0,0,0,0,0,0,0,0,0,0,0,0
0,0,0,0,0,0,0,0,0,0,0,0,0,0,0,0
6,6,1451,0,8,60,121,243,0,0,0,0,0,0,0,0
4,4,444,0,10,100,200,401,0,0,0,0,0,0,0,0
0,0,0,0,0,0,0,0,0,0,0,0,0,0,0,0
4,5,367,0,10,40,81,163,0,0,0,0,0,0,0,0
10,5,3903,0,0,56,112,225,0,0,0,0,0,0,0,0
0,0,0,0,0,0,0,0,0,0,0,0,0,0,0,0
10,4,3617,1,2,76,152,304,0,0,0,0,0,0,0,0
10,6,4010,1,1,26,53,106,0,0,0,0,0,0,0,0
10,4,3880,1,2,4,9,18,0,0,0,0,0,0,0,0
0,0,0,0,0,0,0,0,0,0,0,0,0,0,0,0
10,6,4095,1,0,99,198,397,0,0,0,0,0,0,0,0
0,0,0,0,0,0,0,0,0,0,0,0,0,0,0,0
0,0,0,0,0,0,0,0,0,0,0,0,0,0,0,0
10,5,2812,0,2,75,150,301,0,0,0,0,0,0,0,0
5,4,932,1,9,122,245,490,0,0,0,0,0,0,0,0
0,0,0,0,0,0,0,0,0,0,0,0,0,0,0,0
8,4,2800,0,3,106,213,426,0,0,0,0,0,0,0,0
10,6,3759,0,0,91,183,367,0,0,0,0,0,0,0,0
0,0,0,0,0,0,0,0,0,0,0,0,0,0,0,0
0,0,0,0,0,0,0,0,0,0,0,0,0,0,0,0
10,5,1023,1,0,41,82,165,0,0,0,0,0,0,0,0
8,5,698,0,5,105,210,420,0,0,0,0,0,0,0,0
0,0,0,0,0,0,0,0,0,0,0,0,0,0,0,0
0,0,0,0,0,0,0,0,0,0,0,0,0,0,0,0
0,0,0,0,0,0,0,0,0,0,0,0,0,0,0,0
9,5,3023,1,4,31,63,127,0,0,0,0,0,0,0,0
0,0,0,0,0,0,0,0,0,0,0,0,0,0,0,0
0,0,0,0,0,0,0,0,0,0,0,0,0,0,0,0
0,0,0,0,0,0,0,0,0,0,0,0,0,0,0,0
10,6,4095,1,0,48,96,193,0,0,0,0,0,0,0,0
10,5,4083,0,0,121,242,485,0,0,0,0,0,0,0,0
10,4,3808,1,1,34,69,138,0,0,0,0,0,0,0,0
10,5,474,0,0,106,212,424,0,0,0,0,0,0,0,0
0,0,0,0,0,0,0,0,0,0,0,0,0,0,0,0
0,0,0,0,0,0,0,0,0,0,0,0,0,0,0,0
0,0,0,0,0,0,0,0,0,0,0,0,0,0,0,0
10,5,3327,1,0,85,170,341,0,0,0,0,0,0,0,0
10,5,2607,0,1,94,189,379,0,0,0,0,0,0,0,0
9,4,250,1,3,10,20,40,0,0,0,0,0,0,0,0
7,6,4075,1,6,20,41,82,0,0,0,0,0,0,0,0
10,6,4026,1,1,56,113,227,0,0,0,0,0,0,0,0
0,0,0,0,0,0,0,0,0,0,0,0,0,0,0,0
0,0,0,0,0,0,0,0,0,0,0,0,0,0,0,0
10,4,3130,1,1,29,59,119,0,0,0,0,0,0,0,0
0,0,0,0,0,0,0,0,0,0,0,0,0,0,0,0
0,0,0,0,0,0,0,0,0,0,0,0,0,0,0,0
10,4,3880,1,2,130,261,522,0,0,0,0,0,0,0,0
0,0,0,0,0,0,0,0,0,0,0,0,0,0,0,0
0,0,0,0,0,0,0,0,0,0,0,0,0,0,0,0
0,0,0,0,0,0,0,0,0,0,0,0,0,0,0,0
0,0,0,0,0,0,0,0,0,0,0,0,0,0,0,0
0,0,0,0,0,0,0,0,0,0,0,0,0,0,0,0
0,0,0,0,0,0,0,0,0,0,0,0,0,0,0,0
0,0,0,0,0,0,0,0,0,0,0,0,0,0,0,0
0,0,0,0,0,0,0,0,0,0,0,0,0,0,0,0
0,0,0,0,0,0,0,0,0,0,0,0,0,0,0,0
6,6,2750,0,6,59,118,236,0,0,0,0,0,0,0,0
10,6,4095,1,0,96,192,385,0,0,0,0,0,0,0,0
0,0,0,0,0,0,0,0,0,0,0,0,0,0,0,0
0,0,0,0,0,0,0,0,0,0,0,0,0,0,0,0
0,0,0,0,0,0,0,0,0,0,0,0,0,0,0,0
9,5,2303,1,4,106,213,427,0,0,0,0,0,0,0,0
0,0,0,0,0,0,0,0,0,0,0,0,0,0,0,0
2,4,936,0,13,103,207,414,0,0,0,0,0,0,0,0
10,4,810,1,2,107,215,430,0,0,0,0,0,0,0,0
10,6,1451,0,2,28,56,113,0,0,0,0,0,0,0,0
9,5,3059,1,4,118,237,475,0,0,0,0,0,0,0,0
0,0,0,0,0,0,0,0,0,0,0,0,0,0,0,0
0,0,0,0,0,0,0,0,0,0,0,0,0,0,0,0
0,0,0,0,0,0,0,0,0,0,0,0,0,0,0,0
8,5,621,0,5,138,277,554,0,0,0,0,0,0,0,0
10,5,3323,1,0,62,124,248,0,0,0,0,0,0,0,0
0,0,0,0,0,0,0,0,0,0,0,0,0,0,0,0
10,6,4095,1,0,22,44,89,0,0,0,0,0,0,0,0
0,0,0,0,0,0,0,0,0,0,0,0,0,0,0,0
0,0,0,0,0,0,0,0,0,0,0,0,0,0,0,0
10,5,3242,1,1,38,77,154,0,0,0,0,0,0,0,0
10,6,3754,1,1,41,82,165,0,0,0,0,0,0,0,0
0,0,0,0,0,0,0,0,0,0,0,0,0,0,0,0
0,0,0,0,0,0,0,0,0,0,0,0,0,0,0,0
5,5,3732,1,9,25,50,101,0,0,0,0,0,0,0,0
0,0,0,0,0,0,0,0,0,0,0,0,0,0,0,0
10,4,3040,0,0,112,225,451,0,0,0,0,0,0,0,0
0,0,0,0,0,0,0,0,0,0,0,0,0,0,0,0
0,0,0,0,0,0,0,0,0,0,0,0,0,0,0,0
0,0,0,0,0,0,0,0,0,0,0,0,0,0,0,0
10,5,2623,0,1,39,78,156,0,0,0,0,0,0,0,0
4,6,1391,0,9,50,101,203,0,0,0,0,0,0,0,0
0,0,0,0,0,0,0,0,0,0,0,0,0,0,0,0
10,4,255,0,0,25,50,101,0,0,0,0,0,0,0,0
9,5,2607,1,4,50,101,202,0,0,0,0,0,0,0,0
10,6,4095,1,0,77,154,309,0,0,0,0,0,0,0,0
3,4,3617,1,15,61,122,245,0,0,0,0,0,0,0,0
10,4,3235,1,0,35,71,143,0,0,0,0,0,0,0,0
10,5,3903,0,0,88,176,353,0,0,0,0,0,0,0,0
9,4,995,1,5,107,215,430,0,0,0,0,0,0,0,0
0,0,0,0,0,0,0,0,0,0,0,0,0,0,0,0
10,6,2746,0,0,90,181,362,0,0,0,0,0,0,0,0
0,0,0,0,0,0,0,0,0,0,0,0,0,0,0,0
0,0,0,0,0,0,0,0,0,0,0,0,0,0,0,0
0,0,0,0,0,0,0,0,0,0,0,0,0,0,0,0
4,4,1331,0,9,115,230,460,0,0,0,0,0,0,0,0
10,5,2767,0,1,46,92,184,0,0,0,0,0,0,0,0
10,4,4040,1,2,1,3,7,0,0,0,0,0,0,0,0
10,6,4074,1,2,150,301,603,0,0,0,0,0,0,0,0
0,0,0,0,0,0,0,0,0,0,0,0,0,0,0,0
0,0,0,0,0,0,0,0,0,0,0,0,0,0,0,0
2,5,2954,0,13,89,178,357,0,0,0,0,0,0,0,0
10,5,373,0,0,60,121,242,0,0,0,0,0,0,0,0
10,4,3635,0,0,37,74,148,10,4,2856,1,0,56,113,226
10,5,3064,0,0,76,152,304,0,0,0,0,0,0,0,0
10,4,2736,0,2,20,40,80,0,0,0,0,0,0,0,0
0,0,0,0,0,0,0,0,0,0,0,0,0,0,0,0
10,4,484,1,0,118,236,472,0,0,0,0,0,0,0,0
0,0,0,0,0,0,0,0,0,0,0,0,0,0,0,0
10,5,4003,1,0,18,37,75,0,0,0,0,0,0,0,0
8,4,1776,0,5,150,301,603,0,0,0,0,0,0,0,0
3,6,2734,1,13,23,47,94,0,0,0,0,0,0,0,0
0,0,0,0,0,0,0,0,0,0,0,0,0,0,0,0
0,0,0,0,0,0,0,0,0,0,0,0,0,0,0,0
0,0,0,0,0,0,0,0,0,0,0,0,0,0,0,0
8,4,111,0,5,99,198,397,0,0,0,0,0,0,0,0
10,6,2731,0,1,70,141,282,0,0,0,0,0,0,0,0
0,0,0,0,0,0,0,0,0,0,0,0,0,0,0,0
9,5,3019,1,5,66,133,266,0,0,0,0,0,0,0,0
0,0,0,0,0,0,0,0,0,0,0,0,0,0,0,0
10,4,255,0,0,134,268,537,0,0,0,0,0,0,0,0
10,5,3327,1,0,141,282,565,0,0,0,0,0,0,0,0
10,6,2731,0,1,116,233,466,3,4,973,1,15,19,38,76
10,6,4095,1,0,79,158,317,0,0,0,0,0,0,0,0
9,4,3011,1,5,44,89,178,0,0,0,0,0,0,0,0
10,5,2878,0,0,101,202,404,0,0,0,0,0,0,0,0
0,0,0,0,0,0,0,0,0,0,0,0,0,0,0,0
10,5,2703,0,1,147,295,591,0,0,0,0,0,0,0,0
0,0,0,0,0,0,0,0,0,0,0,0,0,0,0,0
0,0,0,0,0,0,0,0,0,0,0,0,0,0,0,0
10,5,2786,1,0,119,239,478,0,0,0,0,0,0,0,0
10,6,4094,1,1,155,310,620,0,0,0,0,0,0,0,0
10,4,3624,1,1,14,28,57,0,0,0,0,0,0,0,0
10,5,4066,1,1,20,41,83,0,0,0,0,0,0,0,0
10,6,2751,0,2,110,220,440,0,0,0,0,0,0,0,0
10,5,1022,1,1,109,218,436,0,0,0,0,0,0,0,0
0,0,0,0,0,0,0,0,0,0,0,0,0,0,0,0
8,5,3899,0,5,21,43,86,0,0,0,0,0,0,0,0
0,0,0,0,0,0,0,0,0,0,0,0,0,0,0,0
3,4,1020,1,15,113,226,453,0,0,0,0,0,0,0,0
0,0,0,0,0,0,0,0,0,0,0,0,0,0,0,0
10,6,4095,1,0,70,140,281,0,0,0,0,0,0,0,0
9,5,3881,1,3,78,156,313,0,0,0,0,0,0,0,0
0,0,0,0,0,0,0,0,0,0,0,0,0,0,0,0
0,0,0,0,0,0,0,0,0,0,0,0,0,0,0,0
0,0,0,0,0,0,0,0,0,0,0,0,0,0,0,0
10,4,719,0,1,138,276,552,0,0,0,0,0,0,0,0
10,4,3279,1,0,88,176,353,0,0,0,0,0,0,0,0
0,0,0,0,0,0,0,0,0,0,0,0,0,0,0,0
0,0,0,0,0,0,0,0,0,0,0,0,0,0,0,0
10,5,2748,0,2,18,36,72,0,0,0,0,0,0,0,0
0,0,0,0,0,0,0,0,0,0,0,0,0,0,0,0
7,5,2964,1,8,132,264,529,0,0,0,0,0,0,0,0
0,0,0,0,0,0,0,0,0,0,0,0,0,0,0,0
0,0,0,0,0,0,0,0,0,0,0,0,0,0,0,0
7,5,4042,1,8,117,234,469,0,0,0,0,0,0,0,0
0,0,0,0,0,0,0,0,0,0,0,0,0,0,0,0
3,4,916,1,15,36,73,146,0,0,0,0,0,0,0,0
0,0,0,0,0,0,0,0,0,0,0,0,0,0,0,0
0,0,0,0,0,0,0,0,0,0,0,0,0,0,0,0
3,5,1597,1,12,95,190,381,0,0,0,0,0,0,0,0
10,4,4044,0,0,21,42,85,0,0,0,0,0,0,0,0
10,5,3977,1,2,53,106,213,0,0,0,0,0,0,0,0
0,0,0,0,0,0,0,0,0,0,0,0,0,0,0,0
0,0,0,0,0,0,0,0,0,0,0,0,0,0,0,0
0,0,0,0,0,0,0,0,0,0,0,0,0,0,0,0
8,4,3260,0,5,70,140,281,5,4,3849,1,9,102,204,408
10,5,1583,0,2,19,39,78,0,0,0,0,0,0,0,0
0,0,0,0,0,0,0,0,0,0,0,0,0,0,0,0
0,0,0,0,0,0,0,0,0,0,0,0,0,0,0,0
10,4,255,0,0,32,64,129,0,0,0,0,0,0,0,0
5,6,1454,1,11,144,288,577,0,0,0,0,0,0,0,0
0,0,0,0,0,0,0,0,0,0,0,0,0,0,0,0
3,4,376,1,12,20,40,81,0,0,0,0,0,0,0,0
0,0,0,0,0,0,0,0,0,0,0,0,0,0,0,0
10,5,3903,0,0,117,234,469,0,0,0,0,0,0,0,0
9,5,2763,1,5,70,140,281,0,0,0,0,0,0,0,0
0,0,0,0,0,0,0,0,0,0,0,0,0,0,0,0
9,5,3064,1,5,67,135,270,0,0,0,0,0,0,0,0
0,0,0,0,0,0,0,0,0,0,0,0,0,0,0,0
0,0,0,0,0,0,0,0,0,0,0,0,0,0,0,0
5,6,3733,1,9,17,34,69,0,0,0,0,0,0,0,0
10,5,699,0,1,30,61,123,0,0,0,0,0,0,0,0
10,6,4094,1,1,85,170,340,0,0,0,0,0,0,0,0
9,6,4005,1,3,58,116,232,0,0,0,0,0,0,0,0
10,6,4095,1,0,49,98,197,0,0,0,0,0,0,0,0
0,0,0,0,0,0,0,0,0,0,0,0,0,0,0,0
0,0,0,0,0,0,0,0,0,0,0,0,0,0,0,0
6,4,3599,0,6,150,301,602,0,0,0,0,0,0,0,0
10,6,1451,0,2,153,306,613,0,0,0,0,0,0,0,0
9,6,2795,1,5,138,276,553,0,0,0,0,0,0,0,0
8,5,3982,0,5,7,14,29,0,0,0,0,0,0,0,0
8,5,3882,0,4,152,304,608,0,0,0,0,0,0,0,0
10,5,4092,0,0,56,112,225,0,0,0,0,0,0,0,0
0,0,0,0,0,0,0,0,0,0,0,0,0,0,0,0
9,4,3109,1,3,4,8,16,0,0,0,0,0,0,0,0
0,0,0,0,0,0,0,0,0,0,0,0,0,0,0,0
0,0,0,0,0,0,0,0,0,0,0,0,0,0,0,0
10,6,1707,0,2,119,239,478,0,0,0,0,0,0,0,0
10,5,3322,1,1,86,173,347,0,0,0,0,0,0,0,0
0,0,0,0,0,0,0,0,0,0,0,0,0,0,0,0
9,4,3728,1,4,1,2,5,0,0,0,0,0,0,0,0
7,4,3851,1,6,140,281,562,0,0,0,0,0,0,0,0
0,0,0,0,0,0,0,0,0,0,0,0,0,0,0,0
0,0,0,0,0,0,0,0,0,0,0,0,0,0,0,0
0,0,0,0,0,0,0,0,0,0,0,0,0,0,0,0
2,4,355,0,15,52,105,211,0,0,0,0,0,0,0,0
0,0,0,0,0,0,0,0,0,0,0,0,0,0,0,0
10,5,4008,1,2,130,260,521,0,0,0,0,0,0,0,0
10,5,4092,0,0,106,212,425,0,0,0,0,0,0,0,0
0,0,0,0,0,0,0,0,0,0,0,0,0,0,0,0
0,0,0,0,0,0,0,0,0,0,0,0,0,0,0,0
0,0,0,0,0,0,0,0,0,0,0,0,0,0,0,0
10,4,2876,0,1,148,296,593,0,0,0,0,0,0,0,0
9,5,1023,1,5,114,228,456,0,0,0,0,0,0,0,0
10,6,4090,1,1,26,53,107,0,0,0,0,0,0,0,0
4,6,1403,0,9,54,109,219,0,0,0,0,0,0,0,0
3,4,249,1,15,138,276,552,0,0,0,0,0,0,0,0
8,6,4026,0,4,27,54,108,0,0,0,0,0,0,0,0
2,5,1708,0,15,117,235,471,0,0,0,0,0,0,0,0
10,6,2747,0,1,90,181,363,0,0,0,0,0,0,0,0
0,0,0,0,0,0,0,0,0,0,0,0,0,0,0,0
0,0,0,0,0,0,0,0,0,0,0,0,0,0,0,0
0,0,0,0,0,0,0,0,0,0,0,0,0,0,0,0
0,0,0,0,0,0,0,0,0,0,0,0,0,0,0,0
8,6,4094,0,4,47,95,190,10,4,219,0,0,33,67,134
10,6,4095,1,0,126,252,505,0,0,0,0,0,0,0,0
10,5,750,0,0,61,123,247,0,0,0,0,0,0,0,0
10,6,4011,1,0,116,233,467,0,0,0,0,0,0,0,0
0,0,0,0,0,0,0,0,0,0,0,0,0,0,0,0
0,0,0,0,0,0,0,0,0,0,0,0,0,0,0,0
2,5,1019,0,13,104,208,416,0,0,0,0,0,0,0,0
10,5,1002,1,2,107,215,431,0,0,0,0,0,0,0,0
10,6,2794,1,0,11,23,46,0,0,0,0,0,0,0,0
7,4,994,1,8,31,62,125,0,0,0,0,0,0,0,0
10,5,2803,0,1,64,128,256,0,0,0,0,0,0,0,0
0,0,0,0,0,0,0,0,0,0,0,0,0,0,0,0
10,6,4095,1,0,131,262,525,0,0,0,0,0,0,0,0
10,5,4092,0,0,18,36,73,0,0,0,0,0,0,0,0
7,5,1002,1,8,72,144,289,0,0,0,0,0,0,0,0
10,6,1451,0,2,39,78,157,0,0,0,0,0,0,0,0
0,0,0,0,0,0,0,0,0,0,0,0,0,0,0,0
0,0,0,0,0,0,0,0,0,0,0,0,0,0,0,0
0,0,0,0,0,0,0,0,0,0,0,0,0,0,0,0
0,0,0,0,0,0,0,0,0,0,0,0,0,0,0,0
0,0,0,0,0,0,0,0,0,0,0,0,0,0,0,0
8,6,4030,0,5,155,310,621,0,0,0,0,0,0,0,0
0,0,0,0,0,0,0,0,0,0,0,0,0,0,0,0
0,0,0,0,0,0,0,0,0,0,0,0,0,0,0,0
0,0,0,0,0,0,0,0,0,0,0,0,0,0,0,0
0,0,0,0,0,0,0,0,0,0,0,0,0,0,0,0
0,0,0,0,0,0,0,0,0,0,0,0,0,0,0,0
0,0,0,0,0,0,0,0,0,0,0,0,0,0,0,0
10,5,2207,0,1,33,67,134,0,0,0,0,0,0,0,0
2,4,3131,0,12,92,184,368,0,0,0,0,0,0,0,0
0,0,0,0,0,0,0,0,0,0,0,0,0,0,0,0
0,0,0,0,0,0,0,0,0,0,0,0,0,0,0,0
0,0,0,0,0,0,0,0,0,0,0,0,0,0,0,0
0,0,0,0,0,0,0,0,0,0,0,0,0,0,0,0
10,5,3327,1,0,146,292,585,0,0,0,0,0,0,0,0
0,0,0,0,0,0,0,0,0,0,0,0,0,0,0,0
0,0,0,0,0,0,0,0,0,0,0,0,0,0,0,0
10,5,3745,1,2,79,158,316,0,0,0,0,0,0,0,0
10,6,2751,0,2,6,12,24,0,0,0,0,0,0,0,0
0,0,0,0,0,0,0,0,0,0,0,0,0,0,0,0
4,5,3992,0,11,92,184,368,0,0,0,0,0,0,0,0
10,5,2762,1,0,121,243,486,0,0,0,0,0,0,0,0
0,0,0,0,0,0,0,0,0,0,0,0,0,0,0,0
10,4,3279,1,0,106,212,425,0,0,0,0,0,0,0,0
0,0,0,0,0,0,0,0,0,0,0,0,0,0,0,0
0,0,0,0,0,0,0,0,0,0,0,0,0,0,0,0
0,0,0,0,0,0,0,0,0,0,0,0,0,0,0,0
10,4,2575,0,1,39,78,156,0,0,0,0,0,0,0,0
10,4,3024,1,2,112,224,448,0,0,0,0,0,0,0,0
10,4,3135,1,0,123,246,493,0,0,0,0,0,0,0,0
10,6,4094,1,1,103,206,412,0,0,0,0,0,0,0,0
0,0,0,0,0,0,0,0,0,0,0,0,0,0,0,0
0,0,0,0,0,0,0,0,0,0,0,0,0,0,0,0
10,4,831,1,0,73,146,293,0,0,0,0,0,0,0,0
10,6,3071,0,1,86,172,345,0,0,0,0,0,0,0,0
0,0,0,0,0,0,0,0,0,0,0,0,0,0,0,0
4,5,3668,0,10,5,10,21,0,0,0,0,0,0,0,0
0,0,0,0,0,0,0,0,0,0,0,0,0,0,0,0
0,0,0,0,0,0,0,0,0,0,0,0,0,0,0,0
10,6,3071,0,1,117,234,469,0,0,0,0,0,0,0,0
7,4,4034,1,8,43,86,173,0,0,0,0,0,0,0,0
10,4,4080,0,0,61,122,245,0,0,0,0,0,0,0,0
5,6,1470,1,10,61,123,246,0,0,0,0,0,0,0,0
10,6,2734,0,0,59,119,238,0,0,0,0,0,0,0,0
0,0,0,0,0,0,0,0,0,0,0,0,0,0,0,0
10,5,4047,0,0,119,238,477,0,0,0,0,0,0,0,0
10,6,3839,0,0,9,18,37,0,0,0,0,0,0,0,0
10,5,3827,0,0,43,86,173,0,0,0,0,0,0,0,0
0,0,0,0,0,0,0,0,0,0,0,0,0,0,0,0
0,0,0,0,0,0,0,0,0,0,0,0,0,0,0,0
8,5,1423,0,3,53,107,214,0,0,0,0,0,0,0,0
10,6,2798,0,0,149,299,599,0,0,0,0,0,0,0,0
9,6,2795,1,5,128,256,513,0,0,0,0,0,0,0,0
10,4,3618,1,1,14,29,58,0,0,0,0,0,0,0,0
0,0,0,0,0,0,0,0,0,0,0,0,0,0,0,0
10,6,2751,0,2,9,18,36,0,0,0,0,0,0,0,0
0,0,0,0,0,0,0,0,0,0,0,0,0,0,0,0
0,0,0,0,0,0,0,0,0,0,0,0,0,0,0,0
10,4,2700,0,2,12,25,51,0,0,0,0,0,0,0,0
9,4,2091,1,5,70,140,281,0,0,0,0,0,0,0,0
8,5,1323,0,3,106,212,425,0,0,0,0,0,0,0,0
9,4,2872,1,5,67,135,270,0,0,0,0,0,0,0,0
0,0,0,0,0,0,0,0,0,0,0,0,0,0,0,0
0,0,0,0,0,0,0,0,0,0,0,0,0,0,0,0
5,6,3733,1,9,17,34,69,0,0,0,0,0,0,0,0
0,0,0,0,0,0,0,0,0,0,0,0,0,0,0,0
10,6,4095,1,0,152,304,609,0,0,0,0,0,0,0,0
10,5,3903,0,0,2,4,9,0,0,0,0,0,0,0,0
0,0,0,0,0,0,0,0,0,0,0,0,0,0,0,0
10,6,4095,1,0,44,88,177,0,0,0,0,0,0,0,0
10,6,2794,1,0,65,131,262,0,0,0,0,0,0,0,0
0,0,0,0,0,0,0,0,0,0,0,0,0,0,0,0
0,0,0,0,0,0,0,0,0,0,0,0,0,0,0,0
0,0,0,0,0,0,0,0,0,0,0,0,0,0,0,0
10,5,2879,0,1,88,176,353,0,0,0,0,0,0,0,0
0,0,0,0,0,0,0,0,0,0,0,0,0,0,0,0
0,0,0,0,0,0,0,0,0,0,0,0,0,0,0,0
0,0,0,0,0,0,0,0,0,0,0,0,0,0,0,0
0,0,0,0,0,0,0,0,0,0,0,0,0,0,0,0
10,6,2751,0,2,110,220,440,0,0,0,0,0,0,0,0
10,4,2620,0,2,75,150,300,0,0,0,0,0,0,0,0
3,5,430,1,12,122,245,490,0,0,0,0,0,0,0,0
10,6,4074,1,2,100,201,403,0,0,0,0,0,0,0,0
10,6,4094,1,1,10,20,40,0,0,0,0,0,0,0,0
7,6,3734,1,8,20,41,82,0,0,0,0,0,0,0,0
0,0,0,0,0,0,0,0,0,0,0,0,0,0,0,0
0,0,0,0,0,0,0,0,0,0,0,0,0,0,0,0
0,0,0,0,0,0,0,0,0,0,0,0,0,0,0,0
8,5,1023,0,5,36,73,147,0,0,0,0,0,0,0,0
0,0,0,0,0,0,0,0,0,0,0,0,0,0,0,0
9,4,3233,1,3,79,158,316,0,0,0,0,0,0,0,0
10,5,2748,0,2,6,12,24,0,0,0,0,0,0,0,0
2,6,2647,0,14,92,185,371,0,0,0,0,0,0,0,0
0,0,0,0,0,0,0,0,0,0,0,0,0,0,0,0
10,6,4095,1,0,79,158,317,0,0,0,0,0,0,0,0
0,0,0,0,0,0,0,0,0,0,0,0,0,0,0,0
10,4,559,0,2,79,159,319,0,0,0,0,0,0,0,0
0,0,0,0,0,0,0,0,0,0,0,0,0,0,0,0
0,0,0,0,0,0,0,0,0,0,0,0,0,0,0,0
10,6,2811,0,1,17,35,71,0,0,0,0,0,0,0,0
10,5,1873,1,1,140,281,562,0,0,0,0,0,0,0,0
10,6,4095,1,0,99,198,397,0,0,0,0,0,0,0,0
10,6,4079,1,0,121,242,484,0,0,0,0,0,0,0,0
0,0,0,0,0,0,0,0,0,0,0,0,0,0,0,0
0,0,0,0,0,0,0,0,0,0,0,0,0,0,0,0
0,0,0,0,0,0,0,0,0,0,0,0,0,0,0,0
10,5,1022,1,1,85,170,340,0,0,0,0,0,0,0,0
0,0,0,0,0,0,0,0,0,0,0,0,0,0,0,0
0,0,0,0,0,0,0,0,0,0,0,0,0,0,0,0
10,6,4090,1,1,56,113,227,0,0,0,0,0,0,0,0
8,6,3770,0,5,92,184,368,0,0,0,0,0,0,0,0
0,0,0,0,0,0,0,0,0,0,0,0,0,0,0,0
0,0,0,0,0,0,0,0,0,0,0,0,0,0,0,0
0,0,0,0,0,0,0,0,0,0,0,0,0,0,0,0
9,4,3728,1,4,1,2,5,0,0,0,0,0,0,0,0
7,5,2837,1,8,140,280,561,0,0,0,0,0,0,0,0
0,0,0,0,0,0,0,0,0,0,0,0,0,0,0,0
4,5,3668,0,10,5,10,21,0,0,0,0,0,0,0,0
10,6,2746,0,0,94,189,378,0,0,0,0,0,0,0,0
0,0,0,0,0,0,0,0,0,0,0,0,0,0,0,0
0,0,0,0,0,0,0,0,0,0,0,0,0,0,0,0
0,0,0,0,0,0,0,0,0,0,0,0,0,0,0,0
7,6,2965,1,8,140,280,561,0,0,0,0,0,0,0,0
10,6,4095,1,0,44,88,177,0,0,0,0,0,0,0,0
0,0,0,0,0,0,0,0,0,0,0,0,0,0,0,0
0,0,0,0,0,0,0,0,0,0,0,0,0,0,0,0
10,6,3758,1,0,19,39,78,0,0,0,0,0,0,0,0
8,5,1215,0,3,42,85,171,0,0,0,0,0,0,0,0
0,0,0,0,0,0,0,0,0,0,0,0,0,0,0,0
0,0,0,0,0,0,0,0,0,0,0,0,0,0,0,0
10,4,975,0,0,41,82,165,0,0,0,0,0,0,0,0
0,0,0,0,0,0,0,0,0,0,0,0,0,0,0,0
0,0,0,0,0,0,0,0,0,0,0,0,0,0,0,0
7,5,4072,1,8,25,50,101,0,0,0,0,0,0,0,0
10,6,4095,1,0,46,92,185,0,0,0,0,0,0,0,0
0,0,0,0,0,0,0,0,0,0,0,0,0,0,0,0
10,6,1451,0,2,119,238,477,0,0,0,0,0,0,0,0
10,6,4074,1,2,86,173,347,0,0,0,0,0,0,0,0
10,6,4091,1,0,106,212,424,0,0,0,0,0,0,0,0
0,0,0,0,0,0,0,0,0,0,0,0,0,0,0,0
0,0,0,0,0,0,0,0,0,0,0,0,0,0,0,0
0,0,0,0,0,0,0,0,0,0,0,0,0,0,0,0
10,5,3327,1,0,87,174,349,0,0,0,0,0,0,0,0
0,0,0,0,0,0,0,0,0,0,0,0,0,0,0,0
10,4,3056,0,2,119,239,478,0,0,0,0,0,0,0,0
0,0,0,0,0,0,0,0,0,0,0,0,0,0,0,0
10,6,4095,1,0,106,212,425,0,0,0,0,0,0,0,0
0,0,0,0,0,0,0,0,0,0,0,0,0,0,0,0
0,0,0,0,0,0,0,0,0,0,0,0,0,0,0,0
0,0,0,0,0,0,0,0,0,0,0,0,0,0,0,0
10,5,4092,0,0,148,296,593,0,0,0,0,0,0,0,0
0,0,0,0,0,0,0,0,0,0,0,0,0,0,0,0
0,0,0,0,0,0,0,0,0,0,0,0,0,0,0,0
10,5,2786,1,0,61,123,246,0,0,0,0,0,0,0,0
10,6,3755,1,0,35,71,142,0,0,0,0,0,0,0,0
7,5,3903,1,6,108,216,432,0,0,0,0,0,0,0,0
10,5,3327,1,0,22,44,89,0,0,0,0,0,0,0,0
8,6,3770,0,5,130,260,520,0,0,0,0,0,0,0,0
10,4,3778,1,1,69,139,278,0,0,0,0,0,0,0,0
0,0,0,0,0,0,0,0,0,0,0,0,0,0,0,0
0,0,0,0,0,0,0,0,0,0,0,0,0,0,0,0
0,0,0,0,0,0,0,0,0,0,0,0,0,0,0,0
10,4,2250,1,0,35,71,142,0,0,0,0,0,0,0,0
0,0,0,0,0,0,0,0,0,0,0,0,0,0,0,0
0,0,0,0,0,0,0,0,0,0,0,0,0,0,0,0
0,0,0,0,0,0,0,0,0,0,0,0,0,0,0,0
10,5,3722,1,1,98,196,393,0,0,0,0,0,0,0,0
8,5,427,0,3,47,94,189,10,4,235,0,0,33,67,135
10,5,4092,0,0,61,122,245,0,0,0,0,0,0,0,0
9,6,3071,1,4,59,119,239,10,4,337,0,0,52,104,209
0,0,0,0,0,0,0,0,0,0,0,0,0,0,0,0
0,0,0,0,0,0,0,0,0,0,0,0,0,0,0,0
10,6,1497,0,0,149,299,599,0,0,0,0,0,0,0,0
0,0,0,0,0,0,0,0,0,0,0,0,0,0,0,0
9,5,3023,1,4,128,257,515,0,0,0,0,0,0,0,0
9,6,2799,1,4,22,45,90,0,0,0,0,0,0,0,0
10,6,2735,0,1,8,17,35,0,0,0,0,0,0,0,0
0,0,0,0,0,0,0,0,0,0,0,0,0,0,0,0
5,4,901,1,9,137,275,550,0,0,0,0,0,0,0,0
0,0,0,0,0,0,0,0,0,0,0,0,0,0,0,0
0,0,0,0,0,0,0,0,0,0,0,0,0,0,0,0
0,0,0,0,0,0,0,0,0,0,0,0,0,0,0,0
0,0,0,0,0,0,0,0,0,0,0,0,0,0,0,0
0,0,0,0,0,0,0,0,0,0,0,0,0,0,0,0
0,0,0,0,0,0,0,0,0,0,0,0,0,0,0,0
0,0,0,0,0,0,0,0,0,0,0,0,0,0,0,0
10,5,3886,1,1,149,299,599,0,0,0,0,0,0,0,0
10,5,4047,0,0,80,160,321,0,0,0,0,0,0,0,0
0,0,0,0,0,0,0,0,0,0,0,0,0,0,0,0
0,0,0,0,0,0,0,0,0,0,0,0,0,0,0,0
10,6,4095,1,0,120,240,481,0,0,0,0,0,0,0,0
7,4,4035,1,6,80,161,323,0,0,0,0,0,0,0,0
0,0,0,0,0,0,0,0,0,0,0,0,0,0,0,0
0,0,0,0,0,0,0,0,0,0,0,0,0,0,0,0
10,6,4091,1,0,10,20,40,0,0,0,0,0,0,0,0
8,4,3854,0,4,155,310,621,0,0,0,0,0,0,0,0
0,0,0,0,0,0,0,0,0,0,0,0,0,0,0,0
9,6,4095,1,5,81,162,324,0,0,0,0,0,0,0,0
0,0,0,0,0,0,0,0,0,0,0,0,0,0,0,0
0,0,0,0,0,0,0,0,0,0,0,0,0,0,0,0
10,5,4042,1,1,66,133,267,0,0,0,0,0,0,0,0
0,0,0,0,0,0,0,0,0,0,0,0,0,0,0,0
0,0,0,0,0,0,0,0,0,0,0,0,0,0,0,0
0,0,0,0,0,0,0,0,0,0,0,0,0,0,0,0
3,6,2734,1,13,23,47,94,0,0,0,0,0,0,0,0
10,4,3210,1,1,23,47,94,0,0,0,0,0,0,0,0
3,6,2477,1,13,22,44,89,0,0,0,0,0,0,0,0
10,6,4095,1,0,143,286,573,0,0,0,0,0,0,0,0
0,0,0,0,0,0,0,0,0,0,0,0,0,0,0,0
0,0,0,0,0,0,0,0,0,0,0,0,0,0,0,0
0,0,0,0,0,0,0,0,0,0,0,0,0,0,0,0
10,5,4047,0,0,146,292,585,0,0,0,0,0,0,0,0
10,5,4092,0,0,84,168,337,0,0,0,0,0,0,0,0
0,0,0,0,0,0,0,0,0,0,0,0,0,0,0,0
0,0,0,0,0,0,0,0,0,0,0,0,0,0,0,0
0,0,0,0,0,0,0,0,0,0,0,0,0,0,0,0
0,0,0,0,0,0,0,0,0,0,0,0,0,0,0,0
0,0,0,0,0,0,0,0,0,0,0,0,0,0,0,0
10,4,3891,0,0,146,292,585,0,0,0,0,0,0,0,0
0,0,0,0,0,0,0,0,0,0,0,0,0,0,0,0
10,6,1711,0,2,19,39,78,0,0,0,0,0,0,0,0
9,4,3849,1,3,78,156,313,0,0,0,0,0,0,0,0
0,0,0,0,0,0,0,0,0,0,0,0,0,0,0,0
5,4,809,1,9,144,288,576,0,0,0,0,0,0,0,0
0,0,0,0,0,0,0,0,0,0,0,0,0,0,0,0
0,0,0,0,0,0,0,0,0,0,0,0,0,0,0,0
0,0,0,0,0,0,0,0,0,0,0,0,0,0,0,0
2,4,1776,0,15,146,292,584,0,0,0,0,0,0,0,0
0,0,0,0,0,0,0,0,0,0,0,0,0,0,0,0
10,6,4090,1,1,126,253,507,0,0,0,0,0,0,0,0
0,0,0,0,0,0,0,0,0,0,0,0,0,0,0,0
0,0,0,0,0,0,0,0,0,0,0,0,0,0,0,0
0,0,0,0,0,0,0,0,0,0,0,0,0,0,0,0
9,6,4095,1,5,75,150,300,0,0,0,0,0,0,0,0
0,0,0,0,0,0,0,0,0,0,0,0,0,0,0,0
8,5,3262,0,5,44,88,177,0,0,0,0,0,0,0,0
0,0,0,0,0,0,0,0,0,0,0,0,0,0,0,0
10,5,2812,0,2,39,78,157,0,0,0,0,0,0,0,0
0,0,0,0,0,0,0,0,0,0,0,0,0,0,0,0
0,0,0,0,0,0,0,0,0,0,0,0,0,0,0,0
8,6,4094,0,4,44,89,178,0,0,0,0,0,0,0,0
10,4,3056,0,2,39,79,158,0,0,0,0,0,0,0,0
10,4,3891,0,0,113,226,453,0,0,0,0,0,0,0,0
10,4,4080,0,0,56,112,225,0,0,0,0,0,0,0,0
9,4,3845,1,3,76,152,304,0,0,0,0,0,0,0,0
10,4,255,0,0,32,64,129,0,0,0,0,0,0,0,0
10,6,4095,1,0,138,276,553,0,0,0,0,0,0,0,0
0,0,0,0,0,0,0,0,0,0,0,0,0,0,0,0
0,0,0,0,0,0,0,0,0,0,0,0,0,0,0,0
5,6,1454,1,11,61,122,245,0,0,0,0,0,0,0,0
0,0,0,0,0,0,0,0,0,0,0,0,0,0,0,0
10,4,2227,0,1,47,94,188,0,0,0,0,0,0,0,0
10,5,3903,0,0,43,86,173,0,0,0,0,0,0,0,0
10,5,4083,0,0,55,110,221,0,0,0,0,0,0,0,0
10,4,255,0,0,34,68,137,0,0,0,0,0,0,0,0
10,6,1707,0,2,112,225,450,0,0,0,0,0,0,0,0
0,0,0,0,0,0,0,0,0,0,0,0,0,0,0,0
0,0,0,0,0,0,0,0,0,0,0,0,0,0,0,0
10,5,2239,0,1,80,160,320,0,0,0,0,0,0,0,0
9,5,3237,1,3,89,178,356,0,0,0,0,0,0,0,0
3,4,916,1,15,73,147,294,0,0,0,0,0,0,0,0
6,4,2700,0,8,95,190,381,0,0,0,0,0,0,0,0
10,5,3327,1,0,117,234,469,0,0,0,0,0,0,0,0
0,0,0,0,0,0,0,0,0,0,0,0,0,0,0,0
10,5,1023,1,0,110,220,441,0,0,0,0,0,0,0,0
10,4,2291,0,1,68,136,273,0,0,0,0,0,0,0,0
0,0,0,0,0,0,0,0,0,0,0,0,0,0,0,0
10,6,4079,1,0,43,86,172,0,0,0,0,0,0,0,0
10,6,4031,0,0,50,100,201,0,0,0,0,0,0,0,0
0,0,0,0,0,0,0,0,0,0,0,0,0,0,0,0
10,4,555,0,1,44,89,178,0,0,0,0,0,0,0,0
0,0,0,0,0,0,0,0,0,0,0,0,0,0,0,0
10,6,4095,1,0,19,38,77,0,0,0,0,0,0,0,0
2,4,4080,0,13,92,184,368,0,0,0,0,0,0,0,0
0,0,0,0,0,0,0,0,0,0,0,0,0,0,0,0
10,5,4088,1,1,30,60,120,0,0,0,0,0,0,0,0
2,5,1019,0,13,104,208,416,0,0,0,0,0,0,0,0
0,0,0,0,0,0,0,0,0,0,0,0,0,0,0,0
9,4,3873,1,3,130,260,521,0,0,0,0,0,0,0,0
3,6,3733,1,15,117,235,471,0,0,0,0,0,0,0,0
9,5,2859,1,5,58,116,233,0,0,0,0,0,0,0,0
9,4,4000,1,3,91,182,365,0,0,0,0,0,0,0,0
0,0,0,0,0,0,0,0,0,0,0,0,0,0,0,0
3,4,3720,1,15,94,188,377,0,0,0,0,0,0,0,0
10,4,171,0,2,152,304,609,0,0,0,0,0,0,0,0
10,6,2731,0,1,2,5,10,0,0,0,0,0,0,0,0
10,5,3004,0,1,54,108,216,0,0,0,0,0,0,0,0
8,4,700,0,3,145,290,580,0,0,0,0,0,0,0,0
0,0,0,0,0,0,0,0,0,0,0,0,0,0,0,0
10,5,4067,1,0,61,122,244,0,0,0,0,0,0,0,0
0,0,0,0,0,0,0,0,0,0,0,0,0,0,0,0
0,0,0,0,0,0,0,0,0,0,0,0,0,0,0,0
0,0,0,0,0,0,0,0,0,0,0,0,0,0,0,0
8,5,3746,0,4,36,73,147,0,0,0,0,0,0,0,0
10,4,2700,0,2,9,19,39,0,0,0,0,0,0,0,0
0,0,0,0,0,0,0,0,0,0,0,0,0,0,0,0
0,0,0,0,0,0,0,0,0,0,0,0,0,0,0,0
2,6,2391,0,14,92,185,371,0,0,0,0,0,0,0,0
9,5,2863,1,5,106,213,426,0,0,0,0,0,0,0,0
10,4,3855,1,0,34,68,137,0,0,0,0,0,0,0,0
0,0,0,0,0,0,0,0,0,0,0,0,0,0,0,0
10,5,939,0,0,107,215,431,0,0,0,0,0,0,0,0
10,5,2984,1,0,80,160,321,0,0,0,0,0,0,0,0
0,0,0,0,0,0,0,0,0,0,0,0,0,0,0,0
0,0,0,0,0,0,0,0,0,0,0,0,0,0,0,0
0,0,0,0,0,0,0,0,0,0,0,0,0,0,0,0
0,0,0,0,0,0,0,0,0,0,0,0,0,0,0,0
10,5,3903,0,0,13,26,53,0,0,0,0,0,0,0,0
10,4,684,0,2,108,217,435,0,0,0,0,0,0,0,0
0,0,0,0,0,0,0,0,0,0,0,0,0,0,0,0
7,5,4076,1,6,135,271,543,0,0,0,0,0,0,0,0
8,4,299,0,3,87,174,348,0,0,0,0,0,0,0,0
10,5,4088,1,1,117,234,468,0,0,0,0,0,0,0,0
0,0,0,0,0,0,0,0,0,0,0,0,0,0,0,0
0,0,0,0,0,0,0,0,0,0,0,0,0,0,0,0
10,6,4095,1,0,120,240,481,0,0,0,0,0,0,0,0
9,4,932,1,4,13,26,52,0,0,0,0,0,0,0,0
0,0,0,0,0,0,0,0,0,0,0,0,0,0,0,0
4,5,3668,0,10,5,10,21,0,0,0,0,0,0,0,0
10,5,3903,0,0,156,312,625,0,0,0,0,0,0,0,0
10,5,3883,1,0,6,13,27,0,0,0,0,0,0,0,0
0,0,0,0,0,0,0,0,0,0,0,0,0,0,0,0
3,4,755,1,12,46,92,185,0,0,0,0,0,0,0,0
7,6,4074,1,8,69,138,277,0,0,0,0,0,0,0,0
10,5,1023,1,0,114,228,457,0,0,0,0,0,0,0,0
0,0,0,0,0,0,0,0,0,0,0,0,0,0,0,0
10,4,3024,1,2,112,224,448,0,0,0,0,0,0,0,0
0,0,0,0,0,0,0,0,0,0,0,0,0,0,0,0
0,0,0,0,0,0,0,0,0,0,0,0,0,0,0,0
10,6,4095,1,0,107,214,429,0,0,0,0,0,0,0,0
0,0,0,0,0,0,0,0,0,0,0,0,0,0,0,0
10,5,2738,0,0,152,305,610,0,0,0,0,0,0,0,0
10,4,4080,0,0,3,6,13,0,0,0,0,0,0,0,0
9,6,3070,1,5,134,269,538,0,0,0,0,0,0,0,0
0,0,0,0,0,0,0,0,0,0,0,0,0,0,0,0
10,6,4095,1,0,68,136,273,0,0,0,0,0,0,0,0
10,5,4042,1,1,13,27,55,0,0,0,0,0,0,0,0
9,5,1001,1,4,121,243,486,0,0,0,0,0,0,0,0
0,0,0,0,0,0,0,0,0,0,0,0,0,0,0,0
0,0,0,0,0,0,0,0,0,0,0,0,0,0,0,0
0,0,0,0,0,0,0,0,0,0,0,0,0,0,0,0
10,6,2734,0,0,149,299,598,0,0,0,0,0,0,0,0
0,0,0,0,0,0,0,0,0,0,0,0,0,0,0,0
9,5,1001,1,4,128,257,514,0,0,0,0,0,0,0,0
0,0,0,0,0,0,0,0,0,0,0,0,0,0,0,0
0,0,0,0,0,0,0,0,0,0,0,0,0,0,0,0
10,6,2751,0,2,9,18,36,0,0,0,0,0,0,0,0
10,6,4090,1,1,20,41,83,0,0,0,0,0,0,0,0
0,0,0,0,0,0,0,0,0,0,0,0,0,0,0,0
0,0,0,0,0,0,0,0,0,0,0,0,0,0,0,0
0,0,0,0,0,0,0,0,0,0,0,0,0,0,0,0
0,0,0,0,0,0,0,0,0,0,0,0,0,0,0,0
0,0,0,0,0,0,0,0,0,0,0,0,0,0,0,0
0,0,0,0,0,0,0,0,0,0,0,0,0,0,0,0
0,0,0,0,0,0,0,0,0,0,0,0,0,0,0,0
10,5,3064,0,0,76,152,304,0,0,0,0,0,0,0,0
10,5,3306,1,1,117,235,470,0,0,0,0,0,0,0,0
0,0,0,0,0,0,0,0,0,0,0,0,0,0,0,0
0,0,0,0,0,0,0,0,0,0,0,0,0,0,0,0
0,0,0,0,0,0,0,0,0,0,0,0,0,0,0,0
10,6,4011,1,0,18,37,75,0,0,0,0,0,0,0,0
0,0,0,0,0,0,0,0,0,0,0,0,0,0,0,0
0,0,0,0,0,0,0,0,0,0,0,0,0,0,0,0
10,5,3977,1,2,107,214,429,0,0,0,0,0,0,0,0
0,0,0,0,0,0,0,0,0,0,0,0,0,0,0,0
0,0,0,0,0,0,0,0,0,0,0,0,0,0,0,0
0,0,0,0,0,0,0,0,0,0,0,0,0,0,0,0
9,4,2851,1,5,44,89,178,0,0,0,0,0,0,0,0
10,6,3007,0,1,88,176,352,0,0,0,0,0,0,0,0
0,0,0,0,0,0,0,0,0,0,0,0,0,0,0,0
0,0,0,0,0,0,0,0,0,0,0,0,0,0,0,0
10,6,2815,0,1,110,220,440,0,0,0,0,0,0,0,0
8,5,1199,0,3,138,277,554,0,0,0,0,0,0,0,0
0,0,0,0,0,0,0,0,0,0,0,0,0,0,0,0
10,4,255,0,0,19,38,77,0,0,0,0,0,0,0,0
10,6,3834,1,1,60,121,243,0,0,0,0,0,0,0,0
10,4,2952,1,0,103,207,414,0,0,0,0,0,0,0,0
0,0,0,0,0,0,0,0,0,0,0,0,0,0,0,0
10,4,3114,1,1,134,269,538,0,0,0,0,0,0,0,0
10,6,4095,1,0,141,282,565,0,0,0,0,0,0,0,0
0,0,0,0,0,0,0,0,0,0,0,0,0,0,0,0
0,0,0,0,0,0,0,0,0,0,0,0,0,0,0,0
0,0,0,0,0,0,0,0,0,0,0,0,0,0,0,0
0,0,0,0,0,0,0,0,0,0,0,0,0,0,0,0
0,0,0,0,0,0,0,0,0,0,0,0,0,0,0,0
10,5,2239,0,1,18,36,72,0,0,0,0,0,0,0,0
9,5,2767,1,4,16,33,66,0,0,0,0,0,0,0,0
10,5,2744,0,0,86,173,346,0,0,0,0,0,0,0,0
0,0,0,0,0,0,0,0,0,0,0,0,0,0,0,0
0,0,0,0,0,0,0,0,0,0,0,0,0,0,0,0
10,6,4095,1,0,95,190,381,0,0,0,0,0,0,0,0
0,0,0,0,0,0,0,0,0,0,0,0,0,0,0,0
10,4,559,0,2,62,125,251,0,0,0,0,0,0,0,0
10,5,1583,0,2,29,59,118,0,0,0,0,0,0,0,0
9,4,905,1,3,40,80,161,0,0,0,0,0,0,0,0
0,0,0,0,0,0,0,0,0,0,0,0,0,0,0,0
8,4,3970,0,4,4,8,16,0,0,0,0,0,0,0,0
9,6,4069,1,3,123,246,493,0,0,0,0,0,0,0,0
0,0,0,0,0,0,0,0,0,0,0,0,0,0,0,0
7,4,724,1,8,132,265,530,0,0,0,0,0,0,0,0
0,0,0,0,0,0,0,0,0,0,0,0,0,0,0,0
10,6,1707,0,2,107,215,430,0,0,0,0,0,0,0,0
3,5,1021,1,15,19,38,76,0,0,0,0,0,0,0,0
7,4,3880,1,8,117,234,469,0,0,0,0,0,0,0,0
0,0,0,0,0,0,0,0,0,0,0,0,0,0,0,0
3,4,916,1,15,36,73,146,0,0,0,0,0,0,0,0
0,0,0,0,0,0,0,0,0,0,0,0,0,0,0,0
0,0,0,0,0,0,0,0,0,0,0,0,0,0,0,0
9,5,3732,1,4,84,169,338,0,0,0,0,0,0,0,0
8,4,975,0,5,91,183,367,0,0,0,0,0,0,0,0
7,6,4074,1,8,133,266,533,0,0,0,0,0,0,0,0
10,5,4083,0,0,17,34,69,0,0,0,0,0,0,0,0
8,4,1596,0,4,133,266,532,0,0,0,0,0,0,0,0
0,0,0,0,0,0,0,0,0,0,0,0,0,0,0,0
10,6,4091,1,0,51,102,204,0,0,0,0,0,0,0,0
10,6,4095,1,0,118,236,473,0,0,0,0,0,0,0,0
3,4,376,1,12,20,40,81,0,0,0,0,0,0,0,0
10,6,2751,0,2,28,56,112,0,0,0,0,0,0,0,0
10,4,4080,0,0,147,294,589,0,0,0,0,0,0,0,0
10,4,4080,0,0,100,200,401,0,0,0,0,0,0,0,0
0,0,0,0,0,0,0,0,0,0,0,0,0,0,0,0
0,0,0,0,0,0,0,0,0,0,0,0,0,0,0,0
6,4,109,0,6,138,276,553,0,0,0,0,0,0,0,0
0,0,0,0,0,0,0,0,0,0,0,0,0,0,0,0
0,0,0,0,0,0,0,0,0,0,0,0,0,0,0,0
10,6,4010,1,1,49,99,198,0,0,0,0,0,0,0,0
0,0,0,0,0,0,0,0,0,0,0,0,0,0,0,0
10,4,255,0,0,103,206,413,0,0,0,0,0,0,0,0
10,5,3327,1,0,94,188,377,0,0,0,0,0,0,0,0
10,5,4066,1,1,103,207,415,0,0,0,0,0,0,0,0
10,6,3065,1,1,53,107,214,0,0,0,0,0,0,0,0
0,0,0,0,0,0,0,0,0,0,0,0,0,0,0,0
6,5,2748,0,8,107,214,429,0,0,0,0,0,0,0,0
0,0,0,0,0,0,0,0,0,0,0,0,0,0,0,0
10,6,4095,1,0,112,224,449,0,0,0,0,0,0,0,0
10,5,3327,1,0,106,212,425,0,0,0,0,0,0,0,0
10,5,1023,1,0,51,102,205,0,0,0,0,0,0,0,0
0,0,0,0,0,0,0,0,0,0,0,0,0,0,0,0
0,0,0,0,0,0,0,0,0,0,0,0,0,0,0,0
0,0,0,0,0,0,0,0,0,0,0,0,0,0,0,0
10,5,4092,0,0,148,296,593,0,0,0,0,0,0,0,0
0,0,0,0,0,0,0,0,0,0,0,0,0,0,0,0
0,0,0,0,0,0,0,0,0,0,0,0,0,0,0,0
10,6,4095,1,0,43,86,173,0,0,0,0,0,0,0,0
0,0,0,0,0,0,0,0,0,0,0,0,0,0,0,0
10,5,4092,0,0,62,124,249,0,0,0,0,0,0,0,0
4,6,1387,0,9,46,93,186,0,0,0,0,0,0,0,0
4,5,367,0,10,50,101,203,0,0,0,0,0,0,0,0
0,0,0,0,0,0,0,0,0,0,0,0,0,0,0,0
0,0,0,0,0,0,0,0,0,0,0,0,0,0,0,0
9,5,3881,1,3,50,100,201,0,0,0,0,0,0,0,0
10,5,4047,0,0,77,154,309,0,0,0,0,0,0,0,0
0,0,0,0,0,0,0,0,0,0,0,0,0,0,0,0
3,6,3754,1,14,76,153,306,0,0,0,0,0,0,0,0
5,4,901,1,9,137,275,550,0,0,0,0,0,0,0,0
0,0,0,0,0,0,0,0,0,0,0,0,0,0,0,0
0,0,0,0,0,0,0,0,0,0,0,0,0,0,0,0
0,0,0,0,0,0,0,0,0,0,0,0,0,0,0,0
0,0,0,0,0,0,0,0,0,0,0,0,0,0,0,0
0,0,0,0,0,0,0,0,0,0,0,0,0,0,0,0
8,5,1423,0,3,47,95,190,0,0,0,0,0,0,0,0
0,0,0,0,0,0,0,0,0,0,0,0,0,0,0,0
0,0,0,0,0,0,0,0,0,0,0,0,0,0,0,0
0,0,0,0,0,0,0,0,0,0,0,0,0,0,0,0
0,0,0,0,0,0,0,0,0,0,0,0,0,0,0,0
9,6,4073,1,3,50,101,202,0,0,0,0,0,0,0,0
10,4,979,1,0,130,261,523,0,0,0,0,0,0,0,0
10,5,1699,0,2,134,269,538,0,0,0,0,0,0,0,0
10,4,936,1,2,56,112,225,0,0,0,0,0,0,0,0
6,6,2746,0,6,17,35,71,0,0,0,0,0,0,0,0
0,0,0,0,0,0,0,0,0,0,0,0,0,0,0,0
0,0,0,0,0,0,0,0,0,0,0,0,0,0,0,0
6,5,639,0,8,115,230,460,0,0,0,0,0,0,0,0
10,4,3784,1,1,45,91,182,0,0,0,0,0,0,0,0
10,5,4092,0,0,2,4,9,0,0,0,0,0,0,0,0
10,4,3874,1,1,150,301,602,0,0,0,0,0,0,0,0
0,0,0,0,0,0,0,0,0,0,0,0,0,0,0,0
0,0,0,0,0,0,0,0,0,0,0,0,0,0,0,0
2,5,2858,0,12,89,178,357,0,0,0,0,0,0,0,0
10,5,437,1,0,60,121,243,0,0,0,0,0,0,0,0
10,4,255,0,0,127,254,509,0,0,0,0,0,0,0,0
0,0,0,0,0,0,0,0,0,0,0,0,0,0,0,0
0,0,0,0,0,0,0,0,0,0,0,0,0,0,0,0
0,0,0,0,0,0,0,0,0,0,0,0,0,0,0,0
4,6,1387,0,9,108,217,434,0,0,0,0,0,0,0,0
0,0,0,0,0,0,0,0,0,0,0,0,0,0,0,0
0,0,0,0,0,0,0,0,0,0,0,0,0,0,0,0
0,0,0,0,0,0,0,0,0,0,0,0,0,0,0,0
9,5,4001,1,3,91,182,364,0,0,0,0,0,0,0,0
7,5,4066,1,8,16,32,65,0,0,0,0,0,0,0,0
3,4,3146,1,14,62,124,249,0,0,0,0,0,0,0,0
10,5,4047,0,0,44,88,177,0,0,0,0,0,0,0,0
8,6,4030,0,5,155,310,621,0,0,0,0,0,0,0,0
8,5,4018,0,4,11,22,45,0,0,0,0,0,0,0,0
9,4,1011,1,5,80,161,323,0,0,0,0,0,0,0,0
0,0,0,0,0,0,0,0,0,0,0,0,0,0,0,0
10,5,2703,0,1,35,71,143,0,0,0,0,0,0,0,0
10,5,4066,1,1,66,133,267,0,0,0,0,0,0,0,0
0,0,0,0,0,0,0,0,0,0,0,0,0,0,0,0
0,0,0,0,0,0,0,0,0,0,0,0,0,0,0,0
0,0,0,0,0,0,0,0,0,0,0,0,0,0,0,0
0,0,0,0,0,0,0,0,0,0,0,0,0,0,0,0
0,0,0,0,0,0,0,0,0,0,0,0,0,0,0,0
0,0,0,0,0,0,0,0,0,0,0,0,0,0,0,0
0,0,0,0,0,0,0,0,0,0,0,0,0,0,0,0
10,6,2735,0,1,70,141,283,0,0,0,0,0,0,0,0
0,0,0,0,0,0,0,0,0,0,0,0,0,0,0,0
9,5,2283,1,5,66,132,265,0,0,0,0,0,0,0,0
10,6,4095,1,0,80,160,321,0,0,0,0,0,0,0,0
0,0,0,0,0,0,0,0,0,0,0,0,0,0,0,0
0,0,0,0,0,0,0,0,0,0,0,0,0,0,0,0
0,0,0,0,0,0,0,0,0,0,0,0,0,0,0,0
0,0,0,0,0,0,0,0,0,0,0,0,0,0,0,0
0,0,0,0,0,0,0,0,0,0,0,0,0,0,0,0
10,6,4094,1,1,109,218,436,0,0,0,0,0,0,0,0
0,0,0,0,0,0,0,0,0,0,0,0,0,0,0,0
0,0,0,0,0,0,0,0,0,0,0,0,0,0,0,0
10,4,3855,1,0,146,292,585,0,0,0,0,0,0,0,0
10,6,4095,1,0,30,60,121,0,0,0,0,0,0,0,0
0,0,0,0,0,0,0,0,0,0,0,0,0,0,0,0
0,0,0,0,0,0,0,0,0,0,0,0,0,0,0,0
10,4,3889,1,2,38,77,154,0,0,0,0,0,0,0,0
7,5,1002,1,8,66,132,265,0,0,0,0,0,0,0,0
0,0,0,0,0,0,0,0,0,0,0,0,0,0,0,0
3,5,507,1,12,96,193,387,0,0,0,0,0,0,0,0
9,6,4005,1,3,64,128,256,0,0,0,0,0,0,0,0
0,0,0,0,0,0,0,0,0,0,0,0,0,0,0,0
8,4,3900,0,5,21,43,86,0,0,0,0,0,0,0,0
0,0,0,0,0,0,0,0,0,0,0,0,0,0,0,0
3,4,1020,1,15,113,226,453,0,0,0,0,0,0,0,0
9,4,3324,1,5,75,150,300,0,0,0,0,0,0,0,0
0,0,0,0,0,0,0,0,0,0,0,0,0,0,0,0
8,5,1724,0,4,44,88,176,0,0,0,0,0,0,0,0
0,0,0,0,0,0,0,0,0,0,0,0,0,0,0,0
0,0,0,0,0,0,0,0,0,0,0,0,0,0,0,0
0,0,0,0,0,0,0,0,0,0,0,0,0,0,0,0
10,5,3882,1,1,144,289,578,0,0,0,0,0,0,0,0
0,0,0,0,0,0,0,0,0,0,0,0,0,0,0,0
0,0,0,0,0,0,0,0,0,0,0,0,0,0,0,0
0,0,0,0,0,0,0,0,0,0,0,0,0,0,0,0
0,0,0,0,0,0,0,0,0,0,0,0,0,0,0,0
0,0,0,0,0,0,0,0,0,0,0,0,0,0,0,0
10,5,3827,0,0,61,122,245,0,0,0,0,0,0,0,0
10,6,4010,1,1,107,215,430,0,0,0,0,0,0,0,0
0,0,0,0,0,0,0,0,0,0,0,0,0,0,0,0
0,0,0,0,0,0,0,0,0,0,0,0,0,0,0,0
3,5,507,1,12,96,193,387,0,0,0,0,0,0,0,0
9,5,3973,1,3,64,128,256,0,0,0,0,0,0,0,0
0,0,0,0,0,0,0,0,0,0,0,0,0,0,0,0
8,5,3902,0,4,21,42,85,0,0,0,0,0,0,0,0
0,0,0,0,0,0,0,0,0,0,0,0,0,0,0,0
0,0,0,0,0,0,0,0,0,0,0,0,0,0,0,0
3,4,1020,1,15,113,226,453,0,0,0,0,0,0,0,0
0,0,0,0,0,0,0,0,0,0,0,0,0,0,0,0
10,4,810,1,2,53,107,214,0,0,0,0,0,0,0,0
8,4,1167,0,3,116,233,466,0,0,0,0,0,0,0,0
9,5,4041,1,3,2,5,10,0,0,0,0,0,0,0,0
6,6,1466,0,7,150,301,602,0,0,0,0,0,0,0,0
0,0,0,0,0,0,0,0,0,0,0,0,0,0,0,0
0,0,0,0,0,0,0,0,0,0,0,0,0,0,0,0
8,4,1456,0,5,70,140,280,0,0,0,0,0,0,0,0
0,0,0,0,0,0,0,0,0,0,0,0,0,0,0,0
8,4,395,0,3,152,304,609,0,0,0,0,0,0,0,0
0,0,0,0,0,0,0,0,0,0,0,0,0,0,0,0
5,6,1454,1,11,61,122,245,0,0,0,0,0,0,0,0
10,6,4090,1,1,111,223,447,0,0,0,0,0,0,0,0
0,0,0,0,0,0,0,0,0,0,0,0,0,0,0,0
10,6,4090,1,1,141,283,567,0,0,0,0,0,0,0,0
10,5,2591,0,1,33,67,134,0,0,0,0,0,0,0,0
8,4,111,0,5,87,174,349,0,0,0,0,0,0,0,0
9,6,3070,1,5,134,269,538,0,0,0,0,0,0,0,0
0,0,0,0,0,0,0,0,0,0,0,0,0,0,0,0
0,0,0,0,0,0,0,0,0,0,0,0,0,0,0,0
0,0,0,0,0,0,0,0,0,0,0,0,0,0,0,0
8,4,1167,0,3,116,233,466,0,0,0,0,0,0,0,0
10,5,4072,1,2,2,5,10,0,0,0,0,0,0,0,0
6,4,191,0,8,150,300,601,0,0,0,0,0,0,0,0
0,0,0,0,0,0,0,0,0,0,0,0,0,0,0,0
5,6,4073,1,9,102,204,408,4,4,3905,0,9,71,143,286
8,4,3210,0,4,7,14,28,0,0,0,0,0,0,0,0
8,4,2946,0,5,152,304,608,0,0,0,0,0,0,0,0
0,0,0,0,0,0,0,0,0,0,0,0,0,0,0,0
0,0,0,0,0,0,0,0,0,0,0,0,0,0,0,0
10,6,3071,0,1,30,60,121,0,0,0,0,0,0,0,0
9,5,4004,1,4,142,284,568,0,0,0,0,0,0,0,0
7,6,2794,1,6,134,268,536,0,0,0,0,0,0,0,0
0,0,0,0,0,0,0,0,0,0,0,0,0,0,0,0
10,5,1018,1,2,58,116,232,0,0,0,0,0,0,0,0
10,6,4095,1,0,49,98,197,0,0,0,0,0,0,0,0
3,4,249,1,15,138,276,552,0,0,0,0,0,0,0,0
0,0,0,0,0,0,0,0,0,0,0,0,0,0,0,0
10,6,1451,0,2,153,306,613,0,0,0,0,0,0,0,0
9,6,4073,1,3,138,277,554,0,0,0,0,0,0,0,0
8,5,1379,0,3,27,54,109,0,0,0,0,0,0,0,0
0,0,0,0,0,0,0,0,0,0,0,0,0,0,0,0
10,6,4095,1,0,107,214,429,0,0,0,0,0,0,0,0
10,5,2979,0,0,152,305,611,0,0,0,0,0,0,0,0
10,6,2735,0,1,3,7,15,0,0,0,0,0,0,0,0
0,0,0,0,0,0,0,0,0,0,0,0,0,0,0,0
0,0,0,0,0,0,0,0,0,0,0,0,0,0,0,0
0,0,0,0,0,0,0,0,0,0,0,0,0,0,0,0
0,0,0,0,0,0,0,0,0,0,0,0,0,0,0,0
9,5,937,1,3,121,242,485,0,0,0,0,0,0,0,0
10,4,1020,1,0,30,60,121,0,0,0,0,0,0,0,0
10,4,3113,1,2,142,284,569,0,0,0,0,0,0,0,0
0,0,0,0,0,0,0,0,0,0,0,0,0,0,0,0
0,0,0,0,0,0,0,0,0,0,0,0,0,0,0,0
10,4,1011,0,0,49,98,197,0,0,0,0,0,0,0,0
3,4,249,1,15,138,276,552,0,0,0,0,0,0,0,0
0,0,0,0,0,0,0,0,0,0,0,0,0,0,0,0
10,4,555,0,1,153,307,614,0,0,0,0,0,0,0,0
10,4,4040,1,2,138,277,555,0,0,0,0,0,0,0,0
8,5,1355,0,3,27,54,108,0,0,0,0,0,0,0,0
0,0,0,0,0,0,0,0,0,0,0,0,0,0,0,0
0,0,0,0,0,0,0,0,0,0,0,0,0,0,0,0
8,4,831,0,5,36,73,147,0,0,0,0,0,0,0,0
8,4,1596,0,4,10,20,40,0,0,0,0,0,0,0,0
10,4,3617,1,2,79,158,316,0,0,0,0,0,0,0,0
10,5,2239,0,1,6,12,24,0,0,0,0,0,0,0,0
2,6,2647,0,14,92,185,371,0,0,0,0,0,0,0,0
0,0,0,0,0,0,0,0,0,0,0,0,0,0,0,0
0,0,0,0,0,0,0,0,0,0,0,0,0,0,0,0
0,0,0,0,0,0,0,0,0,0,0,0,0,0,0,0
0,0,0,0,0,0,0,0,0,0,0,0,0,0,0,0
0,0,0,0,0,0,0,0,0,0,0,0,0,0,0,0
0,0,0,0,0,0,0,0,0,0,0,0,0,0,0,0
0,0,0,0,0,0,0,0,0,0,0,0,0,0,0,0
7,5,4072,1,8,72,144,289,0,0,0,0,0,0,0,0
10,5,2412,0,2,7,14,29,0,0,0,0,0,0,0,0
0,0,0,0,0,0,0,0,0,0,0,0,0,0,0,0
0,0,0,0,0,0,0,0,0,0,0,0,0,0,0,0
0,0,0,0,0,0,0,0,0,0,0,0,0,0,0,0
10,4,684,0,2,77,155,311,0,0,0,0,0,0,0,0
10,4,3114,1,1,96,193,386,0,0,0,0,0,0,0,0
3,5,3327,1,13,46,92,185,0,0,0,0,0,0,0,0
2,6,1707,0,15,117,234,469,0,0,0,0,0,0,0,0
10,5,4083,0,0,41,82,165,0,0,0,0,0,0,0,0
6,5,4047,0,6,104,209,419,0,0,0,0,0,0,0,0
0,0,0,0,0,0,0,0,0,0,0,0,0,0,0,0
0,0,0,0,0,0,0,0,0,0,0,0,0,0,0,0
9,4,993,1,4,31,62,125,0,0,0,0,0,0,0,0
0,0,0,0,0,0,0,0,0,0,0,0,0,0,0,0
0,0,0,0,0,0,0,0,0,0,0,0,0,0,0,0
0,0,0,0,0,0,0,0,0,0,0,0,0,0,0,0
0,0,0,0,0,0,0,0,0,0,0,0,0,0,0,0
0,0,0,0,0,0,0,0,0,0,0,0,0,0,0,0
0,0,0,0,0,0,0,0,0,0,0,0,0,0,0,0
10,5,2412,0,2,7,14,29,0,0,0,0,0,0,0,0
0,0,0,0,0,0,0,0,0,0,0,0,0,0,0,0
0,0,0,0,0,0,0,0,0,0,0,0,0,0,0,0
0,0,0,0,0,0,0,0,0,0,0,0,0,0,0,0
10,5,2748,0,2,78,156,312,0,0,0,0,0,0,0,0
0,0,0,0,0,0,0,0,0,0,0,0,0,0,0,0
3,6,2490,1,12,46,93,186,0,0,0,0,0,0,0,0
2,5,407,0,15,117,235,471,0,0,0,0,0,0,0,0
4,5,3668,0,10,5,10,21,0,0,0,0,0,0,0,0
10,6,4095,1,0,18,36,73,0,0,0,0,0,0,0,0
10,5,2703,0,1,151,303,607,0,0,0,0,0,0,0,0
0,0,0,0,0,0,0,0,0,0,0,0,0,0,0,0
0,0,0,0,0,0,0,0,0,0,0,0,0,0,0,0
7,5,4066,1,8,133,266,533,0,0,0,0,0,0,0,0
8,6,1375,0,3,133,266,533,0,0,0,0,0,0,0,0
0,0,0,0,0,0,0,0,0,0,0,0,0,0,0,0
0,0,0,0,0,0,0,0,0,0,0,0,0,0,0,0
0,0,0,0,0,0,0,0,0,0,0,0,0,0,0,0
7,4,1000,1,8,31,62,125,0,0,0,0,0,0,0,0
8,4,1187,0,3,64,129,258,0,0,0,0,0,0,0,0
0,0,0,0,0,0,0,0,0,0,0,0,0,0,0,0
10,6,2731,0,1,18,37,74,0,0,0,0,0,0,0,0
10,4,2191,0,1,151,303,607,0,0,0,0,0,0,0,0
0,0,0,0,0,0,0,0,0,0,0,0,0,0,0,0
0,0,0,0,0,0,0,0,0,0,0,0,0,0,0,0
8,5,1423,0,3,53,107,214,0,0,0,0,0,0,0,0
10,6,1497,0,0,149,299,599,0,0,0,0,0,0,0,0
9,4,975,1,5,128,257,515,0,0,0,0,0,0,0,0
10,4,3210,1,1,14,29,58,0,0,0,0,0,0,0,0
9,5,2287,1,4,22,45,90,0,0,0,0,0,0,0,0
10,6,2735,0,1,8,17,35,0,0,0,0,0,0,0,0
10,4,3890,1,1,21,42,84,0,0,0,0,0,0,0,0
0,0,0,0,0,0,0,0,0,0,0,0,0,0,0,0
0,0,0,0,0,0,0,0,0,0,0,0,0,0,0,0
8,6,3770,0,5,44,88,176,0,0,0,0,0,0,0,0
0,0,0,0,0,0,0,0,0,0,0,0,0,0,0,0
10,6,4095,1,0,52,104,209,0,0,0,0,0,0,0,0
0,0,0,0,0,0,0,0,0,0,0,0,0,0,0,0
0,0,0,0,0,0,0,0,0,0,0,0,0,0,0,0
10,6,3839,0,0,43,86,173,0,0,0,0,0,0,0,0
0,0,0,0,0,0,0,0,0,0,0,0,0,0,0,0
0,0,0,0,0,0,0,0,0,0,0,0,0,0,0,0
0,0,0,0,0,0,0,0,0,0,0,0,0,0,0,0
0,0,0,0,0,0,0,0,0,0,0,0,0,0,0,0
4,4,303,0,10,46,93,187,0,0,0,0,0,0,0,0
0,0,0,0,0,0,0,0,0,0,0,0,0,0,0,0
10,6,2751,0,2,68,136,272,0,0,0,0,0,0,0,0
0,0,0,0,0,0,0,0,0,0,0,0,0,0,0,0
0,0,0,0,0,0,0,0,0,0,0,0,0,0,0,0
0,0,0,0,0,0,0,0,0,0,0,0,0,0,0,0
10,5,2239,0,1,88,176,352,0,0,0,0,0,0,0,0
0,0,0,0,0,0,0,0,0,0,0,0,0,0,0,0
0,0,0,0,0,0,0,0,0,0,0,0,0,0,0,0
0,0,0,0,0,0,0,0,0,0,0,0,0,0,0,0
10,4,2236,0,2,110,220,440,0,0,0,0,0,0,0,0
10,6,4095,1,0,93,186,373,0,0,0,0,0,0,0,0
10,6,2799,0,1,52,104,208,0,0,0,0,0,0,0,0
8,5,3258,0,4,45,90,180,0,0,0,0,0,0,0,0
0,0,0,0,0,0,0,0,0,0,0,0,0,0,0,0
10,5,2763,0,1,45,91,183,0,0,0,0,0,0,0,0
0,0,0,0,0,0,0,0,0,0,0,0,0,0,0,0
0,0,0,0,0,0,0,0,0,0,0,0,0,0,0,0
0,0,0,0,0,0,0,0,0,0,0,0,0,0,0,0
9,5,4065,1,3,50,100,201,0,0,0,0,0,0,0,0
0,0,0,0,0,0,0,0,0,0,0,0,0,0,0,0
10,6,2811,0,1,60,121,243,0,0,0,0,0,0,0,0
10,4,2595,0,1,134,269,539,0,0,0,0,0,0,0,0
10,4,1011,0,0,56,112,225,0,0,0,0,0,0,0,0
0,0,0,0,0,0,0,0,0,0,0,0,0,0,0,0
0,0,0,0,0,0,0,0,0,0,0,0,0,0,0,0
3,5,3242,1,14,94,189,378,0,0,0,0,0,0,0,0
10,5,3059,0,1,152,304,609,0,0,0,0,0,0,0,0
10,5,4083,0,0,2,4,9,0,0,0,0,0,0,0,0
10,5,2222,0,0,41,83,166,0,0,0,0,0,0,0,0
10,6,2751,0,2,145,290,580,0,0,0,0,0,0,0,0
0,0,0,0,0,0,0,0,0,0,0,0,0,0,0,0
10,5,4047,0,0,61,122,245,0,0,0,0,0,0,0,0
10,6,3754,1,1,53,106,213,0,0,0,0,0,0,0,0
0,0,0,0,0,0,0,0,0,0,0,0,0,0,0,0
0,0,0,0,0,0,0,0,0,0,0,0,0,0,0,0
0,0,0,0,0,0,0,0,0,0,0,0,0,0,0,0
10,6,1711,0,2,79,159,318,0,0,0,0,0,0,0,0
0,0,0,0,0,0,0,0,0,0,0,0,0,0,0,0
0,0,0,0,0,0,0,0,0,0,0,0,0,0,0,0
10,5,2239,0,1,18,36,72,0,0,0,0,0,0,0,0
0,0,0,0,0,0,0,0,0,0,0,0,0,0,0,0
4,4,1420,0,10,115,230,461,0,0,0,0,0,0,0,0
10,5,3327,1,0,2,4,9,0,0,0,0,0,0,0,0
10,4,3880,1,2,150,301,602,0,0,0,0,0,0,0,0
0,0,0,0,0,0,0,0,0,0,0,0,0,0,0,0
0,0,0,0,0,0,0,0,0,0,0,0,0,0,0,0
6,4,191,0,8,119,238,477,0,0,0,0,0,0,0,0
3,4,1268,1,13,34,68,137,0,0,0,0,0,0,0,0
0,0,0,0,0,0,0,0,0,0,0,0,0,0,0,0
10,4,1016,1,2,113,226,452,0,0,0,0,0,0,0,0
0,0,0,0,0,0,0,0,0,0,0,0,0,0,0,0
10,6,1710,0,1,57,114,229,0,0,0,0,0,0,0,0
10,5,3626,1,1,144,289,578,0,0,0,0,0,0,0,0
0,0,0,0,0,0,0,0,0,0,0,0,0,0,0,0
10,6,4095,1,0,55,110,221,0,0,0,0,0,0,0,0
10,6,4095,1,0,36,72,145,0,0,0,0,0,0,0,0
0,0,0,0,0,0,0,0,0,0,0,0,0,0,0,0
10,5,938,1,1,107,215,430,0,0,0,0,0,0,0,0
9,6,2731,1,4,13,26,52,0,0,0,0,0,0,0,0
0,0,0,0,0,0,0,0,0,0,0,0,0,0,0,0
0,0,0,0,0,0,0,0,0,0,0,0,0,0,0,0
10,6,4095,1,0,25,50,101,0,0,0,0,0,0,0,0
0,0,0,0,0,0,0,0,0,0,0,0,0,0,0,0
7,6,4074,1,8,140,280,561,0,0,0,0,0,0,0,0
0,0,0,0,0,0,0,0,0,0,0,0,0,0,0,0
10,6,4095,1,0,102,204,409,0,0,0,0,0,0,0,0
3,4,909,1,15,18,37,75,0,0,0,0,0,0,0,0
10,5,3882,1,1,54,109,218,0,0,0,0,0,0,0,0
0,0,0,0,0,0,0,0,0,0,0,0,0,0,0,0
0,0,0,0,0,0,0,0,0,0,0,0,0,0,0,0
0,0,0,0,0,0,0,0,0,0,0,0,0,0,0,0
7,6,3050,1,6,66,132,265,0,0,0,0,0,0,0,0
0,0,0,0,0,0,0,0,0,0,0,0,0,0,0,0
10,5,3752,1,1,25,50,101,0,0,0,0,0,0,0,0
0,0,0,0,0,0,0,0,0,0,0,0,0,0,0,0
10,6,4095,1,0,149,298,597,0,0,0,0,0,0,0,0
0,0,0,0,0,0,0,0,0,0,0,0,0,0,0,0
10,6,2731,0,1,152,305,610,4,5,1724,0,9,43,86,173
3,5,3668,1,15,126,252,505,0,0,0,0,0,0,0,0
10,5,3327,1,0,107,214,429,0,0,0,0,0,0,0,0
0,0,0,0,0,0,0,0,0,0,0,0,0,0,0,0
9,6,3070,1,5,134,269,538,0,0,0,0,0,0,0,0
10,4,1020,1,0,157,314,629,0,0,0,0,0,0,0,0
0,0,0,0,0,0,0,0,0,0,0,0,0,0,0,0
9,5,1001,1,4,121,243,486,0,0,0,0,0,0,0,0
10,6,4095,1,0,153,306,613,0,0,0,0,0,0,0,0
10,5,4083,0,0,3,6,13,0,0,0,0,0,0,0,0
0,0,0,0,0,0,0,0,0,0,0,0,0,0,0,0
10,5,3978,1,1,117,235,470,0,0,0,0,0,0,0,0
0,0,0,0,0,0,0,0,0,0,0,0,0,0,0,0
9,4,4048,1,4,97,195,391,0,0,0,0,0,0,0,0
10,4,3744,1,2,64,128,256,0,0,0,0,0,0,0,0
0,0,0,0,0,0,0,0,0,0,0,0,0,0,0,0
0,0,0,0,0,0,0,0,0,0,0,0,0,0,0,0
0,0,0,0,0,0,0,0,0,0,0,0,0,0,0,0
0,0,0,0,0,0,0,0,0,0,0,0,0,0,0,0
3,4,1020,1,15,113,226,453,0,0,0,0,0,0,0,0
0,0,0,0,0,0,0,0,0,0,0,0,0,0,0,0
0,0,0,0,0,0,0,0,0,0,0,0,0,0,0,0
10,4,126,0,2,88,176,353,0,0,0,0,0,0,0,0
10,4,3855,1,0,133,266,533,0,0,0,0,0,0,0,0
8,5,3242,0,4,94,189,379,0,0,0,0,0,0,0,0
0,0,0,0,0,0,0,0,0,0,0,0,0,0,0,0
10,6,4026,1,1,58,117,235,0,0,0,0,0,0,0,0
10,4,831,1,0,16,32,65,0,0,0,0,0,0,0,0
0,0,0,0,0,0,0,0,0,0,0,0,0,0,0,0
0,0,0,0,0,0,0,0,0,0,0,0,0,0,0,0
0,0,0,0,0,0,0,0,0,0,0,0,0,0,0,0
9,6,2751,1,3,10,21,42,10,5,1023,1,0,25,50,101
10,5,3326,1,1,30,60,120,0,0,0,0,0,0,0,0
2,5,1019,0,13,104,208,416,0,0,0,0,0,0,0,0
10,6,4095,1,0,68,136,273,0,0,0,0,0,0,0,0
0,0,0,0,0,0,0,0,0,0,0,0,0,0,0,0
10,6,4095,1,0,106,212,425,0,0,0,0,0,0,0,0
2,4,1776,0,15,105,210,420,0,0,0,0,0,0,0,0
8,4,1167,0,3,116,233,466,0,0,0,0,0,0,0,0
10,6,4089,1,2,2,5,10,0,0,0,0,0,0,0,0
6,6,1390,0,8,150,301,602,0,0,0,0,0,0,0,0
0,0,0,0,0,0,0,0,0,0,0,0,0,0,0,0
6,4,700,0,8,70,140,281,0,0,0,0,0,0,0,0
10,5,3746,1,1,123,246,493,0,0,0,0,0,0,0,0
8,5,3982,0,5,7,14,29,0,0,0,0,0,0,0,0
0,0,0,0,0,0,0,0,0,0,0,0,0,0,0,0
10,6,4095,1,0,139,278,557,0,0,0,0,0,0,0,0
9,4,3620,1,3,91,183,367,0,0,0,0,0,0,0,0
9,5,3321,1,3,92,185,370,0,0,0,0,0,0,0,0
10,5,4092,0,0,79,158,317,0,0,0,0,0,0,0,0
8,4,2800,0,3,136,273,546,0,0,0,0,0,0,0,0
10,6,2747,0,1,124,249,499,0,0,0,0,0,0,0,0
10,5,3241,1,2,121,242,485,0,0,0,0,0,0,0,0
0,0,0,0,0,0,0,0,0,0,0,0,0,0,0,0
6,4,1223,0,7,126,253,507,0,0,0,0,0,0,0,0
0,0,0,0,0,0,0,0,0,0,0,0,0,0,0,0
9,4,2575,1,4,16,33,66,0,0,0,0,0,0,0,0
0,0,0,0,0,0,0,0,0,0,0,0,0,0,0,0
0,0,0,0,0,0,0,0,0,0,0,0,0,0,0,0
0,0,0,0,0,0,0,0,0,0,0,0,0,0,0,0
0,0,0,0,0,0,0,0,0,0,0,0,0,0,0,0
9,5,933,1,4,107,214,428,0,0,0,0,0,0,0,0
6,4,1101,0,7,36,72,145,3,4,229,1,15,41,83,166
0,0,0,0,0,0,0,0,0,0,0,0,0,0,0,0
10,6,3071,0,1,30,60,121,0,0,0,0,0,0,0,0
10,5,3621,1,2,141,283,567,0,0,0,0,0,0,0,0
9,6,4073,1,3,134,269,538,0,0,0,0,0,0,0,0
0,0,0,0,0,0,0,0,0,0,0,0,0,0,0,0
0,0,0,0,0,0,0,0,0,0,0,0,0,0,0,0
10,5,3903,0,0,49,98,197,0,0,0,0,0,0,0,0
0,0,0,0,0,0,0,0,0,0,0,0,0,0,0,0
10,5,2812,0,2,153,306,613,0,0,0,0,0,0,0,0
9,6,2799,1,4,138,277,554,0,0,0,0,0,0,0,0
10,5,4067,1,0,51,102,204,0,0,0,0,0,0,0,0
10,4,831,1,0,88,176,353,0,0,0,0,0,0,0,0
10,5,2723,0,1,80,161,322,0,0,0,0,0,0,0,0
0,0,0,0,0,0,0,0,0,0,0,0,0,0,0,0
0,0,0,0,0,0,0,0,0,0,0,0,0,0,0,0
0,0,0,0,0,0,0,0,0,0,0,0,0,0,0,0
0,0,0,0,0,0,0,0,0,0,0,0,0,0,0,0
4,6,1387,0,9,108,217,434,0,0,0,0,0,0,0,0
0,0,0,0,0,0,0,0,0,0,0,0,0,0,0,0
0,0,0,0,0,0,0,0,0,0,0,0,0,0,0,0
9,5,3973,1,3,91,182,364,0,0,0,0,0,0,0,0
7,5,4072,1,8,16,32,65,0,0,0,0,0,0,0,0
3,5,958,1,14,62,124,248,0,0,0,0,0,0,0,0
0,0,0,0,0,0,0,0,0,0,0,0,0,0,0,0
10,4,3279,1,0,124,248,497,0,0,0,0,0,0,0,0
10,4,3024,1,2,112,224,448,0,0,0,0,0,0,0,0
0,0,0,0,0,0,0,0,0,0,0,0,0,0,0,0
10,6,3007,0,1,104,208,416,0,0,0,0,0,0,0,0
9,4,901,1,4,3,6,12,0,0,0,0,0,0,0,0
7,5,4083,1,6,147,294,588,0,0,0,0,0,0,0,0
0,0,0,0,0,0,0,0,0,0,0,0,0,0,0,0
0,0,0,0,0,0,0,0,0,0,0,0,0,0,0,0
0,0,0,0,0,0,0,0,0,0,0,0,0,0,0,0
0,0,0,0,0,0,0,0,0,0,0,0,0,0,0,0
0,0,0,0,0,0,0,0,0,0,0,0,0,0,0,0
0,0,0,0,0,0,0,0,0,0,0,0,0,0,0,0
10,6,4095,1,0,51,102,205,10,6,3050,1,0,64,129,258
0,0,0,0,0,0,0,0,0,0,0,0,0,0,0,0
10,5,2412,0,2,7,14,29,0,0,0,0,0,0,0,0
10,5,3327,1,0,27,54,109,0,0,0,0,0,0,0,0
0,0,0,0,0,0,0,0,0,0,0,0,0,0,0,0
0,0,0,0,0,0,0,0,0,0,0,0,0,0,0,0
10,6,2751,0,2,78,156,312,0,0,0,0,0,0,0,0
10,4,936,1,2,96,192,385,0,0,0,0,0,0,0,0
0,0,0,0,0,0,0,0,0,0,0,0,0,0,0,0
2,5,1263,0,15,117,235,471,0,0,0,0,0,0,0,0
0,0,0,0,0,0,0,0,0,0,0,0,0,0,0,0
8,5,1788,0,4,24,48,97,0,0,0,0,0,0,0,0
0,0,0,0,0,0,0,0,0,0,0,0,0,0,0,0
8,5,1327,0,3,53,107,214,0,0,0,0,0,0,0,0
0,0,0,0,0,0,0,0,0,0,0,0,0,0,0,0
5,4,3217,1,9,98,196,393,0,0,0,0,0,0,0,0
10,5,1003,1,0,106,212,424,0,0,0,0,0,0,0,0
6,5,4083,0,6,19,39,79,0,0,0,0,0,0,0,0
10,5,3903,0,0,80,160,321,0,0,0,0,0,0,0,0
0,0,0,0,0,0,0,0,0,0,0,0,0,0,0,0
0,0,0,0,0,0,0,0,0,0,0,0,0,0,0,0
0,0,0,0,0,0,0,0,0,0,0,0,0,0,0,0
5,5,4068,1,9,30,61,123,0,0,0,0,0,0,0,0
10,5,4082,1,1,111,222,444,0,0,0,0,0,0,0,0
8,6,1727,0,3,64,129,259,0,0,0,0,0,0,0,0
0,0,0,0,0,0,0,0,0,0,0,0,0,0,0,0
10,6,4095,1,0,18,36,73,0,0,0,0,0,0,0,0
0,0,0,0,0,0,0,0,0,0,0,0,0,0,0,0
10,6,1451,0,2,39,78,157,0,0,0,0,0,0,0,0
10,5,3242,1,1,119,239,478,0,0,0,0,0,0,0,0
10,5,3064,0,0,76,152,304,0,0,0,0,0,0,0,0
10,5,2812,0,2,20,40,81,0,0,0,0,0,0,0,0
0,0,0,0,0,0,0,0,0,0,0,0,0,0,0,0
0,0,0,0,0,0,0,0,0,0,0,0,0,0,0,0
0,0,0,0,0,0,0,0,0,0,0,0,0,0,0,0
10,4,3619,0,0,18,37,75,0,0,0,0,0,0,0,0
10,6,4010,1,1,62,125,250,0,0,0,0,0,0,0,0
0,0,0,0,0,0,0,0,0,0,0,0,0,0,0,0
0,0,0,0,0,0,0,0,0,0,0,0,0,0,0,0
10,6,2970,1,0,146,292,585,0,0,0,0,0,0,0,0
3,5,3732,1,15,130,261,522,0,0,0,0,0,0,0,0
10,6,2735,0,1,51,103,207,0,0,0,0,0,0,0,0
8,4,303,0,4,57,114,229,0,0,0,0,0,0,0,0
8,4,3134,0,5,65,130,261,0,0,0,0,0,0,0,0
10,4,3624,1,1,98,196,393,0,0,0,0,0,0,0,0
0,0,0,0,0,0,0,0,0,0,0,0,0,0,0,0
0,0,0,0,0,0,0,0,0,0,0,0,0,0,0,0
7,6,4075,1,6,66,133,266,0,0,0,0,0,0,0,0
0,0,0,0,0,0,0,0,0,0,0,0,0,0,0,0
10,6,4095,1,0,139,278,557,0,0,0,0,0,0,0,0
0,0,0,0,0,0,0,0,0,0,0,0,0,0,0,0
10,6,4031,0,0,38,76,153,0,0,0,0,0,0,0,0
0,0,0,0,0,0,0,0,0,0,0,0,0,0,0,0
0,0,0,0,0,0,0,0,0,0,0,0,0,0,0,0
10,4,2111,0,1,110,220,440,0,0,0,0,0,0,0,0
10,4,2232,0,0,130,261,522,0,0,0,0,0,0,0,0
0,0,0,0,0,0,0,0,0,0,0,0,0,0,0,0
0,0,0,0,0,0,0,0,0,0,0,0,0,0,0,0
0,0,0,0,0,0,0,0,0,0,0,0,0,0,0,0
10,6,1707,0,2,107,215,430,0,0,0,0,0,0,0,0
0,0,0,0,0,0,0,0,0,0,0,0,0,0,0,0
3,5,1021,1,15,19,38,76,0,0,0,0,0,0,0,0
9,5,3732,1,4,84,169,338,0,0,0,0,0,0,0,0
10,6,1451,0,2,149,298,597,0,0,0,0,0,0,0,0
10,5,4072,1,2,30,61,122,0,0,0,0,0,0,0,0
10,4,255,0,0,104,208,417,0,0,0,0,0,0,0,0
10,4,2280,1,0,117,235,470,0,0,0,0,0,0,0,0
0,0,0,0,0,0,0,0,0,0,0,0,0,0,0,0
5,6,4053,1,10,146,293,586,0,0,0,0,0,0,0,0
0,0,0,0,0,0,0,0,0,0,0,0,0,0,0,0
6,4,3891,0,6,59,119,239,0,0,0,0,0,0,0,0
4,5,367,0,10,40,81,163,0,0,0,0,0,0,0,0
10,5,2812,0,2,112,224,449,0,0,0,0,0,0,0,0
10,6,4095,1,0,108,216,433,0,0,0,0,0,0,0,0
0,0,0,0,0,0,0,0,0,0,0,0,0,0,0,0
0,0,0,0,0,0,0,0,0,0,0,0,0,0,0,0
0,0,0,0,0,0,0,0,0,0,0,0,0,0,0,0
10,5,1023,1,0,120,240,481,0,0,0,0,0,0,0,0
9,4,250,1,3,89,178,356,0,0,0,0,0,0,0,0
0,0,0,0,0,0,0,0,0,0,0,0,0,0,0,0
0,0,0,0,0,0,0,0,0,0,0,0,0,0,0,0
0,0,0,0,0,0,0,0,0,0,0,0,0,0,0,0
0,0,0,0,0,0,0,0,0,0,0,0,0,0,0,0
5,5,3796,1,9,132,265,530,0,0,0,0,0,0,0,0
0,0,0,0,0,0,0,0,0,0,0,0,0,0,0,0
10,6,4095,1,0,27,54,109,0,0,0,0,0,0,0,0
0,0,0,0,0,0,0,0,0,0,0,0,0,0,0,0
0,0,0,0,0,0,0,0,0,0,0,0,0,0,0,0
10,5,4046,1,1,58,116,232,0,0,0,0,0,0,0,0
0,0,0,0,0,0,0,0,0,0,0,0,0,0,0,0
9,4,2575,1,4,154,309,618,0,0,0,0,0,0,0,0
9,4,1000,1,3,9,19,38,0,0,0,0,0,0,0,0
0,0,0,0,0,0,0,0,0,0,0,0,0,0,0,0
0,0,0,0,0,0,0,0,0,0,0,0,0,0,0,0
7,6,3754,1,7,149,298,596,0,0,0,0,0,0,0,0
10,5,4083,0,0,18,36,73,0,0,0,0,0,0,0,0
0,0,0,0,0,0,0,0,0,0,0,0,0,0,0,0
3,6,3733,1,15,117,235,471,0,0,0,0,0,0,0,0
0,0,0,0,0,0,0,0,0,0,0,0,0,0,0,0
10,6,4095,1,0,113,226,453,0,0,0,0,0,0,0,0
0,0,0,0,0,0,0,0,0,0,0,0,0,0,0,0
10,5,4083,0,0,120,240,481,0,0,0,0,0,0,0,0
0,0,0,0,0,0,0,0,0,0,0,0,0,0,0,0
0,0,0,0,0,0,0,0,0,0,0,0,0,0,0,0
7,5,4076,1,6,135,271,543,0,0,0,0,0,0,0,0
0,0,0,0,0,0,0,0,0,0,0,0,0,0,0,0
10,5,2607,0,1,12,25,51,0,0,0,0,0,0,0,0
0,0,0,0,0,0,0,0,0,0,0,0,0,0,0,0
0,0,0,0,0,0,0,0,0,0,0,0,0,0,0,0
0,0,0,0,0,0,0,0,0,0,0,0,0,0,0,0
9,5,3064,1,5,67,135,270,0,0,0,0,0,0,0,0
0,0,0,0,0,0,0,0,0,0,0,0,0,0,0,0
0,0,0,0,0,0,0,0,0,0,0,0,0,0,0,0
5,6,3733,1,9,17,34,69,0,0,0,0,0,0,0,0
0,0,0,0,0,0,0,0,0,0,0,0,0,0,0,0
10,4,744,1,0,34,69,138,0,0,0,0,0,0,0,0
0,0,0,0,0,0,0,0,0,0,0,0,0,0,0,0
0,0,0,0,0,0,0,0,0,0,0,0,0,0,0,0
5,6,1390,1,10,122,244,489,0,0,0,0,0,0,0,0
10,5,3898,1,1,100,201,403,0,0,0,0,0,0,0,0
0,0,0,0,0,0,0,0,0,0,0,0,0,0,0,0
9,4,4000,1,3,1,2,5,0,0,0,0,0,0,0,0
10,5,3882,1,1,154,309,618,0,0,0,0,0,0,0,0
0,0,0,0,0,0,0,0,0,0,0,0,0,0,0,0
10,6,3839,0,0,34,68,137,0,0,0,0,0,0,0,0
10,4,4064,1,2,100,201,402,0,0,0,0,0,0,0,0
7,5,4042,1,8,77,154,309,0,0,0,0,0,0,0,0
10,6,4095,1,0,23,46,93,0,0,0,0,0,0,0,0
7,6,4074,1,8,69,138,277,0,0,0,0,0,0,0,0
10,4,684,0,2,108,217,435,0,0,0,0,0,0,0,0
2,5,607,0,15,102,204,408,0,0,0,0,0,0,0,0
0,0,0,0,0,0,0,0,0,0,0,0,0,0,0,0
10,5,4072,1,2,30,61,122,0,0,0,0,0,0,0,0
10,4,3744,1,2,65,130,260,0,0,0,0,0,0,0,0
0,0,0,0,0,0,0,0,0,0,0,0,0,0,0,0
0,0,0,0,0,0,0,0,0,0,0,0,0,0,0,0
6,4,691,0,8,60,120,241,0,0,0,0,0,0,0,0
4,5,3302,0,10,100,201,402,0,0,0,0,0,0,0,0
6,5,3903,0,6,59,119,239,0,0,0,0,0,0,0,0
0,0,0,0,0,0,0,0,0,0,0,0,0,0,0,0
10,6,4094,1,1,39,78,156,0,0,0,0,0,0,0,0
0,0,0,0,0,0,0,0,0,0,0,0,0,0,0,0
0,0,0,0,0,0,0,0,0,0,0,0,0,0,0,0
9,5,4001,1,3,149,298,596,0,0,0,0,0,0,0,0
0,0,0,0,0,0,0,0,0,0,0,0,0,0,0,0
0,0,0,0,0,0,0,0,0,0,0,0,0,0,0,0
10,6,2731,0,1,50,101,202,0,0,0,0,0,0,0,0
10,6,4095,1,0,85,170,341,0,0,0,0,0,0,0,0
0,0,0,0,0,0,0,0,0,0,0,0,0,0,0,0
0,0,0,0,0,0,0,0,0,0,0,0,0,0,0,0
7,6,4075,1,6,20,41,82,0,0,0,0,0,0,0,0
10,5,1023,1,0,53,106,213,0,0,0,0,0,0,0,0
0,0,0,0,0,0,0,0,0,0,0,0,0,0,0,0
0,0,0,0,0,0,0,0,0,0,0,0,0,0,0,0
0,0,0,0,0,0,0,0,0,0,0,0,0,0,0,0
9,5,2219,1,4,9,18,36,0,0,0,0,0,0,0,0
10,5,3327,1,0,48,96,193,0,0,0,0,0,0,0,0
0,0,0,0,0,0,0,0,0,0,0,0,0,0,0,0
7,6,4079,1,6,148,297,595,0,0,0,0,0,0,0,0
10,6,2746,0,0,18,37,74,0,0,0,0,0,0,0,0
10,5,3064,0,0,76,152,304,0,0,0,0,0,0,0,0
10,6,2746,0,0,76,153,306,0,0,0,0,0,0,0,0
8,4,2800,0,3,20,41,82,0,0,0,0,0,0,0,0
0,0,0,0,0,0,0,0,0,0,0,0,0,0,0,0
10,4,484,1,0,118,236,472,0,0,0,0,0,0,0,0
0,0,0,0,0,0,0,0,0,0,0,0,0,0,0,0
10,6,3755,1,0,18,37,74,0,0,0,0,0,0,0,0
10,5,3883,1,0,62,125,251,0,0,0,0,0,0,0,0
0,0,0,0,0,0,0,0,0,0,0,0,0,0,0,0
10,6,4079,1,0,121,242,484,0,0,0,0,0,0,0,0
6,4,574,0,6,59,118,236,0,0,0,0,0,0,0,0
0,0,0,0,0,0,0,0,0,0,0,0,0,0,0,0
0,0,0,0,0,0,0,0,0,0,0,0,0,0,0,0
0,0,0,0,0,0,0,0,0,0,0,0,0,0,0,0
10,4,1020,1,0,156,312,625,0,0,0,0,0,0,0,0
10,4,3298,1,1,7,15,31,0,0,0,0,0,0,0,0
0,0,0,0,0,0,0,0,0,0,0,0,0,0,0,0
0,0,0,0,0,0,0,0,0,0,0,0,0,0,0,0
0,0,0,0,0,0,0,0,0,0,0,0,0,0,0,0
2,4,1276,0,15,74,148,296,0,0,0,0,0,0,0,0
8,4,3250,0,4,124,248,496,0,0,0,0,0,0,0,0
6,4,691,0,8,151,302,605,0,0,0,0,0,0,0,0
10,4,3278,1,1,68,136,272,0,0,0,0,0,0,0,0
0,0,0,0,0,0,0,0,0,0,0,0,0,0,0,0
10,6,3754,1,1,62,124,249,0,0,0,0,0,0,0,0
8,5,1388,0,4,138,276,553,0,0,0,0,0,0,0,0
0,0,0,0,0,0,0,0,0,0,0,0,0,0,0,0
10,5,3242,1,1,19,39,78,0,0,0,0,0,0,0,0
10,6,4090,1,1,60,121,243,0,0,0,0,0,0,0,0
0,0,0,0,0,0,0,0,0,0,0,0,0,0,0,0
0,0,0,0,0,0,0,0,0,0,0,0,0,0,0,0
0,0,0,0,0,0,0,0,0,0,0,0,0,0,0,0
10,5,3306,1,1,19,39,78,0,0,0,0,0,0,0,0
8,4,1212,0,4,43,86,172,0,0,0,0,0,0,0,0
0,0,0,0,0,0,0,0,0,0,0,0,0,0,0,0
0,0,0,0,0,0,0,0,0,0,0,0,0,0,0,0
0,0,0,0,0,0,0,0,0,0,0,0,0,0,0,0
0,0,0,0,0,0,0,0,0,0,0,0,0,0,0,0
0,0,0,0,0,0,0,0,0,0,0,0,0,0,0,0
5,5,3732,1,9,25,50,101,0,0,0,0,0,0,0,0
0,0,0,0,0,0,0,0,0,0,0,0,0,0,0,0
0,0,0,0,0,0,0,0,0,0,0,0,0,0,0,0
0,0,0,0,0,0,0,0,0,0,0,0,0,0,0,0
10,5,4083,0,0,93,186,373,0,0,0,0,0,0,0,0
0,0,0,0,0,0,0,0,0,0,0,0,0,0,0,0
10,4,3135,1,0,52,104,209,0,0,0,0,0,0,0,0
10,4,3900,0,0,107,214,429,0,0,0,0,0,0,0,0
8,6,1387,0,3,127,254,508,0,0,0,0,0,0,0,0
10,6,4095,1,0,88,176,353,0,0,0,0,0,0,0,0
10,5,2812,0,2,107,214,429,0,0,0,0,0,0,0,0
3,5,1021,1,15,19,38,76,0,0,0,0,0,0,0,0
7,4,3288,1,8,117,234,468,0,0,0,0,0,0,0,0
3,4,980,1,15,36,73,147,0,0,0,0,0,0,0,0
0,0,0,0,0,0,0,0,0,0,0,0,0,0,0,0
0,0,0,0,0,0,0,0,0,0,0,0,0,0,0,0
10,6,4095,1,0,8,16,33,0,0,0,0,0,0,0,0
10,6,2735,0,1,62,125,251,0,0,0,0,0,0,0,0
10,5,1699,0,2,29,59,118,0,0,0,0,0,0,0,0
0,0,0,0,0,0,0,0,0,0,0,0,0,0,0,0
0,0,0,0,0,0,0,0,0,0,0,0,0,0,0,0
8,5,3982,0,5,4,8,17,0,0,0,0,0,0,0,0
10,5,1675,0,2,43,87,174,0,0,0,0,0,0,0,0
9,4,3233,1,3,123,246,492,0,0,0,0,0,0,0,0
10,5,3752,1,1,35,70,141,0,0,0,0,0,0,0,0
9,6,3071,1,4,107,215,431,0,0,0,0,0,0,0,0
10,6,2986,1,0,21,42,85,0,0,0,0,0,0,0,0
8,4,1331,0,3,129,259,518,0,0,0,0,0,0,0,0
0,0,0,0,0,0,0,0,0,0,0,0,0,0,0,0
10,5,4092,0,0,65,130,261,0,0,0,0,0,0,0,0
0,0,0,0,0,0,0,0,0,0,0,0,0,0,0,0
0,0,0,0,0,0,0,0,0,0,0,0,0,0,0,0
10,5,3327,1,0,99,198,397,0,0,0,0,0,0,0,0
8,5,363,0,4,18,36,72,3,5,1780,1,13,34,68,137
10,4,4034,1,1,36,73,147,0,0,0,0,0,0,0,0
0,0,0,0,0,0,0,0,0,0,0,0,0,0,0,0
10,6,2731,0,1,51,103,206,0,0,0,0,0,0,0,0
10,6,3754,1,1,38,76,153,0,0,0,0,0,0,0,0
0,0,0,0,0,0,0,0,0,0,0,0,0,0,0,0
0,0,0,0,0,0,0,0,0,0,0,0,0,0,0,0
10,6,4095,1,0,117,234,469,0,0,0,0,0,0,0,0
7,5,4042,1,8,43,86,173,0,0,0,0,0,0,0,0
0,0,0,0,0,0,0,0,0,0,0,0,0,0,0,0
0,0,0,0,0,0,0,0,0,0,0,0,0,0,0,0
10,6,3007,0,1,124,248,496,0,0,0,0,0,0,0,0
6,4,2736,0,8,151,302,605,0,0,0,0,0,0,0,0
10,4,3234,1,1,149,299,598,0,0,0,0,0,0,0,0
0,0,0,0,0,0,0,0,0,0,0,0,0,0,0,0
10,6,4095,1,0,112,224,449,0,0,0,0,0,0,0,0
10,5,3327,1,0,104,208,417,0,0,0,0,0,0,0,0
0,0,0,0,0,0,0,0,0,0,0,0,0,0,0,0
10,6,4026,1,1,49,99,199,0,0,0,0,0,0,0,0
0,0,0,0,0,0,0,0,0,0,0,0,0,0,0,0
10,4,2255,0,1,94,188,376,0,0,0,0,0,0,0,0
0,0,0,0,0,0,0,0,0,0,0,0,0,0,0,0
10,6,3065,1,1,53,107,214,0,0,0,0,0,0,0,0
6,5,2748,0,8,107,214,429,0,0,0,0,0,0,0,0
6,4,574,0,6,119,238,476,0,0,0,0,0,0,0,0
0,0,0,0,0,0,0,0,0,0,0,0,0,0,0,0
0,0,0,0,0,0,0,0,0,0,0,0,0,0,0,0
3,5,937,1,15,126,253,506,0,0,0,0,0,0,0,0
10,6,3071,0,1,57,114,229,0,0,0,0,0,0,0,0
0,0,0,0,0,0,0,0,0,0,0,0,0,0,0,0
0,0,0,0,0,0,0,0,0,0,0,0,0,0,0,0
0,0,0,0,0,0,0,0,0,0,0,0,0,0,0,0
8,5,1379,0,3,106,212,425,0,0,0,0,0,0,0,0
0,0,0,0,0,0,0,0,0,0,0,0,0,0,0,0
5,6,3733,1,9,17,34,69,0,0,0,0,0,0,0,0
0,0,0,0,0,0,0,0,0,0,0,0,0,0,0,0
0,0,0,0,0,0,0,0,0,0,0,0,0,0,0,0
0,0,0,0,0,0,0,0,0,0,0,0,0,0,0,0
0,0,0,0,0,0,0,0,0,0,0,0,0,0,0,0
3,5,2732,1,12,23,47,94,0,0,0,0,0,0,0,0
10,4,3784,1,1,23,47,94,0,0,0,0,0,0,0,0
0,0,0,0,0,0,0,0,0,0,0,0,0,0,0,0
10,6,4095,1,0,52,104,209,0,0,0,0,0,0,0,0
10,6,4095,1,0,32,64,129,0,0,0,0,0,0,0,0
10,5,2812,0,2,75,150,301,0,0,0,0,0,0,0,0
5,4,901,1,9,122,245,490,0,0,0,0,0,0,0,0
9,5,3605,1,3,100,201,403,0,0,0,0,0,0,0,0
0,0,0,0,0,0,0,0,0,0,0,0,0,0,0,0
0,0,0,0,0,0,0,0,0,0,0,0,0,0,0,0
0,0,0,0,0,0,0,0,0,0,0,0,0,0,0,0
0,0,0,0,0,0,0,0,0,0,0,0,0,0,0,0
10,4,126,0,2,88,176,353,0,0,0,0,0,0,0,0
0,0,0,0,0,0,0,0,0,0,0,0,0,0,0,0
6,6,2747,0,7,43,86,172,10,5,1699,0,2,152,305,610
6,5,702,0,6,95,190,380,0,0,0,0,0,0,0,0
10,4,3952,1,1,15,31,62,0,0,0,0,0,0,0,0
3,5,3816,1,15,3,7,14,0,0,0,0,0,0,0,0
0,0,0,0,0,0,0,0,0,0,0,0,0,0,0,0
0,0,0,0,0,0,0,0,0,0,0,0,0,0,0,0
0,0,0,0,0,0,0,0,0,0,0,0,0,0,0,0
8,4,1580,0,3,19,39,79,0,0,0,0,0,0,0,0
10,5,3241,1,2,78,156,313,0,0,0,0,0,0,0,0
0,0,0,0,0,0,0,0,0,0,0,0,0,0,0,0
5,6,1454,1,11,144,288,577,0,0,0,0,0,0,0,0
0,0,0,0,0,0,0,0,0,0,0,0,0,0,0,0
0,0,0,0,0,0,0,0,0,0,0,0,0,0,0,0
0,0,0,0,0,0,0,0,0,0,0,0,0,0,0,0
10,5,4076,1,0,121,242,484,0,0,0,0,0,0,0,0
0,0,0,0,0,0,0,0,0,0,0,0,0,0,0,0
0,0,0,0,0,0,0,0,0,0,0,0,0,0,0,0
10,6,4094,1,1,85,170,340,0,0,0,0,0,0,0,0
0,0,0,0,0,0,0,0,0,0,0,0,0,0,0,0
0,0,0,0,0,0,0,0,0,0,0,0,0,0,0,0
7,6,4078,1,7,20,41,82,0,0,0,0,0,0,0,0
10,6,4090,1,1,56,113,227,0,0,0,0,0,0,0,0
8,6,3770,0,5,92,184,368,0,0,0,0,0,0,0,0
0,0,0,0,0,0,0,0,0,0,0,0,0,0,0,0
0,0,0,0,0,0,0,0,0,0,0,0,0,0,0,0
0,0,0,0,0,0,0,0,0,0,0,0,0,0,0,0
0,0,0,0,0,0,0,0,0,0,0,0,0,0,0,0
3,4,690,1,13,132,265,531,0,0,0,0,0,0,0,0
10,4,255,0,0,90,180,361,0,0,0,0,0,0,0,0
0,0,0,0,0,0,0,0,0,0,0,0,0,0,0,0
0,0,0,0,0,0,0,0,0,0,0,0,0,0,0,0
0,0,0,0,0,0,0,0,0,0,0,0,0,0,0,0
0,0,0,0,0,0,0,0,0,0,0,0,0,0,0,0
0,0,0,0,0,0,0,0,0,0,0,0,0,0,0,0
0,0,0,0,0,0,0,0,0,0,0,0,0,0,0,0
10,5,3902,1,1,121,242,484,0,0,0,0,0,0,0,0
10,4,3279,1,0,56,112,225,0,0,0,0,0,0,0,0
10,5,1022,1,1,76,152,304,0,0,0,0,0,0,0,0
10,4,255,0,0,32,64,129,0,0,0,0,0,0,0,0
10,6,4095,1,0,145,290,581,0,0,0,0,0,0,0,0
9,4,3233,1,3,4,8,16,0,0,0,0,0,0,0,0
0,0,0,0,0,0,0,0,0,0,0,0,0,0,0,0
0,0,0,0,0,0,0,0,0,0,0,0,0,0,0,0
8,4,1212,0,4,43,86,172,0,0,0,0,0,0,0,0
0,0,0,0,0,0,0,0,0,0,0,0,0,0,0,0
10,4,3874,1,1,58,117,234,0,0,0,0,0,0,0,0
0,0,0,0,0,0,0,0,0,0,0,0,0,0,0,0
9,5,3237,1,3,92,184,368,0,0,0,0,0,0,0,0
10,5,4047,0,0,51,102,205,0,0,0,0,0,0,0,0
10,4,2161,1,0,92,184,368,0,0,0,0,0,0,0,0
8,6,1455,0,3,136,273,546,0,0,0,0,0,0,0,0
9,4,3233,1,3,121,242,484,0,0,0,0,0,0,0,0
6,5,3903,0,6,58,117,235,0,0,0,0,0,0,0,0
10,5,1006,1,1,155,310,620,0,0,0,0,0,0,0,0
10,4,906,1,1,4,9,18,0,0,0,0,0,0,0,0
10,6,4031,0,0,88,176,353,0,0,0,0,0,0,0,0
10,6,4095,1,0,138,276,553,0,0,0,0,0,0,0,0
0,0,0,0,0,0,0,0,0,0,0,0,0,0,0,0
0,0,0,0,0,0,0,0,0,0,0,0,0,0,0,0
0,0,0,0,0,0,0,0,0,0,0,0,0,0,0,0
0,0,0,0,0,0,0,0,0,0,0,0,0,0,0,0
10,4,4080,0,0,56,112,225,0,0,0,0,0,0,0,0
10,6,4095,1,0,69,138,277,0,0,0,0,0,0,0,0
10,6,4090,1,1,126,253,507,0,0,0,0,0,0,0,0
10,6,2815,0,1,115,230,460,0,0,0,0,0,0,0,0
8,4,1187,0,3,132,265,530,0,0,0,0,0,0,0,0
9,4,2091,1,5,107,214,429,0,0,0,0,0,0,0,0
10,4,234,1,2,157,315,631,0,0,0,0,0,0,0,0
10,6,4095,1,0,148,296,593,0,0,0,0,0,0,0,0
0,0,0,0,0,0,0,0,0,0,0,0,0,0,0,0
8,4,3210,0,4,130,260,520,0,0,0,0,0,0,0,0
0,0,0,0,0,0,0,0,0,0,0,0,0,0,0,0
10,4,3210,1,1,69,139,278,0,0,0,0,0,0,0,0
10,5,1023,1,0,83,166,333,0,0,0,0,0,0,0,0
0,0,0,0,0,0,0,0,0,0,0,0,0,0,0,0
0,0,0,0,0,0,0,0,0,0,0,0,0,0,0,0
0,0,0,0,0,0,0,0,0,0,0,0,0,0,0,0
5,5,3732,1,9,25,50,101,0,0,0,0,0,0,0,0
0,0,0,0,0,0,0,0,0,0,0,0,0,0,0,0
8,5,1788,0,4,24,48,97,0,0,0,0,0,0,0,0
10,6,4095,1,0,128,256,513,0,0,0,0,0,0,0,0
0,0,0,0,0,0,0,0,0,0,0,0,0,0,0,0
10,4,3279,1,0,88,176,353,0,0,0,0,0,0,0,0
7,6,2794,1,6,24,48,96,0,0,0,0,0,0,0,0
10,6,3497,1,1,80,160,320,0,0,0,0,0,0,0,0
0,0,0,0,0,0,0,0,0,0,0,0,0,0,0,0
10,5,1003,1,0,106,212,424,0,0,0,0,0,0,0,0
0,0,0,0,0,0,0,0,0,0,0,0,0,0,0,0
10,6,4095,1,0,126,252,505,0,0,0,0,0,0,0,0
0,0,0,0,0,0,0,0,0,0,0,0,0,0,0,0
10,5,2763,0,1,101,203,407,0,0,0,0,0,0,0,0
0,0,0,0,0,0,0,0,0,0,0,0,0,0,0,0
10,5,4047,0,0,80,160,321,0,0,0,0,0,0,0,0
0,0,0,0,0,0,0,0,0,0,0,0,0,0,0,0
10,6,4010,1,1,139,279,558,0,0,0,0,0,0,0,0
9,4,230,1,3,41,83,166,0,0,0,0,0,0,0,0
0,0,0,0,0,0,0,0,0,0,0,0,0,0,0,0
10,6,3755,1,0,35,71,142,0,0,0,0,0,0,0,0
0,0,0,0,0,0,0,0,0,0,0,0,0,0,0,0
10,4,3234,1,1,149,299,598,0,0,0,0,0,0,0,0
0,0,0,0,0,0,0,0,0,0,0,0,0,0,0,0
10,5,4047,0,0,77,154,309,0,0,0,0,0,0,0,0
0,0,0,0,0,0,0,0,0,0,0,0,0,0,0,0
2,4,1776,0,15,146,292,584,0,0,0,0,0,0,0,0
10,5,1195,0,2,112,224,449,0,0,0,0,0,0,0,0
9,5,2859,1,5,66,132,265,0,0,0,0,0,0,0,0
0,0,0,0,0,0,0,0,0,0,0,0,0,0,0,0
10,6,1451,0,2,80,160,321,0,0,0,0,0,0,0,0
6,4,2620,0,8,95,190,381,0,0,0,0,0,0,0,0
0,0,0,0,0,0,0,0,0,0,0,0,0,0,0,0
0,0,0,0,0,0,0,0,0,0,0,0,0,0,0,0
0,0,0,0,0,0,0,0,0,0,0,0,0,0,0,0
0,0,0,0,0,0,0,0,0,0,0,0,0,0,0,0
0,0,0,0,0,0,0,0,0,0,0,0,0,0,0,0
8,5,3242,0,4,57,115,231,0,0,0,0,0,0,0,0
10,4,1011,0,0,28,56,113,0,0,0,0,0,0,0,0
6,4,3855,0,6,19,39,79,0,0,0,0,0,0,0,0
10,4,2111,0,1,124,248,496,0,0,0,0,0,0,0,0
0,0,0,0,0,0,0,0,0,0,0,0,0,0,0,0
10,6,3007,0,1,74,148,296,0,0,0,0,0,0,0,0
0,0,0,0,0,0,0,0,0,0,0,0,0,0,0,0
8,4,303,0,4,57,114,229,0,0,0,0,0,0,0,0
0,0,0,0,0,0,0,0,0,0,0,0,0,0,0,0
0,0,0,0,0,0,0,0,0,0,0,0,0,0,0,0
0,0,0,0,0,0,0,0,0,0,0,0,0,0,0,0
0,0,0,0,0,0,0,0,0,0,0,0,0,0,0,0
3,6,2734,1,13,23,47,94,0,0,0,0,0,0,0,0
10,4,3299,1,0,80,160,320,0,0,0,0,0,0,0,0
0,0,0,0,0,0,0,0,0,0,0,0,0,0,0,0
0,0,0,0,0,0,0,0,0,0,0,0,0,0,0,0
9,4,815,1,5,58,117,235,0,0,0,0,0,0,0,0
0,0,0,0,0,0,0,0,0,0,0,0,0,0,0,0
0,0,0,0,0,0,0,0,0,0,0,0,0,0,0,0
0,0,0,0,0,0,0,0,0,0,0,0,0,0,0,0
8,6,1455,0,3,149,299,598,0,0,0,0,0,0,0,0
10,6,4095,1,0,123,246,493,0,0,0,0,0,0,0,0
10,4,3240,1,2,146,292,585,0,0,0,0,0,0,0,0
3,5,3732,1,15,130,261,522,0,0,0,0,0,0,0,0
10,5,2603,0,1,36,73,146,0,0,0,0,0,0,0,0
10,5,4083,0,0,141,282,565,0,0,0,0,0,0,0,0
0,0,0,0,0,0,0,0,0,0,0,0,0,0,0,0
0,0,0,0,0,0,0,0,0,0,0,0,0,0,0,0
10,6,4095,1,0,135,270,541,0,0,0,0,0,0,0,0
3,4,969,1,15,92,185,371,0,0,0,0,0,0,0,0
10,6,4090,1,1,99,199,399,0,0,0,0,0,0,0,0
9,4,249,1,5,78,156,312,0,0,0,0,0,0,0,0
10,5,3820,1,0,152,304,608,0,0,0,0,0,0,0,0
10,5,4024,1,1,0,1,3,0,0,0,0,0,0,0,0
0,0,0,0,0,0,0,0,0,0,0,0,0,0,0,0
0,0,0,0,0,0,0,0,0,0,0,0,0,0,0,0
10,6,4095,1,0,31,62,125,0,0,0,0,0,0,0,0
8,4,3210,0,4,104,208,416,0,0,0,0,0,0,0,0
4,5,1343,0,9,82,164,328,0,0,0,0,0,0,0,0
9,4,3849,1,3,78,156,313,0,0,0,0,0,0,0,0
0,0,0,0,0,0,0,0,0,0,0,0,0,0,0,0
0,0,0,0,0,0,0,0,0,0,0,0,0,0,0,0
0,0,0,0,0,0,0,0,0,0,0,0,0,0,0,0
0,0,0,0,0,0,0,0,0,0,0,0,0,0,0,0
10,6,4095,1,0,113,226,453,0,0,0,0,0,0,0,0
0,0,0,0,0,0,0,0,0,0,0,0,0,0,0,0
10,6,3071,0,1,120,240,481,0,0,0,0,0,0,0,0
0,0,0,0,0,0,0,0,0,0,0,0,0,0,0,0
0,0,0,0,0,0,0,0,0,0,0,0,0,0,0,0
7,5,4076,1,6,135,271,543,0,0,0,0,0,0,0,0
5,6,4053,1,10,87,175,350,0,0,0,0,0,0,0,0
0,0,0,0,0,0,0,0,0,0,0,0,0,0,0,0
5,5,4052,1,10,146,293,586,0,0,0,0,0,0,0,0
0,0,0,0,0,0,0,0,0,0,0,0,0,0,0,0
0,0,0,0,0,0,0,0,0,0,0,0,0,0,0,0
0,0,0,0,0,0,0,0,0,0,0,0,0,0,0,0
4,5,367,0,10,40,81,163,0,0,0,0,0,0,0,0
0,0,0,0,0,0,0,0,0,0,0,0,0,0,0,0
0,0,0,0,0,0,0,0,0,0,0,0,0,0,0,0
0,0,0,0,0,0,0,0,0,0,0,0,0,0,0,0
0,0,0,0,0,0,0,0,0,0,0,0,0,0,0,0
10,4,255,0,0,32,64,129,0,0,0,0,0,0,0,0
5,5,2739,1,11,144,288,576,0,0,0,0,0,0,0,0
0,0,0,0,0,0,0,0,0,0,0,0,0,0,0,0
0,0,0,0,0,0,0,0,0,0,0,0,0,0,0,0
0,0,0,0,0,0,0,0,0,0,0,0,0,0,0,0
0,0,0,0,0,0,0,0,0,0,0,0,0,0,0,0
7,4,3114,1,8,69,138,277,0,0,0,0,0,0,0,0
10,4,684,0,2,108,217,435,0,0,0,0,0,0,0,0
0,0,0,0,0,0,0,0,0,0,0,0,0,0,0,0
10,6,3071,0,1,90,180,361,0,0,0,0,0,0,0,0
0,0,0,0,0,0,0,0,0,0,0,0,0,0,0,0
0,0,0,0,0,0,0,0,0,0,0,0,0,0,0,0
0,0,0,0,0,0,0,0,0,0,0,0,0,0,0,0
0,0,0,0,0,0,0,0,0,0,0,0,0,0,0,0
0,0,0,0,0,0,0,0,0,0,0,0,0,0,0,0
10,5,2812,0,2,133,266,533,0,0,0,0,0,0,0,0
3,6,3775,1,12,9,18,36,0,0,0,0,0,0,0,0
9,4,901,1,4,22,44,88,0,0,0,0,0,0,0,0
8,5,1355,0,3,102,204,408,0,0,0,0,0,0,0,0
10,6,4095,1,0,7,14,29,0,0,0,0,0,0,0,0
10,5,3882,1,1,32,65,130,0,0,0,0,0,0,0,0
0,0,0,0,0,0,0,0,0,0,0,0,0,0,0,0
10,6,4031,0,0,18,36,73,0,0,0,0,0,0,0,0
10,6,1710,0,1,104,208,417,0,0,0,0,0,0,0,0
10,4,1011,0,0,56,112,225,0,0,0,0,0,0,0,0
10,6,4095,1,0,153,306,613,0,0,0,0,0,0,0,0
10,4,1020,1,0,3,6,13,0,0,0,0,0,0,0,0
10,4,3304,1,2,117,235,470,0,0,0,0,0,0,0,0
0,0,0,0,0,0,0,0,0,0,0,0,0,0,0,0
10,4,4040,1,2,4,9,19,0,0,0,0,0,0,0,0
10,6,4095,1,0,115,230,461,0,0,0,0,0,0,0,0
0,0,0,0,0,0,0,0,0,0,0,0,0,0,0,0
10,5,3306,1,1,7,15,30,0,0,0,0,0,0,0,0
0,0,0,0,0,0,0,0,0,0,0,0,0,0,0,0
0,0,0,0,0,0,0,0,0,0,0,0,0,0,0,0
0,0,0,0,0,0,0,0,0,0,0,0,0,0,0,0
0,0,0,0,0,0,0,0,0,0,0,0,0,0,0,0
8,6,4095,0,5,58,117,235,0,0,0,0,0,0,0,0
10,6,4095,1,0,155,310,621,0,0,0,0,0,0,0,0
10,4,2976,1,0,4,8,17,0,0,0,0,0,0,0,0
10,5,2803,0,1,65,130,260,0,0,0,0,0,0,0,0
10,6,2731,0,1,138,277,554,0,0,0,0,0,0,0,0
0,0,0,0,0,0,0,0,0,0,0,0,0,0,0,0
10,5,2863,0,1,99,198,396,0,0,0,0,0,0,0,0
0,0,0,0,0,0,0,0,0,0,0,0,0,0,0,0
0,0,0,0,0,0,0,0,0,0,0,0,0,0,0,0
10,4,4035,1,0,92,184,369,0,0,0,0,0,0,0,0
0,0,0,0,0,0,0,0,0,0,0,0,0,0,0,0
10,4,4044,0,0,16,32,65,0,0,0,0,0,0,0,0
10,4,3135,1,0,138,276,553,0,0,0,0,0,0,0,0
4,4,1411,0,9,99,198,396,0,0,0,0,0,0,0,0
0,0,0,0,0,0,0,0,0,0,0,0,0,0,0,0
0,0,0,0,0,0,0,0,0,0,0,0,0,0,0,0
2,5,1023,0,14,104,208,416,0,0,0,0,0,0,0,0
0,0,0,0,0,0,0,0,0,0,0,0,0,0,0,0
8,5,1199,0,3,138,277,554,0,0,0,0,0,0,0,0
0,0,0,0,0,0,0,0,0,0,0,0,0,0,0,0
10,5,4047,0,0,19,38,77,0,0,0,0,0,0,0,0
10,6,3834,1,1,60,121,243,0,0,0,0,0,0,0,0
9,4,3233,1,3,45,90,180,0,0,0,0,0,0,0,0
0,0,0,0,0,0,0,0,0,0,0,0,0,0,0,0
0,0,0,0,0,0,0,0,0,0,0,0,0,0,0,0
0,0,0,0,0,0,0,0,0,0,0,0,0,0,0,0
0,0,0,0,0,0,0,0,0,0,0,0,0,0,0,0
0,0,0,0,0,0,0,0,0,0,0,0,0,0,0,0
10,6,4010,1,1,139,279,558,0,0,0,0,0,0,0,0
9,4,230,1,3,41,83,166,0,0,0,0,0,0,0,0
0,0,0,0,0,0,0,0,0,0,0,0,0,0,0,0
2,4,2032,0,15,53,106,212,0,0,0,0,0,0,0,0
10,5,2347,0,1,23,46,93,0,0,0,0,0,0,0,0
10,5,687,0,2,110,221,443,0,0,0,0,0,0,0,0
9,4,233,1,4,106,213,426,0,0,0,0,0,0,0,0
6,4,1293,0,7,36,72,145,3,4,229,1,15,41,83,166
10,5,2739,0,1,63,126,252,0,0,0,0,0,0,0,0
0,0,0,0,0,0,0,0,0,0,0,0,0,0,0,0
10,5,3977,1,2,40,80,161,0,0,0,0,0,0,0,0
0,0,0,0,0,0,0,0,0,0,0,0,0,0,0,0
0,0,0,0,0,0,0,0,0,0,0,0,0,0,0,0
0,0,0,0,0,0,0,0,0,0,0,0,0,0,0,0
3,4,969,1,15,92,185,371,0,0,0,0,0,0,0,0
0,0,0,0,0,0,0,0,0,0,0,0,0,0,0,0
0,0,0,0,0,0,0,0,0,0,0,0,0,0,0,0
0,0,0,0,0,0,0,0,0,0,0,0,0,0,0,0
0,0,0,0,0,0,0,0,0,0,0,0,0,0,0,0
10,6,4095,1,0,83,166,333,0,0,0,0,0,0,0,0
0,0,0,0,0,0,0,0,0,0,0,0,0,0,0,0
0,0,0,0,0,0,0,0,0,0,0,0,0,0,0,0
10,5,2607,0,1,64,129,259,0,0,0,0,0,0,0,0
0,0,0,0,0,0,0,0,0,0,0,0,0,0,0,0
0,0,0,0,0,0,0,0,0,0,0,0,0,0,0,0
10,5,4083,0,0,75,150,301,0,0,0,0,0,0,0,0
9,4,2595,1,4,68,136,273,0,0,0,0,0,0,0,0
0,0,0,0,0,0,0,0,0,0,0,0,0,0,0,0
0,0,0,0,0,0,0,0,0,0,0,0,0,0,0,0
0,0,0,0,0,0,0,0,0,0,0,0,0,0,0,0
10,5,4047,0,0,152,304,609,0,0,0,0,0,0,0,0
10,6,4095,1,0,2,4,9,0,0,0,0,0,0,0,0
10,6,1451,0,2,54,108,217,0,0,0,0,0,0,0,0
10,6,3007,0,1,145,290,580,0,0,0,0,0,0,0,0
0,0,0,0,0,0,0,0,0,0,0,0,0,0,0,0
0,0,0,0,0,0,0,0,0,0,0,0,0,0,0,0
0,0,0,0,0,0,0,0,0,0,0,0,0,0,0,0
10,6,2986,1,0,49,98,197,0,0,0,0,0,0,0,0
0,0,0,0,0,0,0,0,0,0,0,0,0,0,0,0
10,6,3839,0,0,94,188,377,0,0,0,0,0,0,0,0
10,6,4074,1,2,103,207,415,0,0,0,0,0,0,0,0
10,6,3065,1,1,53,107,214,0,0,0,0,0,0,0,0
0,0,0,0,0,0,0,0,0,0,0,0,0,0,0,0
6,5,2748,0,8,107,214,429,0,0,0,0,0,0,0,0
0,0,0,0,0,0,0,0,0,0,0,0,0,0,0,0
0,0,0,0,0,0,0,0,0,0,0,0,0,0,0,0
9,6,2799,1,4,77,155,310,0,0,0,0,0,0,0,0
10,6,4095,1,0,151,302,605,0,0,0,0,0,0,0,0
10,5,4024,1,1,0,1,3,0,0,0,0,0,0,0,0
0,0,0,0,0,0,0,0,0,0,0,0,0,0,0,0
4,6,4006,0,11,82,164,329,0,0,0,0,0,0,0,0
0,0,0,0,0,0,0,0,0,0,0,0,0,0,0,0
10,6,2731,0,1,122,245,490,0,0,0,0,0,0,0,0
10,6,3818,1,1,144,289,578,0,0,0,0,0,0,0,0
6,4,2620,0,8,29,58,117,0,0,0,0,0,0,0,0
0,0,0,0,0,0,0,0,0,0,0,0,0,0,0,0
0,0,0,0,0,0,0,0,0,0,0,0,0,0,0,0
9,5,2219,1,4,13,26,52,0,0,0,0,0,0,0,0
0,0,0,0,0,0,0,0,0,0,0,0,0,0,0,0
8,5,1323,0,3,87,174,349,0,0,0,0,0,0,0,0
0,0,0,0,0,0,0,0,0,0,0,0,0,0,0,0
0,0,0,0,0,0,0,0,0,0,0,0,0,0,0,0
3,6,3754,1,14,76,153,306,0,0,0,0,0,0,0,0
0,0,0,0,0,0,0,0,0,0,0,0,0,0,0,0
8,4,428,0,4,2,5,10,0,0,0,0,0,0,0,0
0,0,0,0,0,0,0,0,0,0,0,0,0,0,0,0
3,5,933,1,15,54,108,217,0,0,0,0,0,0,0,0
0,0,0,0,0,0,0,0,0,0,0,0,0,0,0,0
0,0,0,0,0,0,0,0,0,0,0,0,0,0,0,0
10,6,3071,0,1,133,266,533,0,0,0,0,0,0,0,0
9,4,975,1,5,21,43,87,0,0,0,0,0,0,0,0
10,6,3839,0,0,129,258,517,0,0,0,0,0,0,0,0
10,5,4072,1,2,32,65,130,0,0,0,0,0,0,0,0
10,5,938,1,1,2,5,10,0,0,0,0,0,0,0,0
10,4,3324,1,0,152,304,609,0,0,0,0,0,0,0,0
0,0,0,0,0,0,0,0,0,0,0,0,0,0,0,0
0,0,0,0,0,0,0,0,0,0,0,0,0,0,0,0
9,6,3070,1,5,134,269,538,0,0,0,0,0,0,0,0
10,4,3324,1,0,157,314,629,0,0,0,0,0,0,0,0
10,4,2300,0,2,5,10,21,0,0,0,0,0,0,0,0
9,5,1001,1,4,121,243,486,0,0,0,0,0,0,0,0
0,0,0,0,0,0,0,0,0,0,0,0,0,0,0,0
4,6,1387,0,9,108,217,434,0,0,0,0,0,0,0,0
0,0,0,0,0,0,0,0,0,0,0,0,0,0,0,0
0,0,0,0,0,0,0,0,0,0,0,0,0,0,0,0
9,5,3221,1,3,90,181,363,0,0,0,0,0,0,0,0
10,4,827,1,0,73,146,292,0,0,0,0,0,0,0,0
7,4,3304,1,8,16,32,65,0,0,0,0,0,0,0,0
3,5,1022,1,15,62,124,249,0,0,0,0,0,0,0,0
10,6,3071,0,1,46,92,185,0,0,0,0,0,0,0,0
0,0,0,0,0,0,0,0,0,0,0,0,0,0,0,0
0,0,0,0,0,0,0,0,0,0,0,0,0,0,0,0
0,0,0,0,0,0,0,0,0,0,0,0,0,0,0,0
0,0,0,0,0,0,0,0,0,0,0,0,0,0,0,0
0,0,0,0,0,0,0,0,0,0,0,0,0,0,0,0
0,0,0,0,0,0,0,0,0,0,0,0,0,0,0,0
0,0,0,0,0,0,0,0,0,0,0,0,0,0,0,0
0,0,0,0,0,0,0,0,0,0,0,0,0,0,0,0
10,5,1023,1,0,93,186,373,0,0,0,0,0,0,0,0
10,5,4008,1,2,84,168,337,0,0,0,0,0,0,0,0
10,5,687,0,2,48,97,195,0,0,0,0,0,0,0,0
0,0,0,0,0,0,0,0,0,0,0,0,0,0,0,0
10,5,4002,1,1,107,215,430,0,0,0,0,0,0,0,0
0,0,0,0,0,0,0,0,0,0,0,0,0,0,0,0
0,0,0,0,0,0,0,0,0,0,0,0,0,0,0,0
0,0,0,0,0,0,0,0,0,0,0,0,0,0,0,0
0,0,0,0,0,0,0,0,0,0,0,0,0,0,0,0
10,4,3891,0,0,80,160,321,0,0,0,0,0,0,0,0
10,5,2303,0,1,112,224,449,0,0,0,0,0,0,0,0
0,0,0,0,0,0,0,0,0,0,0,0,0,0,0,0
6,4,2111,0,8,95,190,381,0,0,0,0,0,0,0,0
0,0,0,0,0,0,0,0,0,0,0,0,0,0,0,0
10,6,2731,0,1,116,233,466,0,0,0,0,0,0,0,0
5,6,4069,1,9,59,119,239,0,0,0,0,0,0,0,0
10,6,2986,1,0,32,64,129,0,0,0,0,0,0,0,0
0,0,0,0,0,0,0,0,0,0,0,0,0,0,0,0
0,0,0,0,0,0,0,0,0,0,0,0,0,0,0,0
10,6,3749,1,2,22,45,91,0,0,0,0,0,0,0,0
0,0,0,0,0,0,0,0,0,0,0,0,0,0,0,0
0,0,0,0,0,0,0,0,0,0,0,0,0,0,0,0
10,5,4092,0,0,44,88,177,0,0,0,0,0,0,0,0
0,0,0,0,0,0,0,0,0,0,0,0,0,0,0,0
0,0,0,0,0,0,0,0,0,0,0,0,0,0,0,0
10,5,2303,0,1,46,92,185,0,0,0,0,0,0,0,0
0,0,0,0,0,0,0,0,0,0,0,0,0,0,0,0
2,4,2032,0,15,53,106,212,0,0,0,0,0,0,0,0
0,0,0,0,0,0,0,0,0,0,0,0,0,0,0,0
0,0,0,0,0,0,0,0,0,0,0,0,0,0,0,0
10,6,2731,0,1,23,47,94,0,0,0,0,0,0,0,0
10,5,4047,0,0,9,18,37,0,0,0,0,0,0,0,0
0,0,0,0,0,0,0,0,0,0,0,0,0,0,0,0
8,4,831,0,5,104,209,419,0,0,0,0,0,0,0,0
9,6,2799,1,4,16,33,66,0,0,0,0,0,0,0,0
0,0,0,0,0,0,0,0,0,0,0,0,0,0,0,0
0,0,0,0,0,0,0,0,0,0,0,0,0,0,0,0
0,0,0,0,0,0,0,0,0,0,0,0,0,0,0,0
9,4,3984,1,5,31,63,126,0,0,0,0,0,0,0,0
0,0,0,0,0,0,0,0,0,0,0,0,0,0,0,0
10,6,2731,0,1,66,133,266,0,0,0,0,0,0,0,0
0,0,0,0,0,0,0,0,0,0,0,0,0,0,0,0
0,0,0,0,0,0,0,0,0,0,0,0,0,0,0,0
9,4,2254,1,5,58,116,233,0,0,0,0,0,0,0,0
9,4,4000,1,3,91,182,365,0,0,0,0,0,0,0,0
10,5,4082,1,1,11,22,44,0,0,0,0,0,0,0,0
0,0,0,0,0,0,0,0,0,0,0,0,0,0,0,0
0,0,0,0,0,0,0,0,0,0,0,0,0,0,0,0
0,0,0,0,0,0,0,0,0,0,0,0,0,0,0,0
0,0,0,0,0,0,0,0,0,0,0,0,0,0,0,0
3,4,3278,1,14,103,206,412,0,0,0,0,0,0,0,0
0,0,0,0,0,0,0,0,0,0,0,0,0,0,0,0
0,0,0,0,0,0,0,0,0,0,0,0,0,0,0,0
10,5,4047,0,0,142,284,569,0,0,0,0,0,0,0,0
0,0,0,0,0,0,0,0,0,0,0,0,0,0,0,0
9,5,2767,1,4,68,137,274,0,0,0,0,0,0,0,0
0,0,0,0,0,0,0,0,0,0,0,0,0,0,0,0
0,0,0,0,0,0,0,0,0,0,0,0,0,0,0,0
0,0,0,0,0,0,0,0,0,0,0,0,0,0,0,0
10,5,2748,0,2,28,56,112,0,0,0,0,0,0,0,0
7,5,3306,1,8,133,266,533,0,0,0,0,0,0,0,0
9,5,1023,1,5,119,238,476,0,0,0,0,0,0,0,0
8,5,2913,0,4,133,266,533,0,0,0,0,0,0,0,0
0,0,0,0,0,0,0,0,0,0,0,0,0,0,0,0
10,4,826,1,2,50,101,203,0,0,0,0,0,0,0,0
0,0,0,0,0,0,0,0,0,0,0,0,0,0,0,0
0,0,0,0,0,0,0,0,0,0,0,0,0,0,0,0
0,0,0,0,0,0,0,0,0,0,0,0,0,0,0,0
0,0,0,0,0,0,0,0,0,0,0,0,0,0,0,0
0,0,0,0,0,0,0,0,0,0,0,0,0,0,0,0
10,6,4095,1,0,113,226,453,0,0,0,0,0,0,0,0
0,0,0,0,0,0,0,0,0,0,0,0,0,0,0,0
10,6,1707,0,2,120,241,482,0,0,0,0,0,0,0,0
0,0,0,0,0,0,0,0,0,0,0,0,0,0,0,0
7,5,4076,1,6,135,271,543,0,0,0,0,0,0,0,0
0,0,0,0,0,0,0,0,0,0,0,0,0,0,0,0
0,0,0,0,0,0,0,0,0,0,0,0,0,0,0,0
10,4,3880,1,2,36,73,146,0,0,0,0,0,0,0,0
10,4,2691,0,1,51,103,207,0,0,0,0,0,0,0,0
8,4,3250,0,4,45,90,180,0,0,0,0,0,0,0,0
10,4,3855,1,0,54,108,217,0,0,0,0,0,0,0,0
0,0,0,0,0,0,0,0,0,0,0,0,0,0,0,0
0,0,0,0,0,0,0,0,0,0,0,0,0,0,0,0
0,0,0,0,0,0,0,0,0,0,0,0,0,0,0,0
10,5,2739,0,1,123,246,492,10,4,3891,0,0,24,48,97
0,0,0,0,0,0,0,0,0,0,0,0,0,0,0,0
10,4,3696,1,0,102,204,409,0,0,0,0,0,0,0,0
0,0,0,0,0,0,0,0,0,0,0,0,0,0,0,0
10,5,1023,1,0,43,86,173,0,0,0,0,0,0,0,0
4,6,1387,0,9,50,101,202,0,0,0,0,0,0,0,0
0,0,0,0,0,0,0,0,0,0,0,0,0,0,0,0
10,4,3900,0,0,25,50,101,0,0,0,0,0,0,0,0
10,6,4095,1,0,77,154,309,0,0,0,0,0,0,0,0
0,0,0,0,0,0,0,0,0,0,0,0,0,0,0,0
0,0,0,0,0,0,0,0,0,0,0,0,0,0,0,0
6,5,1358,0,8,46,93,186,0,0,0,0,0,0,0,0
0,0,0,0,0,0,0,0,0,0,0,0,0,0,0,0
0,0,0,0,0,0,0,0,0,0,0,0,0,0,0,0
7,4,970,1,8,77,154,309,0,0,0,0,0,0,0,0
7,4,234,1,8,69,138,277,0,0,0,0,0,0,0,0
10,4,684,0,2,108,217,435,0,0,0,0,0,0,0,0
2,4,1055,0,15,102,204,409,0,0,0,0,0,0,0,0
0,0,0,0,0,0,0,0,0,0,0,0,0,0,0,0
8,4,428,0,4,2,5,10,0,0,0,0,0,0,0,0
0,0,0,0,0,0,0,0,0,0,0,0,0,0,0,0
10,5,4042,1,1,142,285,571,0,0,0,0,0,0,0,0
3,5,933,1,15,54,108,217,0,0,0,0,0,0,0,0
0,0,0,0,0,0,0,0,0,0,0,0,0,0,0,0
0,0,0,0,0,0,0,0,0,0,0,0,0,0,0,0
10,4,4080,0,0,113,226,453,0,0,0,0,0,0,0,0
0,0,0,0,0,0,0,0,0,0,0,0,0,0,0,0
10,5,3903,0,0,57,114,229,0,0,0,0,0,0,0,0
0,0,0,0,0,0,0,0,0,0,0,0,0,0,0,0
4,5,1343,0,9,115,230,460,0,0,0,0,0,0,0,0
10,5,2787,0,1,45,91,183,0,0,0,0,0,0,0,0
10,5,4047,0,0,2,4,9,0,0,0,0,0,0,0,0
10,4,3850,1,1,150,301,603,0,0,0,0,0,0,0,0
0,0,0,0,0,0,0,0,0,0,0,0,0,0,0,0
0,0,0,0,0,0,0,0,0,0,0,0,0,0,0,0
2,4,2952,0,13,89,179,358,0,0,0,0,0,0,0,0
10,6,1462,0,1,61,122,244,0,0,0,0,0,0,0,0
10,5,699,0,1,134,269,539,0,0,0,0,0,0,0,0
10,4,755,0,1,37,74,148,0,0,0,0,0,0,0,0
6,6,2746,0,6,17,35,71,0,0,0,0,0,0,0,0
10,5,1023,1,0,115,230,461,0,0,0,0,0,0,0,0
10,4,970,1,2,7,15,31,0,0,0,0,0,0,0,0
0,0,0,0,0,0,0,0,0,0,0,0,0,0,0,0
0,0,0,0,0,0,0,0,0,0,0,0,0,0,0,0
0,0,0,0,0,0,0,0,0,0,0,0,0,0,0,0
0,0,0,0,0,0,0,0,0,0,0,0,0,0,0,0
10,6,4095,1,0,132,264,529,0,0,0,0,0,0,0,0
0,0,0,0,0,0,0,0,0,0,0,0,0,0,0,0
0,0,0,0,0,0,0,0,0,0,0,0,0,0,0,0
0,0,0,0,0,0,0,0,0,0,0,0,0,0,0,0
0,0,0,0,0,0,0,0,0,0,0,0,0,0,0,0
0,0,0,0,0,0,0,0,0,0,0,0,0,0,0,0
0,0,0,0,0,0,0,0,0,0,0,0,0,0,0,0
0,0,0,0,0,0,0,0,0,0,0,0,0,0,0,0
0,0,0,0,0,0,0,0,0,0,0,0,0,0,0,0
0,0,0,0,0,0,0,0,0,0,0,0,0,0,0,0
6,4,2574,0,6,43,86,172,0,0,0,0,0,0,0,0
3,5,3668,1,15,126,252,505,0,0,0,0,0,0,0,0
0,0,0,0,0,0,0,0,0,0,0,0,0,0,0,0
10,5,2723,0,1,70,141,282,0,0,0,0,0,0,0,0
0,0,0,0,0,0,0,0,0,0,0,0,0,0,0,0
10,6,4095,1,0,36,72,145,0,0,0,0,0,0,0,0
8,4,355,0,4,138,276,552,0,0,0,0,0,0,0,0
0,0,0,0,0,0,0,0,0,0,0,0,0,0,0,0
10,5,3327,1,0,19,38,77,0,0,0,0,0,0,0,0
10,6,3834,1,1,60,121,243,0,0,0,0,0,0,0,0
10,5,1018,1,2,45,90,180,0,0,0,0,0,0,0,0
0,0,0,0,0,0,0,0,0,0,0,0,0,0,0,0
0,0,0,0,0,0,0,0,0,0,0,0,0,0,0,0
10,4,3324,1,0,145,290,581,0,0,0,0,0,0,0,0
10,6,2747,0,1,116,233,467,0,0,0,0,0,0,0,0
0,0,0,0,0,0,0,0,0,0,0,0,0,0,0,0
10,6,3071,0,1,48,96,193,0,0,0,0,0,0,0,0
9,5,3732,1,4,22,45,90,0,0,0,0,0,0,0,0
0,0,0,0,0,0,0,0,0,0,0,0,0,0,0,0
0,0,0,0,0,0,0,0,0,0,0,0,0,0,0,0
10,6,4095,1,0,13,26,53,0,0,0,0,0,0,0,0
10,5,2767,0,1,106,212,424,0,0,0,0,0,0,0,0
10,6,4095,1,0,44,88,177,0,0,0,0,0,0,0,0
0,0,0,0,0,0,0,0,0,0,0,0,0,0,0,0
10,4,555,0,1,151,303,606,0,0,0,0,0,0,0,0
0,0,0,0,0,0,0,0,0,0,0,0,0,0,0,0
0,0,0,0,0,0,0,0,0,0,0,0,0,0,0,0
10,4,126,0,2,88,176,353,0,0,0,0,0,0,0,0
10,5,4083,0,0,133,266,533,0,0,0,0,0,0,0,0
0,0,0,0,0,0,0,0,0,0,0,0,0,0,0,0
10,6,3753,1,2,38,76,152,0,0,0,0,0,0,0,0
0,0,0,0,0,0,0,0,0,0,0,0,0,0,0,0
10,6,2987,0,0,153,307,615,0,0,0,0,0,0,0,0
10,6,3067,0,0,4,8,16,0,0,0,0,0,0,0,0
10,6,2751,0,2,63,126,252,0,0,0,0,0,0,0,0
8,4,175,0,3,29,59,118,0,0,0,0,0,0,0,0
0,0,0,0,0,0,0,0,0,0,0,0,0,0,0,0
0,0,0,0,0,0,0,0,0,0,0,0,0,0,0,0
8,4,111,0,5,4,8,17,0,0,0,0,0,0,0,0
9,6,4005,1,3,123,246,492,0,0,0,0,0,0,0,0
10,5,3327,1,0,90,180,361,0,0,0,0,0,0,0,0
10,4,1020,1,0,139,278,557,0,0,0,0,0,0,0,0
10,5,3625,1,2,92,184,368,0,0,0,0,0,0,0,0
10,5,2297,1,1,92,185,370,0,0,0,0,0,0,0,0
8,6,1455,0,3,136,273,546,0,0,0,0,0,0,0,0
10,5,4046,1,1,121,242,484,0,0,0,0,0,0,0,0
0,0,0,0,0,0,0,0,0,0,0,0,0,0,0,0
0,0,0,0,0,0,0,0,0,0,0,0,0,0,0,0
0,0,0,0,0,0,0,0,0,0,0,0,0,0,0,0
0,0,0,0,0,0,0,0,0,0,0,0,0,0,0,0
10,5,441,1,0,147,294,588,0,0,0,0,0,0,0,0
0,0,0,0,0,0,0,0,0,0,0,0,0,0,0,0
0,0,0,0,0,0,0,0,0,0,0,0,0,0,0,0
10,5,4088,1,1,142,284,568,0,0,0,0,0,0,0,0
3,5,507,1,12,96,193,387,0,0,0,0,0,0,0,0
10,6,2731,0,1,21,43,86,0,0,0,0,0,0,0,0
9,4,3876,1,4,64,128,256,0,0,0,0,0,0,0,0
0,0,0,0,0,0,0,0,0,0,0,0,0,0,0,0
0,0,0,0,0,0,0,0,0,0,0,0,0,0,0,0
0,0,0,0,0,0,0,0,0,0,0,0,0,0,0,0
0,0,0,0,0,0,0,0,0,0,0,0,0,0,0,0
3,4,1020,1,15,113,226,453,0,0,0,0,0,0,0,0
0,0,0,0,0,0,0,0,0,0,0,0,0,0,0,0
10,6,2987,0,0,49,99,199,0,0,0,0,0,0,0,0
0,0,0,0,0,0,0,0,0,0,0,0,0,0,0,0
10,5,2303,0,1,94,188,377,0,0,0,0,0,0,0,0
10,5,1733,1,1,103,207,415,0,0,0,0,0,0,0,0
10,5,3983,0,0,45,90,180,0,0,0,0,0,0,0,0
10,6,3065,1,1,53,107,214,0,0,0,0,0,0,0,0
10,4,839,1,0,53,106,213,0,0,0,0,0,0,0,0
4,5,1724,0,9,107,214,429,0,0,0,0,0,0,0,0
2,4,2946,0,12,102,204,408,0,0,0,0,0,0,0,0
8,5,1788,0,4,24,48,97,0,0,0,0,0,0,0,0
0,0,0,0,0,0,0,0,0,0,0,0,0,0,0,0
0,0,0,0,0,0,0,0,0,0,0,0,0,0,0,0
10,5,2303,0,1,88,176,353,0,0,0,0,0,0,0,0
9,4,975,1,5,23,47,95,0,0,0,0,0,0,0,0
10,6,3497,1,1,80,160,320,0,0,0,0,0,0,0,0
0,0,0,0,0,0,0,0,0,0,0,0,0,0,0,0
0,0,0,0,0,0,0,0,0,0,0,0,0,0,0,0
0,0,0,0,0,0,0,0,0,0,0,0,0,0,0,0
0,0,0,0,0,0,0,0,0,0,0,0,0,0,0,0
10,5,4083,0,0,16,32,65,0,0,0,0,0,0,0,0
6,4,655,0,8,139,278,557,0,0,0,0,0,0,0,0
0,0,0,0,0,0,0,0,0,0,0,0,0,0,0,0
10,4,3624,1,1,115,230,461,0,0,0,0,0,0,0,0
0,0,0,0,0,0,0,0,0,0,0,0,0,0,0,0
0,0,0,0,0,0,0,0,0,0,0,0,0,0,0,0
10,6,1707,0,2,30,61,122,0,0,0,0,0,0,0,0
0,0,0,0,0,0,0,0,0,0,0,0,0,0,0,0
10,6,4094,1,1,85,170,340,0,0,0,0,0,0,0,0
0,0,0,0,0,0,0,0,0,0,0,0,0,0,0,0
8,4,1103,0,3,116,232,465,0,0,0,0,0,0,0,0
9,5,4041,1,3,2,5,10,0,0,0,0,0,0,0,0
6,5,2748,0,8,150,300,601,0,0,0,0,0,0,0,0
0,0,0,0,0,0,0,0,0,0,0,0,0,0,0,0
0,0,0,0,0,0,0,0,0,0,0,0,0,0,0,0
8,6,4030,0,5,7,14,29,0,0,0,0,0,0,0,0
0,0,0,0,0,0,0,0,0,0,0,0,0,0,0,0
10,6,4095,1,0,99,198,397,0,0,0,0,0,0,0,0
3,6,3754,1,14,76,153,306,0,0,0,0,0,0,0,0
10,6,4095,1,0,9,18,37,0,0,0,0,0,0,0,0
0,0,0,0,0,0,0,0,0,0,0,0,0,0,0,0
0,0,0,0,0,0,0,0,0,0,0,0,0,0,0,0
8,5,431,0,4,53,107,214,0,0,0,0,0,0,0,0
10,5,1023,1,0,28,56,113,0,0,0,0,0,0,0,0
0,0,0,0,0,0,0,0,0,0,0,0,0,0,0,0
10,5,1007,1,0,106,212,424,0,0,0,0,0,0,0,0
6,4,3855,0,6,19,39,79,0,0,0,0,0,0,0,0
10,4,254,1,2,142,284,569,0,0,0,0,0,0,0,0
9,6,3813,1,3,27,54,108,0,0,0,0,0,0,0,0
4,5,1423,0,9,55,110,220,0,0,0,0,0,0,0,0
0,0,0,0,0,0,0,0,0,0,0,0,0,0,0,0
0,0,0,0,0,0,0,0,0,0,0,0,0,0,0,0
3,4,249,1,15,138,276,552,0,0,0,0,0,0,0,0
0,0,0,0,0,0,0,0,0,0,0,0,0,0,0,0
0,0,0,0,0,0,0,0,0,0,0,0,0,0,0,0
8,5,1323,0,3,27,54,109,0,0,0,0,0,0,0,0
0,0,0,0,0,0,0,0,0,0,0,0,0,0,0,0
0,0,0,0,0,0,0,0,0,0,0,0,0,0,0,0
7,5,3241,1,8,30,61,123,0,0,0,0,0,0,0,0
0,0,0,0,0,0,0,0,0,0,0,0,0,0,0,0
8,5,1199,0,3,64,129,258,0,0,0,0,0,0,0,0
0,0,0,0,0,0,0,0,0,0,0,0,0,0,0,0
7,5,3242,1,7,72,144,288,0,0,0,0,0,0,0,0
10,6,1451,0,2,39,78,157,0,0,0,0,0,0,0,0
0,0,0,0,0,0,0,0,0,0,0,0,0,0,0,0
0,0,0,0,0,0,0,0,0,0,0,0,0,0,0,0
10,5,2703,0,1,77,155,311,0,0,0,0,0,0,0,0
0,0,0,0,0,0,0,0,0,0,0,0,0,0,0,0
3,4,2190,1,12,46,93,186,0,0,0,0,0,0,0,0
0,0,0,0,0,0,0,0,0,0,0,0,0,0,0,0
10,5,4082,1,1,97,194,388,0,0,0,0,0,0,0,0
0,0,0,0,0,0,0,0,0,0,0,0,0,0,0,0
4,6,1387,0,9,108,217,434,0,0,0,0,0,0,0,0
0,0,0,0,0,0,0,0,0,0,0,0,0,0,0,0
5,4,508,1,11,104,208,416,0,0,0,0,0,0,0,0
0,0,0,0,0,0,0,0,0,0,0,0,0,0,0,0
7,4,3114,1,8,16,32,65,0,0,0,0,0,0,0,0
0,0,0,0,0,0,0,0,0,0,0,0,0,0,0,0
9,4,2575,1,4,88,177,354,0,0,0,0,0,0,0,0
10,6,3738,1,1,146,292,585,0,0,0,0,0,0,0,0
3,5,3732,1,15,130,261,522,0,0,0,0,0,0,0,0
10,4,3900,0,0,51,102,205,0,0,0,0,0,0,0,0
0,0,0,0,0,0,0,0,0,0,0,0,0,0,0,0
8,4,3970,0,4,65,130,260,0,0,0,0,0,0,0,0
0,0,0,0,0,0,0,0,0,0,0,0,0,0,0,0
0,0,0,0,0,0,0,0,0,0,0,0,0,0,0,0
0,0,0,0,0,0,0,0,0,0,0,0,0,0,0,0
0,0,0,0,0,0,0,0,0,0,0,0,0,0,0,0
0,0,0,0,0,0,0,0,0,0,0,0,0,0,0,0
0,0,0,0,0,0,0,0,0,0,0,0,0,0,0,0
7,4,234,1,8,72,144,289,0,0,0,0,0,0,0,0
10,5,2412,0,2,7,14,29,0,0,0,0,0,0,0,0
0,0,0,0,0,0,0,0,0,0,0,0,0,0,0,0
0,0,0,0,0,0,0,0,0,0,0,0,0,0,0,0
0,0,0,0,0,0,0,0,0,0,0,0,0,0,0,0
10,5,2607,0,1,77,155,311,0,0,0,0,0,0,0,0
10,5,3882,1,1,96,193,386,0,0,0,0,0,0,0,0
0,0,0,0,0,0,0,0,0,0,0,0,0,0,0,0
2,6,1711,0,15,117,235,470,0,0,0,0,0,0,0,0
0,0,0,0,0,0,0,0,0,0,0,0,0,0,0,0
10,5,2738,0,0,130,261,522,0,0,0,0,0,0,0,0
0,0,0,0,0,0,0,0,0,0,0,0,0,0,0,0
10,4,2620,0,2,152,304,608,0,0,0,0,0,0,0,0
10,4,2211,0,1,80,161,322,0,0,0,0,0,0,0,0
10,5,4042,1,1,126,253,507,0,0,0,0,0,0,0,0
0,0,0,0,0,0,0,0,0,0,0,0,0,0,0,0
0,0,0,0,0,0,0,0,0,0,0,0,0,0,0,0
0,0,0,0,0,0,0,0,0,0,0,0,0,0,0,0
9,5,2792,1,5,107,214,429,0,0,0,0,0,0,0,0
10,4,234,1,2,157,315,631,0,0,0,0,0,0,0,0
10,4,3011,0,1,110,220,441,0,0,0,0,0,0,0,0
10,5,2303,0,1,68,136,273,0,0,0,0,0,0,0,0
0,0,0,0,0,0,0,0,0,0,0,0,0,0,0,0
0,0,0,0,0,0,0,0,0,0,0,0,0,0,0,0
0,0,0,0,0,0,0,0,0,0,0,0,0,0,0,0
0,0,0,0,0,0,0,0,0,0,0,0,0,0,0,0
10,6,4095,1,0,18,36,73,0,0,0,0,0,0,0,0
8,6,1455,0,3,39,79,158,0,0,0,0,0,0,0,0
0,0,0,0,0,0,0,0,0,0,0,0,0,0,0,0
10,4,4080,0,0,31,62,125,0,0,0,0,0,0,0,0
10,4,2856,1,0,117,235,470,0,0,0,0,0,0,0,0
0,0,0,0,0,0,0,0,0,0,0,0,0,0,0,0
7,5,2282,1,6,147,294,588,0,0,0,0,0,0,0,0
0,0,0,0,0,0,0,0,0,0,0,0,0,0,0,0
0,0,0,0,0,0,0,0,0,0,0,0,0,0,0,0
4,5,367,0,10,40,81,163,0,0,0,0,0,0,0,0
2,4,1776,0,15,146,292,584,0,0,0,0,0,0,0,0
0,0,0,0,0,0,0,0,0,0,0,0,0,0,0,0
0,0,0,0,0,0,0,0,0,0,0,0,0,0,0,0
0,0,0,0,0,0,0,0,0,0,0,0,0,0,0,0
10,6,3071,0,1,104,208,417,8,6,4030,0,5,99,198,397
0,0,0,0,0,0,0,0,0,0,0,0,0,0,0,0
0,0,0,0,0,0,0,0,0,0,0,0,0,0,0,0
0,0,0,0,0,0,0,0,0,0,0,0,0,0,0,0
0,0,0,0,0,0,0,0,0,0,0,0,0,0,0,0
10,6,2734,0,0,95,191,382,0,0,0,0,0,0,0,0
0,0,0,0,0,0,0,0,0,0,0,0,0,0,0,0
0,0,0,0,0,0,0,0,0,0,0,0,0,0,0,0
0,0,0,0,0,0,0,0,0,0,0,0,0,0,0,0
0,0,0,0,0,0,0,0,0,0,0,0,0,0,0,0
10,4,4044,0,0,61,122,245,0,0,0,0,0,0,0,0
0,0,0,0,0,0,0,0,0,0,0,0,0,0,0,0
9,4,250,1,3,154,308,616,0,0,0,0,0,0,0,0
0,0,0,0,0,0,0,0,0,0,0,0,0,0,0,0
10,6,4095,1,0,48,96,193,0,0,0,0,0,0,0,0
0,0,0,0,0,0,0,0,0,0,0,0,0,0,0,0
9,6,4095,1,5,149,298,596,0,0,0,0,0,0,0,0
10,5,2978,1,0,18,37,74,0,0,0,0,0,0,0,0
0,0,0,0,0,0,0,0,0,0,0,0,0,0,0,0
0,0,0,0,0,0,0,0,0,0,0,0,0,0,0,0
10,4,3855,1,0,138,276,553,0,0,0,0,0,0,0,0
6,6,2751,0,8,98,196,393,0,0,0,0,0,0,0,0
0,0,0,0,0,0,0,0,0,0,0,0,0,0,0,0
8,4,3900,0,5,87,175,350,0,0,0,0,0,0,0,0
10,5,4083,0,0,76,152,305,0,0,0,0,0,0,0,0
0,0,0,0,0,0,0,0,0,0,0,0,0,0,0,0
0,0,0,0,0,0,0,0,0,0,0,0,0,0,0,0
0,0,0,0,0,0,0,0,0,0,0,0,0,0,0,0
0,0,0,0,0,0,0,0,0,0,0,0,0,0,0,0
10,6,3754,1,1,70,140,281,0,0,0,0,0,0,0,0
8,6,4026,0,4,124,248,496,0,0,0,0,0,0,0,0
10,5,3816,1,1,34,69,138,0,0,0,0,0,0,0,0
10,6,4095,1,0,28,56,113,0,0,0,0,0,0,0,0
10,5,4042,1,1,67,135,271,0,0,0,0,0,0,0,0
10,5,703,0,2,122,244,488,0,0,0,0,0,0,0,0
3,5,3745,1,15,94,188,377,0,0,0,0,0,0,0,0
0,0,0,0,0,0,0,0,0,0,0,0,0,0,0,0
10,6,3775,0,0,113,226,452,0,0,0,0,0,0,0,0
0,0,0,0,0,0,0,0,0,0,0,0,0,0,0,0
8,6,1455,0,3,110,221,442,0,0,0,0,0,0,0,0
0,0,0,0,0,0,0,0,0,0,0,0,0,0,0,0
0,0,0,0,0,0,0,0,0,0,0,0,0,0,0,0
2,4,2032,0,15,53,106,212,0,0,0,0,0,0,0,0
10,6,2667,0,1,23,46,93,0,0,0,0,0,0,0,0
0,0,0,0,0,0,0,0,0,0,0,0,0,0,0,0
0,0,0,0,0,0,0,0,0,0,0,0,0,0,0,0
8,5,3978,0,4,44,88,176,0,0,0,0,0,0,0,0
9,5,4001,1,3,149,298,596,0,0,0,0,0,0,0,0
0,0,0,0,0,0,0,0,0,0,0,0,0,0,0,0
10,6,4095,1,0,107,214,429,0,0,0,0,0,0,0,0
0,0,0,0,0,0,0,0,0,0,0,0,0,0,0,0
0,0,0,0,0,0,0,0,0,0,0,0,0,0,0,0
10,4,2220,0,1,3,7,15,0,0,0,0,0,0,0,0
9,6,3070,1,5,134,269,538,0,0,0,0,0,0,0,0
10,4,3900,0,0,157,314,629,0,0,0,0,0,0,0,0
0,0,0,0,0,0,0,0,0,0,0,0,0,0,0,0
0,0,0,0,0,0,0,0,0,0,0,0,0,0,0,0
9,5,937,1,3,121,242,485,0,0,0,0,0,0,0,0
0,0,0,0,0,0,0,0,0,0,0,0,0,0,0,0
10,6,4095,1,0,74,148,297,0,0,0,0,0,0,0,0
10,6,3002,1,0,48,97,194,0,0,0,0,0,0,0,0
2,4,364,0,15,145,291,582,0,0,0,0,0,0,0,0
10,6,4095,1,0,122,244,489,0,0,0,0,0,0,0,0
0,0,0,0,0,0,0,0,0,0,0,0,0,0,0,0
10,5,4083,0,0,29,58,117,0,0,0,0,0,0,0,0
0,0,0,0,0,0,0,0,0,0,0,0,0,0,0,0
9,5,2767,1,4,68,137,274,0,0,0,0,0,0,0,0
0,0,0,0,0,0,0,0,0,0,0,0,0,0,0,0
10,4,2111,0,1,150,300,600,0,0,0,0,0,0,0,0
0,0,0,0,0,0,0,0,0,0,0,0,0,0,0,0
9,5,3605,1,3,150,301,603,0,0,0,0,0,0,0,0
10,6,4095,1,0,93,186,373,0,0,0,0,0,0,0,0
10,4,3900,0,0,73,146,293,0,0,0,0,0,0,0,0
10,5,2239,0,1,86,172,344,0,0,0,0,0,0,0,0
8,6,1387,0,3,127,254,508,0,0,0,0,0,0,0,0
0,0,0,0,0,0,0,0,0,0,0,0,0,0,0,0
6,6,2686,0,7,105,210,420,0,0,0,0,0,0,0,0
0,0,0,0,0,0,0,0,0,0,0,0,0,0,0,0
10,5,4092,0,0,79,158,317,0,0,0,0,0,0,0,0
10,5,4047,0,0,9,18,37,0,0,0,0,0,0,0,0
0,0,0,0,0,0,0,0,0,0,0,0,0,0,0,0
0,0,0,0,0,0,0,0,0,0,0,0,0,0,0,0
0,0,0,0,0,0,0,0,0,0,0,0,0,0,0,0
9,4,3728,1,4,31,62,125,0,0,0,0,0,0,0,0
0,0,0,0,0,0,0,0,0,0,0,0,0,0,0,0
0,0,0,0,0,0,0,0,0,0,0,0,0,0,0,0
0,0,0,0,0,0,0,0,0,0,0,0,0,0,0,0
0,0,0,0,0,0,0,0,0,0,0,0,0,0,0,0
0,0,0,0,0,0,0,0,0,0,0,0,0,0,0,0
0,0,0,0,0,0,0,0,0,0,0,0,0,0,0,0
10,4,3504,0,0,102,205,411,0,0,0,0,0,0,0,0
0,0,0,0,0,0,0,0,0,0,0,0,0,0,0,0
10,4,3891,0,0,122,244,489,0,0,0,0,0,0,0,0
10,6,4094,1,1,29,58,116,0,0,0,0,0,0,0,0
9,5,3732,1,4,16,33,66,0,0,0,0,0,0,0,0
5,4,3093,1,9,133,267,534,0,0,0,0,0,0,0,0
10,6,1977,1,0,42,84,169,4,4,1051,0,9,48,96,193
10,5,2303,0,1,42,84,169,0,0,0,0,0,0,0,0
0,0,0,0,0,0,0,0,0,0,0,0,0,0,0,0
0,0,0,0,0,0,0,0,0,0,0,0,0,0,0,0
0,0,0,0,0,0,0,0,0,0,0,0,0,0,0,0
10,6,2731,0,1,103,207,414,0,0,0,0,0,0,0,0
0,0,0,0,0,0,0,0,0,0,0,0,0,0,0,0
0,0,0,0,0,0,0,0,0,0,0,0,0,0,0,0
8,4,419,0,3,110,220,441,0,0,0,0,0,0,0,0
3,5,937,1,15,54,109,218,0,0,0,0,0,0,0,0
0,0,0,0,0,0,0,0,0,0,0,0,0,0,0,0
0,0,0,0,0,0,0,0,0,0,0,0,0,0,0,0
0,0,0,0,0,0,0,0,0,0,0,0,0,0,0,0
10,6,2991,0,1,53,107,215,0,0,0,0,0,0,0,0
10,6,3754,1,1,89,178,357,9,5,2283,1,5,98,196,393
0,0,0,0,0,0,0,0,0,0,0,0,0,0,0,0
0,0,0,0,0,0,0,0,0,0,0,0,0,0,0,0
0,0,0,0,0,0,0,0,0,0,0,0,0,0,0,0
10,5,4047,0,0,119,238,477,0,0,0,0,0,0,0,0
0,0,0,0,0,0,0,0,0,0,0,0,0,0,0,0
10,4,3440,1,0,102,204,409,0,0,0,0,0,0,0,0
8,6,1387,0,3,28,56,112,0,0,0,0,0,0,0,0
0,0,0,0,0,0,0,0,0,0,0,0,0,0,0,0
0,0,0,0,0,0,0,0,0,0,0,0,0,0,0,0
0,0,0,0,0,0,0,0,0,0,0,0,0,0,0,0
0,0,0,0,0,0,0,0,0,0,0,0,0,0,0,0
0,0,0,0,0,0,0,0,0,0,0,0,0,0,0,0
10,4,3324,1,0,62,124,249,0,0,0,0,0,0,0,0
4,6,1387,0,9,46,93,186,0,0,0,0,0,0,0,0
10,4,2280,1,0,79,159,318,0,0,0,0,0,0,0,0
9,6,2815,1,4,22,45,91,0,0,0,0,0,0,0,0
0,0,0,0,0,0,0,0,0,0,0,0,0,0,0,0
0,0,0,0,0,0,0,0,0,0,0,0,0,0,0,0
0,0,0,0,0,0,0,0,0,0,0,0,0,0,0,0
3,5,3409,1,14,8,17,34,0,0,0,0,0,0,0,0
10,6,2731,0,1,151,303,606,0,0,0,0,0,0,0,0
10,5,1023,1,0,117,234,469,0,0,0,0,0,0,0,0
0,0,0,0,0,0,0,0,0,0,0,0,0,0,0,0
10,6,4095,1,0,117,234,469,0,0,0,0,0,0,0,0
0,0,0,0,0,0,0,0,0,0,0,0,0,0,0,0
0,0,0,0,0,0,0,0,0,0,0,0,0,0,0,0
3,4,936,1,15,54,108,217,0,0,0,0,0,0,0,0
0,0,0,0,0,0,0,0,0,0,0,0,0,0,0,0
0,0,0,0,0,0,0,0,0,0,0,0,0,0,0,0
0,0,0,0,0,0,0,0,0,0,0,0,0,0,0,0
4,5,1379,0,9,50,101,202,0,0,0,0,0,0,0,0
0,0,0,0,0,0,0,0,0,0,0,0,0,0,0,0
0,0,0,0,0,0,0,0,0,0,0,0,0,0,0,0
7,4,3880,1,8,74,148,297,0,0,0,0,0,0,0,0
10,4,3304,1,2,50,101,202,0,0,0,0,0,0,0,0
3,4,481,1,14,128,256,513,0,0,0,0,0,0,0,0
10,4,2091,0,1,134,269,538,0,0,0,0,0,0,0,0
6,4,3279,0,6,17,35,71,0,0,0,0,0,0,0,0
0,0,0,0,0,0,0,0,0,0,0,0,0,0,0,0
5,6,4069,1,9,59,119,239,0,0,0,0,0,0,0,0
10,6,2987,0,0,32,65,131,0,0,0,0,0,0,0,0
10,6,4074,1,2,118,237,475,0,0,0,0,0,0,0,0
0,0,0,0,0,0,0,0,0,0,0,0,0,0,0,0
10,5,441,1,0,147,294,588,0,0,0,0,0,0,0,0
0,0,0,0,0,0,0,0,0,0,0,0,0,0,0,0
10,5,4092,0,0,142,284,569,0,0,0,0,0,0,0,0
10,4,4044,0,0,44,88,177,0,0,0,0,0,0,0,0
10,4,3016,1,0,79,159,319,0,0,0,0,0,0,0,0
9,5,3732,1,4,22,45,90,0,0,0,0,0,0,0,0
7,4,234,1,8,61,122,245,0,0,0,0,0,0,0,0
0,0,0,0,0,0,0,0,0,0,0,0,0,0,0,0
0,0,0,0,0,0,0,0,0,0,0,0,0,0,0,0
10,5,2223,0,1,105,211,423,0,0,0,0,0,0,0,0
3,5,3409,1,14,8,17,34,0,0,0,0,0,0,0,0
10,6,2731,0,1,151,303,606,0,0,0,0,0,0,0,0
0,0,0,0,0,0,0,0,0,0,0,0,0,0,0,0
4,5,1468,0,10,115,230,461,0,0,0,0,0,0,0,0
10,4,1016,1,2,2,4,8,0,0,0,0,0,0,0,0
10,5,3882,1,1,150,301,602,0,0,0,0,0,0,0,0
2,5,2858,0,12,89,178,357,0,0,0,0,0,0,0,0
0,0,0,0,0,0,0,0,0,0,0,0,0,0,0,0
0,0,0,0,0,0,0,0,0,0,0,0,0,0,0,0
10,5,3903,0,0,116,232,465,0,0,0,0,0,0,0,0
5,4,3297,1,9,59,119,239,0,0,0,0,0,0,0,0
10,5,2738,0,0,32,65,130,0,0,0,0,0,0,0,0
10,6,4074,1,2,118,237,475,0,0,0,0,0,0,0,0
0,0,0,0,0,0,0,0,0,0,0,0,0,0,0,0
10,5,441,1,0,147,294,588,0,0,0,0,0,0,0,0
10,4,974,1,1,142,284,568,0,0,0,0,0,0,0,0
10,4,1011,0,0,44,88,177,0,0,0,0,0,0,0,0
0,0,0,0,0,0,0,0,0,0,0,0,0,0,0,0
10,5,4042,1,1,116,233,467,0,0,0,0,0,0,0,0
10,6,3754,1,1,85,170,341,0,0,0,0,0,0,0,0
0,0,0,0,0,0,0,0,0,0,0,0,0,0,0,0
3,6,3838,1,14,103,206,412,4,4,371,0,10,141,283,567
2,5,2980,0,12,5,10,20,0,0,0,0,0,0,0,0
0,0,0,0,0,0,0,0,0,0,0,0,0,0,0,0
0,0,0,0,0,0,0,0,0,0,0,0,0,0,0,0
10,4,655,0,2,17,35,71,9,4,2000,1,5,36,72,144
0,0,0,0,0,0,0,0,0,0,0,0,0,0,0,0
0,0,0,0,0,0,0,0,0,0,0,0,0,0,0,0
0,0,0,0,0,0,0,0,0,0,0,0,0,0,0,0
10,4,930,1,1,70,141,282,0,0,0,0,0,0,0,0
0,0,0,0,0,0,0,0,0,0,0,0,0,0,0,0
0,0,0,0,0,0,0,0,0,0,0,0,0,0,0,0
7,4,3135,1,6,66,132,264,0,0,0,0,0,0,0,0
0,0,0,0,0,0,0,0,0,0,0,0,0,0,0,0
10,5,3964,1,0,16,32,64,0,0,0,0,0,0,0,0
6,6,2751,0,8,139,278,557,0,0,0,0,0,0,0,0
10,5,3745,1,2,85,170,340,0,0,0,0,0,0,0,0
10,6,3754,1,1,115,230,461,0,0,0,0,0,0,0,0
4,4,335,0,10,141,283,567,0,0,0,0,0,0,0,0
4,4,2836,0,11,4,9,19,0,0,0,0,0,0,0,0
0,0,0,0,0,0,0,0,0,0,0,0,0,0,0,0
0,0,0,0,0,0,0,0,0,0,0,0,0,0,0,0
0,0,0,0,0,0,0,0,0,0,0,0,0,0,0,0
10,5,2618,0,0,20,41,82,0,0,0,0,0,0,0,0
0,0,0,0,0,0,0,0,0,0,0,0,0,0,0,0
10,6,2735,0,1,149,299,599,0,0,0,0,0,0,0,0
10,6,4095,1,0,79,158,317,0,0,0,0,0,0,0,0
3,5,937,1,15,126,253,506,0,0,0,0,0,0,0,0
10,5,3903,0,0,57,114,229,0,0,0,0,0,0,0,0
0,0,0,0,0,0,0,0,0,0,0,0,0,0,0,0
8,5,2277,0,3,120,240,481,3,5,4092,1,14,3,6,13
0,0,0,0,0,0,0,0,0,0,0,0,0,0,0,0
10,6,4095,1,0,19,38,77,0,0,0,0,0,0,0,0
0,0,0,0,0,0,0,0,0,0,0,0,0,0,0,0
0,0,0,0,0,0,0,0,0,0,0,0,0,0,0,0
10,5,2699,0,1,52,105,210,0,0,0,0,0,0,0,0
3,5,507,1,12,96,193,387,0,0,0,0,0,0,0,0
10,4,3855,1,0,134,268,537,0,0,0,0,0,0,0,0
9,4,3849,1,3,64,128,257,0,0,0,0,0,0,0,0
0,0,0,0,0,0,0,0,0,0,0,0,0,0,0,0
0,0,0,0,0,0,0,0,0,0,0,0,0,0,0,0
0,0,0,0,0,0,0,0,0,0,0,0,0,0,0,0
0,0,0,0,0,0,0,0,0,0,0,0,0,0,0,0
10,6,2746,0,0,48,97,194,0,0,0,0,0,0,0,0
3,4,1020,1,15,113,226,453,0,0,0,0,0,0,0,0
10,6,3071,0,1,90,180,361,0,0,0,0,0,0,0,0
8,5,762,0,4,120,240,480,3,5,3752,1,15,3,6,13
0,0,0,0,0,0,0,0,0,0,0,0,0,0,0,0
0,0,0,0,0,0,0,0,0,0,0,0,0,0,0,0
0,0,0,0,0,0,0,0,0,0,0,0,0,0,0,0
0,0,0,0,0,0,0,0,0,0,0,0,0,0,0,0
8,4,127,0,4,88,177,354,0,0,0,0,0,0,0,0
0,0,0,0,0,0,0,0,0,0,0,0,0,0,0,0
10,6,2731,0,1,152,305,610,6,6,2683,0,7,43,86,172
10,6,4095,1,0,133,266,533,0,0,0,0,0,0,0,0
0,0,0,0,0,0,0,0,0,0,0,0,0,0,0,0
0,0,0,0,0,0,0,0,0,0,0,0,0,0,0,0
10,5,3811,0,0,155,310,620,0,0,0,0,0,0,0,0
10,5,3626,1,1,4,9,18,0,0,0,0,0,0,0,0
0,0,0,0,0,0,0,0,0,0,0,0,0,0,0,0
0,0,0,0,0,0,0,0,0,0,0,0,0,0,0,0
0,0,0,0,0,0,0,0,0,0,0,0,0,0,0,0
0,0,0,0,0,0,0,0,0,0,0,0,0,0,0,0
10,6,4095,1,0,138,276,553,0,0,0,0,0,0,0,0
0,0,0,0,0,0,0,0,0,0,0,0,0,0,0,0
0,0,0,0,0,0,0,0,0,0,0,0,0,0,0,0
10,5,2303,0,1,120,240,481,0,0,0,0,0,0,0,0
10,5,3903,0,0,23,46,93,0,0,0,0,0,0,0,0
0,0,0,0,0,0,0,0,0,0,0,0,0,0,0,0
0,0,0,0,0,0,0,0,0,0,0,0,0,0,0,0
10,4,3298,1,1,84,169,339,0,0,0,0,0,0,0,0
0,0,0,0,0,0,0,0,0,0,0,0,0,0,0,0
8,4,1167,0,3,116,233,466,0,0,0,0,0,0,0,0
9,5,4065,1,3,2,4,9,0,0,0,0,0,0,0,0
6,6,2751,0,8,150,300,601,0,0,0,0,0,0,0,0
0,0,0,0,0,0,0,0,0,0,0,0,0,0,0,0
8,4,1456,0,5,70,140,280,0,0,0,0,0,0,0,0
8,6,4030,0,5,7,14,29,0,0,0,0,0,0,0,0
0,0,0,0,0,0,0,0,0,0,0,0,0,0,0,0
8,6,4030,0,5,58,116,233,0,0,0,0,0,0,0,0
10,5,4092,0,0,155,310,621,0,0,0,0,0,0,0,0
10,4,2611,0,1,5,10,20,0,0,0,0,0,0,0,0
9,5,2763,1,5,44,88,177,0,0,0,0,0,0,0,0
0,0,0,0,0,0,0,0,0,0,0,0,0,0,0,0
0,0,0,0,0,0,0,0,0,0,0,0,0,0,0,0
0,0,0,0,0,0,0,0,0,0,0,0,0,0,0,0
0,0,0,0,0,0,0,0,0,0,0,0,0,0,0,0
0,0,0,0,0,0,0,0,0,0,0,0,0,0,0,0
0,0,0,0,0,0,0,0,0,0,0,0,0,0,0,0
10,4,2760,0,0,119,239,478,0,0,0,0,0,0,0,0
0,0,0,0,0,0,0,0,0,0,0,0,0,0,0,0
9,4,3236,1,3,93,186,372,0,0,0,0,0,0,0,0
0,0,0,0,0,0,0,0,0,0,0,0,0,0,0,0
0,0,0,0,0,0,0,0,0,0,0,0,0,0,0,0
10,4,3274,1,1,133,267,535,0,0,0,0,0,0,0,0
0,0,0,0,0,0,0,0,0,0,0,0,0,0,0,0
0,0,0,0,0,0,0,0,0,0,0,0,0,0,0,0
0,0,0,0,0,0,0,0,0,0,0,0,0,0,0,0
0,0,0,0,0,0,0,0,0,0,0,0,0,0,0,0
0,0,0,0,0,0,0,0,0,0,0,0,0,0,0,0
10,6,4078,1,1,139,279,559,0,0,0,0,0,0,0,0
9,4,230,1,3,41,83,166,0,0,0,0,0,0,0,0
0,0,0,0,0,0,0,0,0,0,0,0,0,0,0,0
9,6,4005,1,3,142,284,568,0,0,0,0,0,0,0,0
10,5,2785,1,1,27,54,108,0,0,0,0,0,0,0,0
4,5,1343,0,9,55,110,220,0,0,0,0,0,0,0,0
0,0,0,0,0,0,0,0,0,0,0,0,0,0,0,0
0,0,0,0,0,0,0,0,0,0,0,0,0,0,0,0
3,4,249,1,15,138,276,552,0,0,0,0,0,0,0,0
0,0,0,0,0,0,0,0,0,0,0,0,0,0,0,0
10,4,764,0,2,153,306,613,0,0,0,0,0,0,0,0
9,4,3604,1,4,138,277,554,0,0,0,0,0,0,0,0
8,5,3258,0,4,27,54,108,0,0,0,0,0,0,0,0
0,0,0,0,0,0,0,0,0,0,0,0,0,0,0,0
0,0,0,0,0,0,0,0,0,0,0,0,0,0,0,0
10,5,4047,0,0,51,102,205,0,0,0,0,0,0,0,0
0,0,0,0,0,0,0,0,0,0,0,0,0,0,0,0
0,0,0,0,0,0,0,0,0,0,0,0,0,0,0,0
0,0,0,0,0,0,0,0,0,0,0,0,0,0,0,0
0,0,0,0,0,0,0,0,0,0,0,0,0,0,0,0
10,4,831,1,0,36,72,145,0,0,0,0,0,0,0,0
0,0,0,0,0,0,0,0,0,0,0,0,0,0,0,0
10,6,3071,0,1,65,130,261,0,0,0,0,0,0,0,0
0,0,0,0,0,0,0,0,0,0,0,0,0,0,0,0
10,6,2799,0,1,48,96,192,0,0,0,0,0,0,0,0
10,5,687,0,2,98,197,395,0,0,0,0,0,0,0,0
0,0,0,0,0,0,0,0,0,0,0,0,0,0,0,0
10,6,3050,1,0,139,279,558,0,0,0,0,0,0,0,0
9,4,215,1,5,41,83,167,0,0,0,0,0,0,0,0
0,0,0,0,0,0,0,0,0,0,0,0,0,0,0,0
10,5,4046,1,1,154,308,616,0,0,0,0,0,0,0,0
10,6,4095,1,0,3,6,13,0,0,0,0,0,0,0,0
10,6,3839,0,0,74,148,297,0,0,0,0,0,0,0,0
10,6,4091,1,0,106,212,424,0,0,0,0,0,0,0,0
0,0,0,0,0,0,0,0,0,0,0,0,0,0,0,0
8,5,4028,0,5,57,115,230,0,0,0,0,0,0,0,0
0,0,0,0,0,0,0,0,0,0,0,0,0,0,0,0
0,0,0,0,0,0,0,0,0,0,0,0,0,0,0,0
0,0,0,0,0,0,0,0,0,0,0,0,0,0,0,0
0,0,0,0,0,0,0,0,0,0,0,0,0,0,0,0
3,5,937,1,15,54,109,218,0,0,0,0,0,0,0,0
0,0,0,0,0,0,0,0,0,0,0,0,0,0,0,0
10,4,3440,1,0,102,204,409,0,0,0,0,0,0,0,0
0,0,0,0,0,0,0,0,0,0,0,0,0,0,0,0
8,5,4092,0,5,24,49,99,0,0,0,0,0,0,0,0
0,0,0,0,0,0,0,0,0,0,0,0,0,0,0,0
0,0,0,0,0,0,0,0,0,0,0,0,0,0,0,0
9,5,2792,1,5,24,48,97,0,0,0,0,0,0,0,0
10,6,1451,0,2,53,106,213,0,0,0,0,0,0,0,0
10,6,3498,1,0,80,160,321,0,0,0,0,0,0,0,0
0,0,0,0,0,0,0,0,0,0,0,0,0,0,0,0
0,0,0,0,0,0,0,0,0,0,0,0,0,0,0,0
10,5,1002,1,2,105,211,423,0,0,0,0,0,0,0,0
0,0,0,0,0,0,0,0,0,0,0,0,0,0,0,0
10,5,3048,1,0,81,163,326,0,0,0,0,0,0,0,0
10,4,251,1,0,12,24,48,0,0,0,0,0,0,0,0
8,4,3890,0,4,57,114,229,0,0,0,0,0,0,0,0
3,4,969,1,15,92,185,371,0,0,0,0,0,0,0,0
9,4,2755,1,4,77,155,310,0,0,0,0,0,0,0,0
0,0,0,0,0,0,0,0,0,0,0,0,0,0,0,0
10,6,4095,1,0,151,302,605,0,0,0,0,0,0,0,0
10,4,3976,1,2,0,1,2,0,0,0,0,0,0,0,0
10,5,959,0,0,83,166,332,0,0,0,0,0,0,0,0
0,0,0,0,0,0,0,0,0,0,0,0,0,0,0,0
10,4,2575,0,1,65,130,260,8,4,3130,0,4,104,208,416
4,5,2949,0,11,81,163,327,0,0,0,0,0,0,0,0
0,0,0,0,0,0,0,0,0,0,0,0,0,0,0,0
0,0,0,0,0,0,0,0,0,0,0,0,0,0,0,0
0,0,0,0,0,0,0,0,0,0,0,0,0,0,0,0
0,0,0,0,0,0,0,0,0,0,0,0,0,0,0,0
0,0,0,0,0,0,0,0,0,0,0,0,0,0,0,0
0,0,0,0,0,0,0,0,0,0,0,0,0,0,0,0
0,0,0,0,0,0,0,0,0,0,0,0,0,0,0,0
0,0,0,0,0,0,0,0,0,0,0,0,0,0,0,0
10,5,3736,1,2,146,292,584,0,0,0,0,0,0,0,0
3,5,3732,1,15,130,261,522,0,0,0,0,0,0,0,0
10,6,2747,0,1,80,161,323,0,0,0,0,0,0,0,0
0,0,0,0,0,0,0,0,0,0,0,0,0,0,0,0
0,0,0,0,0,0,0,0,0,0,0,0,0,0,0,0
8,6,4030,0,5,65,130,261,0,0,0,0,0,0,0,0
10,5,3327,1,0,149,298,597,0,0,0,0,0,0,0,0
0,0,0,0,0,0,0,0,0,0,0,0,0,0,0,0
3,4,969,1,15,92,185,371,0,0,0,0,0,0,0,0
0,0,0,0,0,0,0,0,0,0,0,0,0,0,0,0
0,0,0,0,0,0,0,0,0,0,0,0,0,0,0,0
10,6,2794,1,0,151,303,606,0,0,0,0,0,0,0,0
10,5,4008,1,2,0,0,1,0,0,0,0,0,0,0,0
10,4,3891,0,0,43,86,173,0,0,0,0,0,0,0,0
10,4,956,0,0,83,166,332,0,0,0,0,0,0,0,0
0,0,0,0,0,0,0,0,0,0,0,0,0,0,0,0
8,4,3714,0,5,104,208,416,0,0,0,0,0,0,0,0
0,0,0,0,0,0,0,0,0,0,0,0,0,0,0,0
0,0,0,0,0,0,0,0,0,0,0,0,0,0,0,0
0,0,0,0,0,0,0,0,0,0,0,0,0,0,0,0
9,6,4073,1,3,22,45,90,0,0,0,0,0,0,0,0
0,0,0,0,0,0,0,0,0,0,0,0,0,0,0,0
10,5,2223,0,1,105,211,423,0,0,0,0,0,0,0,0
3,5,3746,1,14,8,17,34,0,0,0,0,0,0,0,0
10,4,2315,0,1,151,302,605,0,0,0,0,0,0,0,0
8,5,1423,0,3,149,299,598,0,0,0,0,0,0,0,0
10,6,2746,0,0,36,73,146,0,0,0,0,0,0,0,0
5,5,3301,1,9,146,293,587,0,0,0,0,0,0,0,0
0,0,0,0,0,0,0,0,0,0,0,0,0,0,0,0
0,0,0,0,0,0,0,0,0,0,0,0,0,0,0,0
10,4,2755,0,1,133,266,532,0,0,0,0,0,0,0,0
3,6,3759,1,13,9,18,36,0,0,0,0,0,0,0,0
0,0,0,0,0,0,0,0,0,0,0,0,0,0,0,0
10,5,2703,0,1,101,203,407,0,0,0,0,0,0,0,0
10,5,4066,1,1,32,65,131,0,0,0,0,0,0,0,0
10,5,3746,1,1,93,186,373,0,0,0,0,0,0,0,0
10,5,1699,0,2,48,97,194,0,0,0,0,0,0,0,0
0,0,0,0,0,0,0,0,0,0,0,0,0,0,0,0
0,0,0,0,0,0,0,0,0,0,0,0,0,0,0,0
0,0,0,0,0,0,0,0,0,0,0,0,0,0,0,0
0,0,0,0,0,0,0,0,0,0,0,0,0,0,0,0
0,0,0,0,0,0,0,0,0,0,0,0,0,0,0,0
10,4,255,0,0,91,182,365,0,0,0,0,0,0,0,0
0,0,0,0,0,0,0,0,0,0,0,0,0,0,0,0
10,5,441,1,0,147,294,588,0,0,0,0,0,0,0,0
0,0,0,0,0,0,0,0,0,0,0,0,0,0,0,0
10,5,4092,0,0,136,272,545,0,0,0,0,0,0,0,0
0,0,0,0,0,0,0,0,0,0,0,0,0,0,0,0
10,5,3327,1,0,142,284,569,0,0,0,0,0,0,0,0
10,5,3882,1,1,5,11,22,0,0,0,0,0,0,0,0
10,5,1018,1,2,31,62,124,0,0,0,0,0,0,0,0
0,0,0,0,0,0,0,0,0,0,0,0,0,0,0,0
9,6,4095,1,5,43,86,172,0,0,0,0,0,0,0,0
6,5,2623,0,8,60,120,241,0,0,0,0,0,0,0,0
4,6,2965,0,10,100,201,402,0,0,0,0,0,0,0,0
6,5,4083,0,6,59,119,239,0,0,0,0,0,0,0,0
0,0,0,0,0,0,0,0,0,0,0,0,0,0,0,0
4,5,367,0,10,40,81,163,0,0,0,0,0,0,0,0
10,5,3059,0,1,133,266,533,0,0,0,0,0,0,0,0
3,6,3775,1,12,9,18,36,0,0,0,0,0,0,0,0
9,4,2091,1,5,22,44,89,0,0,0,0,0,0,0,0
0,0,0,0,0,0,0,0,0,0,0,0,0,0,0,0
10,6,4074,1,2,32,65,131,0,0,0,0,0,0,0,0
0,0,0,0,0,0,0,0,0,0,0,0,0,0,0,0
10,6,1711,0,2,48,97,194,0,0,0,0,0,0,0,0
0,0,0,0,0,0,0,0,0,0,0,0,0,0,0,0
0,0,0,0,0,0,0,0,0,0,0,0,0,0,0,0
0,0,0,0,0,0,0,0,0,0,0,0,0,0,0,0
0,0,0,0,0,0,0,0,0,0,0,0,0,0,0,0
10,6,4095,1,0,138,276,553,0,0,0,0,0,0,0,0
6,4,2111,0,8,98,196,393,0,0,0,0,0,0,0,0
10,6,4095,1,0,50,100,201,0,0,0,0,0,0,0,0
9,5,2219,1,4,9,18,36,0,0,0,0,0,0,0,0
10,5,2699,0,1,48,97,194,0,0,0,0,0,0,0,0
7,6,3738,1,7,148,297,595,0,0,0,0,0,0,0,0
0,0,0,0,0,0,0,0,0,0,0,0,0,0,0,0
10,6,4095,1,0,39,78,157,0,0,0,0,0,0,0,0
10,4,3891,0,0,16,32,65,0,0,0,0,0,0,0,0
3,5,3768,1,14,3,7,14,0,0,0,0,0,0,0,0
0,0,0,0,0,0,0,0,0,0,0,0,0,0,0,0
0,0,0,0,0,0,0,0,0,0,0,0,0,0,0,0
0,0,0,0,0,0,0,0,0,0,0,0,0,0,0,0
0,0,0,0,0,0,0,0,0,0,0,0,0,0,0,0
0,0,0,0,0,0,0,0,0,0,0,0,0,0,0,0
0,0,0,0,0,0,0,0,0,0,0,0,0,0,0,0
0,0,0,0,0,0,0,0,0,0,0,0,0,0,0,0
0,0,0,0,0,0,0,0,0,0,0,0,0,0,0,0
0,0,0,0,0,0,0,0,0,0,0,0,0,0,0,0
10,6,2735,0,1,149,299,599,9,4,233,1,4,138,277,554
3,5,937,1,15,126,253,506,0,0,0,0,0,0,0,0
10,5,2606,0,0,57,115,230,0,0,0,0,0,0,0,0
10,6,4095,1,0,105,210,421,0,0,0,0,0,0,0,0
8,4,1776,0,5,24,49,99,0,0,0,0,0,0,0,0
0,0,0,0,0,0,0,0,0,0,0,0,0,0,0,0
2,4,2032,0,15,53,106,212,0,0,0,0,0,0,0,0
7,6,2794,1,6,24,48,96,0,0,0,0,0,0,0,0
10,5,3241,1,2,80,160,321,0,0,0,0,0,0,0,0
10,5,1003,1,0,106,212,424,0,0,0,0,0,0,0,0
10,5,2879,0,1,129,258,517,0,0,0,0,0,0,0,0
10,6,2667,0,1,23,46,93,0,0,0,0,0,0,0,0
8,5,3258,0,4,124,248,496,0,0,0,0,0,0,0,0
0,0,0,0,0,0,0,0,0,0,0,0,0,0,0,0
0,0,0,0,0,0,0,0,0,0,0,0,0,0,0,0
10,4,3854,1,1,68,136,272,0,0,0,0,0,0,0,0
10,6,4095,1,0,90,180,361,0,0,0,0,0,0,0,0
0,0,0,0,0,0,0,0,0,0,0,0,0,0,0,0
9,4,3900,1,5,44,88,176,0,0,0,0,0,0,0,0
0,0,0,0,0,0,0,0,0,0,0,0,0,0,0,0
0,0,0,0,0,0,0,0,0,0,0,0,0,0,0,0
0,0,0,0,0,0,0,0,0,0,0,0,0,0,0,0
0,0,0,0,0,0,0,0,0,0,0,0,0,0,0,0
0,0,0,0,0,0,0,0,0,0,0,0,0,0,0,0
0,0,0,0,0,0,0,0,0,0,0,0,0,0,0,0
10,4,126,0,2,88,176,353,0,0,0,0,0,0,0,0
0,0,0,0,0,0,0,0,0,0,0,0,0,0,0,0
10,5,1023,1,0,152,304,609,8,4,1011,0,5,42,85,171
10,4,255,0,0,133,266,533,0,0,0,0,0,0,0,0
0,0,0,0,0,0,0,0,0,0,0,0,0,0,0,0
0,0,0,0,0,0,0,0,0,0,0,0,0,0,0,0
0,0,0,0,0,0,0,0,0,0,0,0,0,0,0,0
0,0,0,0,0,0,0,0,0,0,0,0,0,0,0,0
10,6,4095,1,0,28,56,113,0,0,0,0,0,0,0,0
0,0,0,0,0,0,0,0,0,0,0,0,0,0,0,0
6,4,3855,0,6,19,39,79,0,0,0,0,0,0,0,0
10,6,4095,1,0,131,262,525,0,0,0,0,0,0,0,0
0,0,0,0,0,0,0,0,0,0,0,0,0,0,0,0
0,0,0,0,0,0,0,0,0,0,0,0,0,0,0,0
0,0,0,0,0,0,0,0,0,0,0,0,0,0,0,0
8,5,1459,0,3,43,87,175,0,0,0,0,0,0,0,0
0,0,0,0,0,0,0,0,0,0,0,0,0,0,0,0
10,5,4092,0,0,5,10,21,0,0,0,0,0,0,0,0
10,6,4079,1,0,155,310,620,0,0,0,0,0,0,0,0
0,0,0,0,0,0,0,0,0,0,0,0,0,0,0,0
10,6,4095,1,0,155,310,621,0,0,0,0,0,0,0,0
0,0,0,0,0,0,0,0,0,0,0,0,0,0,0,0
10,6,3839,0,0,120,240,481,0,0,0,0,0,0,0,0
10,6,4095,1,0,138,276,553,0,0,0,0,0,0,0,0
0,0,0,0,0,0,0,0,0,0,0,0,0,0,0,0
10,6,4095,1,0,77,154,309,0,0,0,0,0,0,0,0
0,0,0,0,0,0,0,0,0,0,0,0,0,0,0,0
0,0,0,0,0,0,0,0,0,0,0,0,0,0,0,0
0,0,0,0,0,0,0,0,0,0,0,0,0,0,0,0
0,0,0,0,0,0,0,0,0,0,0,0,0,0,0,0
10,5,2297,1,1,92,185,370,0,0,0,0,0,0,0,0
0,0,0,0,0,0,0,0,0,0,0,0,0,0,0,0
0,0,0,0,0,0,0,0,0,0,0,0,0,0,0,0
10,5,2261,1,2,133,267,535,0,0,0,0,0,0,0,0
9,6,2799,1,4,88,177,354,0,0,0,0,0,0,0,0
10,4,3218,1,1,146,292,584,0,0,0,0,0,0,0,0
3,5,3732,1,15,130,261,522,0,0,0,0,0,0,0,0
10,4,2095,0,1,51,103,207,0,0,0,0,0,0,0,0
0,0,0,0,0,0,0,0,0,0,0,0,0,0,0,0
0,0,0,0,0,0,0,0,0,0,0,0,0,0,0,0
0,0,0,0,0,0,0,0,0,0,0,0,0,0,0,0
10,4,555,0,1,51,103,206,0,0,0,0,0,0,0,0
9,5,2863,1,5,58,117,234,0,0,0,0,0,0,0,0
9,4,4000,1,3,91,182,365,0,0,0,0,0,0,0,0
0,0,0,0,0,0,0,0,0,0,0,0,0,0,0,0
0,0,0,0,0,0,0,0,0,0,0,0,0,0,0,0
10,6,2734,0,0,95,191,382,0,0,0,0,0,0,0,0
0,0,0,0,0,0,0,0,0,0,0,0,0,0,0,0
10,6,4095,1,0,29,58,117,0,0,0,0,0,0,0,0
0,0,0,0,0,0,0,0,0,0,0,0,0,0,0,0
10,5,4042,1,1,139,279,559,0,0,0,0,0,0,0,0
9,4,230,1,3,41,83,166,0,0,0,0,0,0,0,0
10,4,3278,1,1,60,120,240,0,0,0,0,0,0,0,0
10,5,4046,1,1,51,102,204,0,0,0,0,0,0,0,0
0,0,0,0,0,0,0,0,0,0,0,0,0,0,0,0
0,0,0,0,0,0,0,0,0,0,0,0,0,0,0,0
10,6,4095,1,0,14,28,57,0,0,0,0,0,0,0,0
0,0,0,0,0,0,0,0,0,0,0,0,0,0,0,0
10,4,3274,1,1,5,11,23,0,0,0,0,0,0,0,0
10,6,4090,1,1,30,61,123,0,0,0,0,0,0,0,0
10,5,3048,1,0,117,235,470,0,0,0,0,0,0,0,0
0,0,0,0,0,0,0,0,0,0,0,0,0,0,0,0
7,4,3299,1,6,146,293,586,0,0,0,0,0,0,0,0
6,5,2739,0,8,60,120,241,0,0,0,0,0,0,0,0
0,0,0,0,0,0,0,0,0,0,0,0,0,0,0,0
0,0,0,0,0,0,0,0,0,0,0,0,0,0,0,0
0,0,0,0,0,0,0,0,0,0,0,0,0,0,0,0
4,5,367,0,10,40,81,163,0,0,0,0,0,0,0,0
3,5,941,1,15,117,235,470,0,0,0,0,0,0,0,0
10,5,3291,1,0,85,171,343,0,0,0,0,0,0,0,0
0,0,0,0,0,0,0,0,0,0,0,0,0,0,0,0
10,5,3903,0,0,113,226,453,0,0,0,0,0,0,0,0
0,0,0,0,0,0,0,0,0,0,0,0,0,0,0,0
10,6,4095,1,0,120,240,481,0,0,0,0,0,0,0,0
0,0,0,0,0,0,0,0,0,0,0,0,0,0,0,0
0,0,0,0,0,0,0,0,0,0,0,0,0,0,0,0
7,5,4076,1,6,135,271,543,0,0,0,0,0,0,0,0
10,6,4095,1,0,119,238,477,0,0,0,0,0,0,0,0
10,5,4092,0,0,154,308,617,0,0,0,0,0,0,0,0
0,0,0,0,0,0,0,0,0,0,0,0,0,0,0,0
10,4,3279,1,0,124,248,497,0,0,0,0,0,0,0,0
10,5,3242,1,1,43,87,174,0,0,0,0,0,0,0,0
0,0,0,0,0,0,0,0,0,0,0,0,0,0,0,0
0,0,0,0,0,0,0,0,0,0,0,0,0,0,0,0
0,0,0,0,0,0,0,0,0,0,0,0,0,0,0,0
10,6,4094,1,1,65,130,260,0,0,0,0,0,0,0,0
6,6,4031,0,6,57,115,230,0,0,0,0,0,0,0,0
10,4,2095,0,1,64,129,259,0,0,0,0,0,0,0,0
0,0,0,0,0,0,0,0,0,0,0,0,0,0,0,0
0,0,0,0,0,0,0,0,0,0,0,0,0,0,0,0
8,5,4092,0,5,24,49,99,0,0,0,0,0,0,0,0
0,0,0,0,0,0,0,0,0,0,0,0,0,0,0,0
9,6,2795,1,5,24,48,97,0,0,0,0,0,0,0,0
0,0,0,0,0,0,0,0,0,0,0,0,0,0,0,0
10,6,3497,1,1,80,160,320,0,0,0,0,0,0,0,0
0,0,0,0,0,0,0,0,0,0,0,0,0,0,0,0
10,5,1003,1,0,106,212,424,0,0,0,0,0,0,0,0
9,5,933,1,4,154,308,616,0,0,0,0,0,0,0,0
9,5,2219,1,4,9,18,36,0,0,0,0,0,0,0,0
10,5,1023,1,0,48,96,193,0,0,0,0,0,0,0,0
9,4,916,1,5,42,85,170,0,0,0,0,0,0,0,0
7,6,3738,1,7,148,297,595,0,0,0,0,0,0,0,0
0,0,0,0,0,0,0,0,0,0,0,0,0,0,0,0
0,0,0,0,0,0,0,0,0,0,0,0,0,0,0,0
10,4,3778,1,1,100,201,402,0,0,0,0,0,0,0,0
7,4,810,1,7,77,154,309,0,0,0,0,0,0,0,0
7,5,3882,1,8,69,138,277,0,0,0,0,0,0,0,0
10,4,684,0,2,108,217,435,0,0,0,0,0,0,0,0
0,0,0,0,0,0,0,0,0,0,0,0,0,0,0,0
0,0,0,0,0,0,0,0,0,0,0,0,0,0,0,0
3,4,969,1,15,92,185,371,0,0,0,0,0,0,0,0
0,0,0,0,0,0,0,0,0,0,0,0,0,0,0,0
9,4,975,1,5,77,155,311,0,0,0,0,0,0,0,0
10,6,4095,1,0,142,284,569,0,0,0,0,0,0,0,0
10,6,3754,1,1,151,302,605,0,0,0,0,0,0,0,0
10,5,4024,1,1,0,1,3,0,0,0,0,0,0,0,0
2,4,2992,0,14,133,266,532,0,0,0,0,0,0,0,0
0,0,0,0,0,0,0,0,0,0,0,0,0,0,0,0
0,0,0,0,0,0,0,0,0,0,0,0,0,0,0,0
4,6,2981,0,11,81,163,327,0,0,0,0,0,0,0,0
0,0,0,0,0,0,0,0,0,0,0,0,0,0,0,0
0,0,0,0,0,0,0,0,0,0,0,0,0,0,0,0
3,5,3732,1,15,130,261,522,0,0,0,0,0,0,0,0
0,0,0,0,0,0,0,0,0,0,0,0,0,0,0,0
10,4,3891,0,0,28,56,113,0,0,0,0,0,0,0,0
8,5,3899,0,5,65,131,262,0,0,0,0,0,0,0,0
8,6,1727,0,3,123,247,495,0,0,0,0,0,0,0,0
10,5,3816,1,1,34,69,138,0,0,0,0,0,0,0,0
0,0,0,0,0,0,0,0,0,0,0,0,0,0,0,0
10,5,4046,1,1,68,136,272,0,0,0,0,0,0,0,0
10,5,3902,1,1,156,312,624,0,0,0,0,0,0,0,0
10,6,4074,1,2,7,15,31,0,0,0,0,0,0,0,0
0,0,0,0,0,0,0,0,0,0,0,0,0,0,0,0
0,0,0,0,0,0,0,0,0,0,0,0,0,0,0,0
0,0,0,0,0,0,0,0,0,0,0,0,0,0,0,0
0,0,0,0,0,0,0,0,0,0,0,0,0,0,0,0
0,0,0,0,0,0,0,0,0,0,0,0,0,0,0,0
9,4,789,1,4,21,43,87,0,0,0,0,0,0,0,0
0,0,0,0,0,0,0,0,0,0,0,0,0,0,0,0
8,4,1187,0,3,149,299,598,0,0,0,0,0,0,0,0
0,0,0,0,0,0,0,0,0,0,0,0,0,0,0,0
10,5,3327,1,0,36,72,145,0,0,0,0,0,0,0,0
7,6,2969,1,8,146,293,586,0,0,0,0,0,0,0,0
0,0,0,0,0,0,0,0,0,0,0,0,0,0,0,0
0,0,0,0,0,0,0,0,0,0,0,0,0,0,0,0
0,0,0,0,0,0,0,0,0,0,0,0,0,0,0,0
0,0,0,0,0,0,0,0,0,0,0,0,0,0,0,0
8,4,355,0,4,44,88,176,0,0,0,0,0,0,0,0
10,4,3324,1,0,52,104,209,0,0,0,0,0,0,0,0
9,5,937,1,3,149,298,597,0,0,0,0,0,0,0,0
3,6,3775,1,12,9,18,36,0,0,0,0,0,0,0,0
10,4,2191,0,1,101,203,407,0,0,0,0,0,0,0,0
10,5,3746,1,1,93,186,373,0,0,0,0,0,0,0,0
0,0,0,0,0,0,0,0,0,0,0,0,0,0,0,0
10,4,1571,0,2,48,97,194,0,0,0,0,0,0,0,0
8,4,419,0,3,138,276,553,0,0,0,0,0,0,0,0
10,6,4095,1,0,26,52,105,0,0,0,0,0,0,0,0
10,6,4095,1,0,19,38,77,0,0,0,0,0,0,0,0
10,5,762,1,0,60,121,243,0,0,0,0,0,0,0,0
0,0,0,0,0,0,0,0,0,0,0,0,0,0,0,0
0,0,0,0,0,0,0,0,0,0,0,0,0,0,0,0
10,4,3215,0,0,104,208,416,0,0,0,0,0,0,0,0
0,0,0,0,0,0,0,0,0,0,0,0,0,0,0,0
0,0,0,0,0,0,0,0,0,0,0,0,0,0,0,0
10,4,4064,1,2,30,61,122,0,0,0,0,0,0,0,0
0,0,0,0,0,0,0,0,0,0,0,0,0,0,0,0
10,6,3819,1,0,24,49,99,0,0,0,0,0,0,0,0
0,0,0,0,0,0,0,0,0,0,0,0,0,0,0,0
9,6,4095,1,5,43,86,172,0,0,0,0,0,0,0,0
10,6,4094,1,1,111,222,444,0,0,0,0,0,0,0,0
6,6,2751,0,8,60,120,241,0,0,0,0,0,0,0,0
4,5,4042,0,11,100,201,402,0,0,0,0,0,0,0,0
6,5,3983,0,6,59,119,238,0,0,0,0,0,0,0,0
0,0,0,0,0,0,0,0,0,0,0,0,0,0,0,0
4,5,367,0,10,40,81,163,0,0,0,0,0,0,0,0
10,6,4095,1,0,68,136,273,0,0,0,0,0,0,0,0
0,0,0,0,0,0,0,0,0,0,0,0,0,0,0,0
0,0,0,0,0,0,0,0,0,0,0,0,0,0,0,0
10,5,3979,1,0,17,35,71,0,0,0,0,0,0,0,0
10,6,2735,0,1,51,103,207,0,0,0,0,0,0,0,0
8,6,1387,0,3,127,254,508,8,5,3262,0,5,45,90,181
0,0,0,0,0,0,0,0,0,0,0,0,0,0,0,0
10,5,1419,0,2,107,214,429,0,0,0,0,0,0,0,0
0,0,0,0,0,0,0,0,0,0,0,0,0,0,0,0
10,4,3279,1,0,138,276,553,0,0,0,0,0,0,0,0
4,6,1407,0,10,99,198,396,0,0,0,0,0,0,0,0
10,5,2748,0,2,63,126,252,0,0,0,0,0,0,0,0
8,5,1679,0,3,29,59,119,0,0,0,0,0,0,0,0
9,4,3969,1,3,40,80,160,0,0,0,0,0,0,0,0
0,0,0,0,0,0,0,0,0,0,0,0,0,0,0,0
8,6,4030,0,5,4,8,17,0,0,0,0,0,0,0,0
8,6,1455,0,3,43,87,174,0,0,0,0,0,0,0,0
9,5,4004,1,4,123,246,492,0,0,0,0,0,0,0,0
0,0,0,0,0,0,0,0,0,0,0,0,0,0,0,0
0,0,0,0,0,0,0,0,0,0,0,0,0,0,0,0
0,0,0,0,0,0,0,0,0,0,0,0,0,0,0,0
10,4,3808,1,1,34,69,138,0,0,0,0,0,0,0,0
0,0,0,0,0,0,0,0,0,0,0,0,0,0,0,0
0,0,0,0,0,0,0,0,0,0,0,0,0,0,0,0
6,4,655,0,8,119,238,477,0,0,0,0,0,0,0,0
0,0,0,0,0,0,0,0,0,0,0,0,0,0,0,0
0,0,0,0,0,0,0,0,0,0,0,0,0,0,0,0
0,0,0,0,0,0,0,0,0,0,0,0,0,0,0,0
10,6,4095,1,0,57,114,229,0,0,0,0,0,0,0,0
0,0,0,0,0,0,0,0,0,0,0,0,0,0,0,0
0,0,0,0,0,0,0,0,0,0,0,0,0,0,0,0
10,6,4010,1,1,149,299,598,0,0,0,0,0,0,0,0
10,5,4088,1,1,68,136,272,0,0,0,0,0,0,0,0
10,4,191,0,2,1,2,4,0,0,0,0,0,0,0,0
10,5,683,0,1,149,299,598,0,0,0,0,0,0,0,0
3,5,937,1,15,126,253,506,0,0,0,0,0,0,0,0
10,4,575,0,2,122,244,488,0,0,0,0,0,0,0,0
9,5,2303,1,4,68,137,275,0,0,0,0,0,0,0,0
2,4,1776,0,15,53,106,212,0,0,0,0,0,0,0,0
8,4,2480,0,3,113,226,452,0,0,0,0,0,0,0,0
10,4,2091,0,1,23,47,94,0,0,0,0,0,0,0,0
8,5,1708,0,3,110,221,443,0,0,0,0,0,0,0,0
10,5,4092,0,0,104,208,417,0,0,0,0,0,0,0,0
10,6,4079,1,0,113,226,452,0,0,0,0,0,0,0,0
10,6,4010,1,1,49,99,198,0,0,0,0,0,0,0,0
0,0,0,0,0,0,0,0,0,0,0,0,0,0,0,0
10,4,2191,0,1,143,287,575,0,0,0,0,0,0,0,0
3,6,3754,1,14,76,153,306,0,0,0,0,0,0,0,0
0,0,0,0,0,0,0,0,0,0,0,0,0,0,0,0
10,6,3065,1,1,53,107,214,0,0,0,0,0,0,0,0
6,5,2748,0,8,107,214,429,0,0,0,0,0,0,0,0
10,6,4095,1,0,122,244,489,0,0,0,0,0,0,0,0
10,6,1770,0,0,61,122,245,0,0,0,0,0,0,0,0
0,0,0,0,0,0,0,0,0,0,0,0,0,0,0,0
10,5,4092,0,0,93,186,373,0,0,0,0,0,0,0,0
0,0,0,0,0,0,0,0,0,0,0,0,0,0,0,0
10,6,4091,1,0,80,160,320,0,0,0,0,0,0,0,0
8,5,4018,0,4,45,90,181,0,0,0,0,0,0,0,0
10,6,3002,1,0,99,199,398,0,0,0,0,0,0,0,0
0,0,0,0,0,0,0,0,0,0,0,0,0,0,0,0
10,6,3071,0,1,118,236,473,0,0,0,0,0,0,0,0
0,0,0,0,0,0,0,0,0,0,0,0,0,0,0,0
10,5,3882,1,1,152,305,610,0,0,0,0,0,0,0,0
0,0,0,0,0,0,0,0,0,0,0,0,0,0,0,0
0,0,0,0,0,0,0,0,0,0,0,0,0,0,0,0
8,4,127,0,4,88,177,354,0,0,0,0,0,0,0,0
0,0,0,0,0,0,0,0,0,0,0,0,0,0,0,0
10,5,1023,1,0,133,266,533,0,0,0,0,0,0,0,0
8,4,690,0,5,95,190,380,0,0,0,0,0,0,0,0
0,0,0,0,0,0,0,0,0,0,0,0,0,0,0,0
0,0,0,0,0,0,0,0,0,0,0,0,0,0,0,0
10,5,4083,0,0,122,244,489,0,0,0,0,0,0,0,0
10,4,3891,0,0,29,58,117,0,0,0,0,0,0,0,0
10,4,4080,0,0,139,278,557,0,0,0,0,0,0,0,0
10,5,4083,0,0,58,116,233,0,0,0,0,0,0,0,0
10,4,2105,1,1,92,184,369,0,0,0,0,0,0,0,0
8,5,447,0,4,136,273,547,0,0,0,0,0,0,0,0
10,6,3753,1,2,121,242,484,0,0,0,0,0,0,0,0
0,0,0,0,0,0,0,0,0,0,0,0,0,0,0,0
10,5,3903,0,0,14,28,57,0,0,0,0,0,0,0,0
10,5,4083,0,0,97,194,389,0,0,0,0,0,0,0,0
0,0,0,0,0,0,0,0,0,0,0,0,0,0,0,0
4,6,1387,0,9,108,217,434,0,0,0,0,0,0,0,0
0,0,0,0,0,0,0,0,0,0,0,0,0,0,0,0
0,0,0,0,0,0,0,0,0,0,0,0,0,0,0,0
9,6,3989,1,3,90,181,363,0,0,0,0,0,0,0,0
7,5,3882,1,8,16,32,65,0,0,0,0,0,0,0,0
10,6,2751,0,2,18,36,72,0,0,0,0,0,0,0,0
10,5,4082,1,1,37,74,148,0,0,0,0,0,0,0,0
10,5,3326,1,1,26,52,104,0,0,0,0,0,0,0,0
10,4,2604,0,1,51,103,207,0,0,0,0,0,0,0,0
0,0,0,0,0,0,0,0,0,0,0,0,0,0,0,0
10,6,4095,1,0,9,18,37,0,0,0,0,0,0,0,0
8,4,1071,0,3,90,181,362,0,0,0,0,0,0,0,0
0,0,0,0,0,0,0,0,0,0,0,0,0,0,0,0
10,6,3754,1,1,69,138,277,0,0,0,0,0,0,0,0
3,4,376,1,12,20,40,81,0,0,0,0,0,0,0,0
10,4,1011,0,0,51,102,205,0,0,0,0,0,0,0,0
10,6,4095,1,0,102,204,409,0,0,0,0,0,0,0,0
0,0,0,0,0,0,0,0,0,0,0,0,0,0,0,0
10,5,2812,0,2,134,268,537,0,0,0,0,0,0,0,0
0,0,0,0,0,0,0,0,0,0,0,0,0,0,0,0
10,6,4095,1,0,80,160,321,0,0,0,0,0,0,0,0
0,0,0,0,0,0,0,0,0,0,0,0,0,0,0,0
0,0,0,0,0,0,0,0,0,0,0,0,0,0,0,0
0,0,0,0,0,0,0,0,0,0,0,0,0,0,0,0
0,0,0,0,0,0,0,0,0,0,0,0,0,0,0,0
10,6,4074,1,2,86,173,347,0,0,0,0,0,0,0,0
0,0,0,0,0,0,0,0,0,0,0,0,0,0,0,0
9,4,3728,1,4,1,2,5,0,0,0,0,0,0,0,0
7,6,4074,1,8,140,280,561,0,0,0,0,0,0,0,0
0,0,0,0,0,0,0,0,0,0,0,0,0,0,0,0
0,0,0,0,0,0,0,0,0,0,0,0,0,0,0,0
4,6,1471,0,9,115,230,460,0,0,0,0,0,0,0,0
10,5,763,0,0,46,92,184,0,0,0,0,0,0,0,0
10,6,4095,1,0,2,4,9,0,0,0,0,0,0,0,0
10,4,3976,1,2,150,301,602,0,0,0,0,0,0,0,0
0,0,0,0,0,0,0,0,0,0,0,0,0,0,0,0
0,0,0,0,0,0,0,0,0,0,0,0,0,0,0,0
2,4,810,0,12,89,179,358,0,0,0,0,0,0,0,0
10,6,1461,0,0,60,121,243,0,0,0,0,0,0,0,0
0,0,0,0,0,0,0,0,0,0,0,0,0,0,0,0
10,4,2291,0,1,37,74,149,0,0,0,0,0,0,0,0
0,0,0,0,0,0,0,0,0,0,0,0,0,0,0,0
0,0,0,0,0,0,0,0,0,0,0,0,0,0,0,0
0,0,0,0,0,0,0,0,0,0,0,0,0,0,0,0
0,0,0,0,0,0,0,0,0,0,0,0,0,0,0,0
0,0,0,0,0,0,0,0,0,0,0,0,0,0,0,0
0,0,0,0,0,0,0,0,0,0,0,0,0,0,0,0
3,4,254,1,15,22,44,89,0,0,0,0,0,0,0,0
10,6,4095,1,0,1,2,5,0,0,0,0,0,0,0,0
0,0,0,0,0,0,0,0,0,0,0,0,0,0,0,0
0,0,0,0,0,0,0,0,0,0,0,0,0,0,0,0
10,4,3900,0,0,73,146,293,0,0,0,0,0,0,0,0
10,6,3071,0,1,86,172,345,0,0,0,0,0,0,0,0
10,6,4091,1,0,106,212,424,0,0,0,0,0,0,0,0
0,0,0,0,0,0,0,0,0,0,0,0,0,0,0,0
0,0,0,0,0,0,0,0,0,0,0,0,0,0,0,0
0,0,0,0,0,0,0,0,0,0,0,0,0,0,0,0
10,4,1020,1,0,148,296,593,0,0,0,0,0,0,0,0
10,6,4095,1,0,87,174,349,0,0,0,0,0,0,0,0
8,6,3774,0,5,99,198,397,0,0,0,0,0,0,0,0
10,5,4083,0,0,70,140,281,0,0,0,0,0,0,0,0
0,0,0,0,0,0,0,0,0,0,0,0,0,0,0,0
0,0,0,0,0,0,0,0,0,0,0,0,0,0,0,0
10,5,4047,0,0,2,4,9,0,0,0,0,0,0,0,0
10,5,4018,1,1,152,305,611,0,0,0,0,0,0,0,0
0,0,0,0,0,0,0,0,0,0,0,0,0,0,0,0
10,6,1707,0,2,112,225,450,0,0,0,0,0,0,0,0
0,0,0,0,0,0,0,0,0,0,0,0,0,0,0,0
0,0,0,0,0,0,0,0,0,0,0,0,0,0,0,0
10,4,575,0,2,80,160,320,0,0,0,0,0,0,0,0
9,4,3233,1,3,89,178,356,0,0,0,0,0,0,0,0
0,0,0,0,0,0,0,0,0,0,0,0,0,0,0,0
6,4,655,0,8,95,190,381,0,0,0,0,0,0,0,0
10,5,4092,0,0,117,234,469,0,0,0,0,0,0,0,0
10,6,4095,1,0,63,126,253,0,0,0,0,0,0,0,0
7,4,811,1,6,74,149,298,0,0,0,0,0,0,0,0
0,0,0,0,0,0,0,0,0,0,0,0,0,0,0,0
8,4,1212,0,4,44,88,176,0,0,0,0,0,0,0,0
0,0,0,0,0,0,0,0,0,0,0,0,0,0,0,0
8,4,3778,0,5,56,112,225,0,0,0,0,0,0,0,0
10,6,4095,1,0,145,290,581,0,0,0,0,0,0,0,0
5,4,3205,1,9,137,275,550,0,0,0,0,0,0,0,0
0,0,0,0,0,0,0,0,0,0,0,0,0,0,0,0
0,0,0,0,0,0,0,0,0,0,0,0,0,0,0,0
0,0,0,0,0,0,0,0,0,0,0,0,0,0,0,0
0,0,0,0,0,0,0,0,0,0,0,0,0,0,0,0
0,0,0,0,0,0,0,0,0,0,0,0,0,0,0,0
8,5,2977,0,3,47,95,190,0,0,0,0,0,0,0,0
10,6,2798,0,0,61,123,247,0,0,0,0,0,0,0,0
10,6,3753,1,2,38,76,152,0,0,0,0,0,0,0,0
9,4,3728,1,4,10,20,41,0,0,0,0,0,0,0,0
3,4,1020,1,15,113,226,453,0,0,0,0,0,0,0,0
10,6,4095,1,0,16,32,65,0,0,0,0,0,0,0,0
8,6,3770,0,5,120,240,480,0,0,0,0,0,0,0,0
0,0,0,0,0,0,0,0,0,0,0,0,0,0,0,0
0,0,0,0,0,0,0,0,0,0,0,0,0,0,0,0
0,0,0,0,0,0,0,0,0,0,0,0,0,0,0,0
10,6,3839,0,0,61,122,245,0,0,0,0,0,0,0,0
7,5,3044,1,8,61,123,247,0,0,0,0,0,0,0,0
0,0,0,0,0,0,0,0,0,0,0,0,0,0,0,0
10,4,1011,0,0,119,238,477,0,0,0,0,0,0,0,0
10,6,3839,0,0,43,86,173,0,0,0,0,0,0,0,0
8,6,4030,0,5,155,310,621,0,0,0,0,0,0,0,0
8,4,700,0,3,11,22,44,0,0,0,0,0,0,0,0
0,0,0,0,0,0,0,0,0,0,0,0,0,0,0,0
10,6,4074,1,2,66,133,267,0,0,0,0,0,0,0,0
3,5,507,1,12,96,193,387,0,0,0,0,0,0,0,0
10,5,2603,0,1,21,43,86,0,0,0,0,0,0,0,0
10,4,234,1,2,53,107,215,0,0,0,0,0,0,0,0
0,0,0,0,0,0,0,0,0,0,0,0,0,0,0,0
0,0,0,0,0,0,0,0,0,0,0,0,0,0,0,0
0,0,0,0,0,0,0,0,0,0,0,0,0,0,0,0
0,0,0,0,0,0,0,0,0,0,0,0,0,0,0,0
6,5,3772,0,6,70,140,281,0,0,0,0,0,0,0,0
10,5,3899,1,0,131,262,524,0,0,0,0,0,0,0,0
10,6,4095,1,0,85,170,341,0,0,0,0,0,0,0,0
0,0,0,0,0,0,0,0,0,0,0,0,0,0,0,0
0,0,0,0,0,0,0,0,0,0,0,0,0,0,0,0
0,0,0,0,0,0,0,0,0,0,0,0,0,0,0,0
10,4,2111,0,1,90,180,360,0,0,0,0,0,0,0,0
0,0,0,0,0,0,0,0,0,0,0,0,0,0,0,0
0,0,0,0,0,0,0,0,0,0,0,0,0,0,0,0
3,5,3827,1,12,22,45,90,0,0,0,0,0,0,0,0
0,0,0,0,0,0,0,0,0,0,0,0,0,0,0,0
0,0,0,0,0,0,0,0,0,0,0,0,0,0,0,0
0,0,0,0,0,0,0,0,0,0,0,0,0,0,0,0
10,6,4095,1,0,146,292,585,0,0,0,0,0,0,0,0
0,0,0,0,0,0,0,0,0,0,0,0,0,0,0,0
10,6,1707,0,2,30,61,122,0,0,0,0,0,0,0,0
0,0,0,0,0,0,0,0,0,0,0,0,0,0,0,0
10,6,3753,1,2,85,170,340,0,0,0,0,0,0,0,0
9,4,901,1,4,58,116,232,0,0,0,0,0,0,0,0
10,4,4035,1,0,49,98,197,0,0,0,0,0,0,0,0
10,6,4095,1,0,72,144,289,0,0,0,0,0,0,0,0
0,0,0,0,0,0,0,0,0,0,0,0,0,0,0,0
10,5,4047,0,0,11,22,45,0,0,0,0,0,0,0,0
10,5,1583,0,2,153,307,614,0,0,0,0,0,0,0,0
9,5,2792,1,5,138,276,553,0,0,0,0,0,0,0,0
0,0,0,0,0,0,0,0,0,0,0,0,0,0,0,0
10,6,3749,1,2,78,157,315,0,0,0,0,0,0,0,0
10,6,2751,0,2,6,12,24,0,0,0,0,0,0,0,0
0,0,0,0,0,0,0,0,0,0,0,0,0,0,0,0
8,5,4028,0,5,58,117,234,0,0,0,0,0,0,0,0
10,6,3839,0,0,155,310,621,0,0,0,0,0,0,0,0
10,5,2723,0,1,4,9,18,0,0,0,0,0,0,0,0
9,4,2760,1,5,44,88,176,0,0,0,0,0,0,0,0
0,0,0,0,0,0,0,0,0,0,0,0,0,0,0,0
0,0,0,0,0,0,0,0,0,0,0,0,0,0,0,0
0,0,0,0,0,0,0,0,0,0,0,0,0,0,0,0
0,0,0,0,0,0,0,0,0,0,0,0,0,0,0,0
0,0,0,0,0,0,0,0,0,0,0,0,0,0,0,0
0,0,0,0,0,0,0,0,0,0,0,0,0,0,0,0
10,5,2239,0,1,120,240,480,0,0,0,0,0,0,0,0
7,5,4083,1,6,75,150,300,0,0,0,0,0,0,0,0
0,0,0,0,0,0,0,0,0,0,0,0,0,0,0,0
0,0,0,0,0,0,0,0,0,0,0,0,0,0,0,0
0,0,0,0,0,0,0,0,0,0,0,0,0,0,0,0
0,0,0,0,0,0,0,0,0,0,0,0,0,0,0,0
10,5,1326,0,2,39,78,157,0,0,0,0,0,0,0,0
9,5,1007,1,5,113,227,455,0,0,0,0,0,0,0,0
9,5,3285,1,3,27,54,108,0,0,0,0,0,0,0,0
4,6,1471,0,9,55,110,220,0,0,0,0,0,0,0,0
0,0,0,0,0,0,0,0,0,0,0,0,0,0,0,0
0,0,0,0,0,0,0,0,0,0,0,0,0,0,0,0
0,0,0,0,0,0,0,0,0,0,0,0,0,0,0,0
0,0,0,0,0,0,0,0,0,0,0,0,0,0,0,0
0,0,0,0,0,0,0,0,0,0,0,0,0,0,0,0
0,0,0,0,0,0,0,0,0,0,0,0,0,0,0,0
2,5,4008,0,12,5,11,22,0,0,0,0,0,0,0,0
2,6,2391,0,14,92,185,371,0,0,0,0,0,0,0,0
0,0,0,0,0,0,0,0,0,0,0,0,0,0,0,0
8,4,2800,0,3,65,131,262,0,0,0,0,0,0,0,0
0,0,0,0,0,0,0,0,0,0,0,0,0,0,0,0
0,0,0,0,0,0,0,0,0,0,0,0,0,0,0,0
0,0,0,0,0,0,0,0,0,0,0,0,0,0,0,0
0,0,0,0,0,0,0,0,0,0,0,0,0,0,0,0
3,4,3656,1,15,138,277,555,0,0,0,0,0,0,0,0
10,5,4083,0,0,61,122,245,0,0,0,0,0,0,0,0
0,0,0,0,0,0,0,0,0,0,0,0,0,0,0,0
7,5,3044,1,8,61,123,247,0,0,0,0,0,0,0,0
0,0,0,0,0,0,0,0,0,0,0,0,0,0,0,0
10,5,4047,0,0,119,238,477,0,0,0,0,0,0,0,0
10,6,4094,1,1,43,86,172,0,0,0,0,0,0,0,0
0,0,0,0,0,0,0,0,0,0,0,0,0,0,0,0
7,5,3903,1,6,31,62,124,0,0,0,0,0,0,0,0
0,0,0,0,0,0,0,0,0,0,0,0,0,0,0,0
10,5,1214,0,2,64,129,258,0,0,0,0,0,0,0,0
0,0,0,0,0,0,0,0,0,0,0,0,0,0,0,0
0,0,0,0,0,0,0,0,0,0,0,0,0,0,0,0
10,6,1451,0,2,39,78,157,0,0,0,0,0,0,0,0
0,0,0,0,0,0,0,0,0,0,0,0,0,0,0,0
0,0,0,0,0,0,0,0,0,0,0,0,0,0,0,0
10,6,2735,0,1,77,155,311,0,0,0,0,0,0,0,0
9,6,3733,1,3,96,193,387,0,0,0,0,0,0,0,0
3,4,398,1,12,46,93,186,0,0,0,0,0,0,0,0
0,0,0,0,0,0,0,0,0,0,0,0,0,0,0,0
0,0,0,0,0,0,0,0,0,0,0,0,0,0,0,0
8,4,3890,0,4,53,106,213,0,0,0,0,0,0,0,0
10,6,2798,0,0,149,299,599,7,4,2945,1,8,154,308,617
10,6,4095,1,0,3,6,13,0,0,0,0,0,0,0,0
0,0,0,0,0,0,0,0,0,0,0,0,0,0,0,0
0,0,0,0,0,0,0,0,0,0,0,0,0,0,0,0
10,5,2767,0,1,74,148,296,0,0,0,0,0,0,0,0
8,4,3980,0,5,57,115,230,0,0,0,0,0,0,0,0
0,0,0,0,0,0,0,0,0,0,0,0,0,0,0,0
9,4,230,1,3,41,83,166,0,0,0,0,0,0,0,0
10,4,3135,1,0,133,266,533,0,0,0,0,0,0,0,0
0,0,0,0,0,0,0,0,0,0,0,0,0,0,0,0
10,4,4044,0,0,44,88,177,0,0,0,0,0,0,0,0
0,0,0,0,0,0,0,0,0,0,0,0,0,0,0,0
0,0,0,0,0,0,0,0,0,0,0,0,0,0,0,0
10,4,748,0,1,110,220,440,0,0,0,0,0,0,0,0
2,4,3275,0,12,92,184,368,0,0,0,0,0,0,0,0
0,0,0,0,0,0,0,0,0,0,0,0,0,0,0,0
0,0,0,0,0,0,0,0,0,0,0,0,0,0,0,0
0,0,0,0,0,0,0,0,0,0,0,0,0,0,0,0
10,5,2748,0,2,152,304,608,0,0,0,0,0,0,0,0
9,6,3051,1,5,44,89,178,0,0,0,0,0,0,0,0
10,5,767,0,1,148,296,592,0,0,0,0,0,0,0,0
0,0,0,0,0,0,0,0,0,0,0,0,0,0,0,0
9,4,250,1,3,7,14,28,0,0,0,0,0,0,0,0
0,0,0,0,0,0,0,0,0,0,0,0,0,0,0,0
0,0,0,0,0,0,0,0,0,0,0,0,0,0,0,0
0,0,0,0,0,0,0,0,0,0,0,0,0,0,0,0
10,6,2751,0,2,9,18,36,0,0,0,0,0,0,0,0
10,6,4074,1,2,20,41,83,0,0,0,0,0,0,0,0
10,5,2739,0,1,110,220,440,0,0,0,0,0,0,0,0
10,6,4095,1,0,148,296,593,0,0,0,0,0,0,0,0
0,0,0,0,0,0,0,0,0,0,0,0,0,0,0,0
10,5,3242,1,1,43,87,174,0,0,0,0,0,0,0,0
10,5,3727,0,0,83,166,332,0,0,0,0,0,0,0,0
0,0,0,0,0,0,0,0,0,0,0,0,0,0,0,0
0,0,0,0,0,0,0,0,0,0,0,0,0,0,0,0
10,5,3327,1,0,19,38,77,0,0,0,0,0,0,0,0
6,4,2616,0,6,103,207,415,0,0,0,0,0,0,0,0
0,0,0,0,0,0,0,0,0,0,0,0,0,0,0,0
0,0,0,0,0,0,0,0,0,0,0,0,0,0,0,0
0,0,0,0,0,0,0,0,0,0,0,0,0,0,0,0
8,6,4094,0,4,155,311,622,0,0,0,0,0,0,0,0
10,4,2736,0,2,10,20,40,0,0,0,0,0,0,0,0
9,5,3237,1,3,79,158,316,0,0,0,0,0,0,0,0
8,4,364,0,5,6,12,25,0,0,0,0,0,0,0,0
2,6,2647,0,14,92,185,371,0,0,0,0,0,0,0,0
10,5,3059,0,1,110,220,441,0,0,0,0,0,0,0,0
0,0,0,0,0,0,0,0,0,0,0,0,0,0,0,0
10,6,1451,0,2,68,136,273,0,0,0,0,0,0,0,0
0,0,0,0,0,0,0,0,0,0,0,0,0,0,0,0
0,0,0,0,0,0,0,0,0,0,0,0,0,0,0,0
0,0,0,0,0,0,0,0,0,0,0,0,0,0,0,0
0,0,0,0,0,0,0,0,0,0,0,0,0,0,0,0
0,0,0,0,0,0,0,0,0,0,0,0,0,0,0,0
0,0,0,0,0,0,0,0,0,0,0,0,0,0,0,0
0,0,0,0,0,0,0,0,0,0,0,0,0,0,0,0
10,5,703,0,2,18,36,72,0,0,0,0,0,0,0,0
0,0,0,0,0,0,0,0,0,0,0,0,0,0,0,0
0,0,0,0,0,0,0,0,0,0,0,0,0,0,0,0
0,0,0,0,0,0,0,0,0,0,0,0,0,0,0,0
0,0,0,0,0,0,0,0,0,0,0,0,0,0,0,0
0,0,0,0,0,0,0,0,0,0,0,0,0,0,0,0
0,0,0,0,0,0,0,0,0,0,0,0,0,0,0,0
2,5,4008,0,12,5,11,22,0,0,0,0,0,0,0,0
10,6,4090,1,1,144,289,579,0,0,0,0,0,0,0,0
0,0,0,0,0,0,0,0,0,0,0,0,0,0,0,0
6,5,2748,0,8,29,58,117,0,0,0,0,0,0,0,0
0,0,0,0,0,0,0,0,0,0,0,0,0,0,0,0
0,0,0,0,0,0,0,0,0,0,0,0,0,0,0,0
10,5,1007,1,0,61,122,244,0,0,0,0,0,0,0,0
10,4,2952,1,0,107,215,430,0,0,0,0,0,0,0,0
9,5,4092,1,5,13,26,52,0,0,0,0,0,0,0,0
0,0,0,0,0,0,0,0,0,0,0,0,0,0,0,0
0,0,0,0,0,0,0,0,0,0,0,0,0,0,0,0
0,0,0,0,0,0,0,0,0,0,0,0,0,0,0,0
7,4,948,1,8,20,40,80,0,0,0,0,0,0,0,0
10,5,1007,1,0,133,266,532,0,0,0,0,0,0,0,0
3,6,3775,1,12,9,18,36,0,0,0,0,0,0,0,0
9,5,2699,1,4,22,44,88,0,0,0,0,0,0,0,0
10,4,2255,0,1,102,204,408,0,0,0,0,0,0,0,0
10,5,4066,1,1,32,65,131,0,0,0,0,0,0,0,0
0,0,0,0,0,0,0,0,0,0,0,0,0,0,0,0
0,0,0,0,0,0,0,0,0,0,0,0,0,0,0,0
0,0,0,0,0,0,0,0,0,0,0,0,0,0,0,0
8,5,1443,0,3,53,107,214,0,0,0,0,0,0,0,0
10,6,4095,1,0,101,202,405,0,0,0,0,0,0,0,0
10,6,1497,0,0,149,299,599,0,0,0,0,0,0,0,0
10,6,4095,1,0,20,40,81,0,0,0,0,0,0,0,0
9,4,3984,1,5,128,257,514,0,0,0,0,0,0,0,0
10,5,3882,1,1,14,29,58,0,0,0,0,0,0,0,0
9,5,2767,1,4,22,45,90,0,0,0,0,0,0,0,0
10,6,2735,0,1,8,17,35,0,0,0,0,0,0,0,0
0,0,0,0,0,0,0,0,0,0,0,0,0,0,0,0
8,6,4026,0,4,87,174,348,0,0,0,0,0,0,0,0
0,0,0,0,0,0,0,0,0,0,0,0,0,0,0,0
9,6,3070,1,5,134,269,538,0,0,0,0,0,0,0,0
0,0,0,0,0,0,0,0,0,0,0,0,0,0,0,0
0,0,0,0,0,0,0,0,0,0,0,0,0,0,0,0
0,0,0,0,0,0,0,0,0,0,0,0,0,0,0,0
8,6,1455,0,3,119,239,478,0,0,0,0,0,0,0,0
10,4,4064,1,2,86,173,346,0,0,0,0,0,0,0,0
0,0,0,0,0,0,0,0,0,0,0,0,0,0,0,0
0,0,0,0,0,0,0,0,0,0,0,0,0,0,0,0
0,0,0,0,0,0,0,0,0,0,0,0,0,0,0,0
0,0,0,0,0,0,0,0,0,0,0,0,0,0,0,0
0,0,0,0,0,0,0,0,0,0,0,0,0,0,0,0
0,0,0,0,0,0,0,0,0,0,0,0,0,0,0,0
10,5,3903,0,0,138,276,553,0,0,0,0,0,0,0,0
4,6,1407,0,10,99,198,396,0,0,0,0,0,0,0,0
9,6,3051,1,5,44,89,178,0,0,0,0,0,0,0,0
0,0,0,0,0,0,0,0,0,0,0,0,0,0,0,0
0,0,0,0,0,0,0,0,0,0,0,0,0,0,0,0
0,0,0,0,0,0,0,0,0,0,0,0,0,0,0,0
10,5,2623,0,1,110,220,440,0,0,0,0,0,0,0,0
0,0,0,0,0,0,0,0,0,0,0,0,0,0,0,0
10,4,3324,1,0,152,304,609,0,0,0,0,0,0,0,0
10,6,2735,0,1,3,7,15,0,0,0,0,0,0,0,0
0,0,0,0,0,0,0,0,0,0,0,0,0,0,0,0
0,0,0,0,0,0,0,0,0,0,0,0,0,0,0,0
0,0,0,0,0,0,0,0,0,0,0,0,0,0,0,0
0,0,0,0,0,0,0,0,0,0,0,0,0,0,0,0
9,5,1001,1,4,121,243,486,0,0,0,0,0,0,0,0
0,0,0,0,0,0,0,0,0,0,0,0,0,0,0,0
2,4,2032,0,15,53,106,212,0,0,0,0,0,0,0,0
10,6,2746,0,0,50,101,202,0,0,0,0,0,0,0,0
0,0,0,0,0,0,0,0,0,0,0,0,0,0,0,0
10,5,2603,0,1,23,47,94,0,0,0,0,0,0,0,0
0,0,0,0,0,0,0,0,0,0,0,0,0,0,0,0
0,0,0,0,0,0,0,0,0,0,0,0,0,0,0,0
0,0,0,0,0,0,0,0,0,0,0,0,0,0,0,0
0,0,0,0,0,0,0,0,0,0,0,0,0,0,0,0
10,5,3722,1,1,98,196,393,0,0,0,0,0,0,0,0
0,0,0,0,0,0,0,0,0,0,0,0,0,0,0,0
10,5,2762,1,0,61,123,246,0,0,0,0,0,0,0,0
10,5,3327,1,0,118,236,473,0,0,0,0,0,0,0,0
0,0,0,0,0,0,0,0,0,0,0,0,0,0,0,0
0,0,0,0,0,0,0,0,0,0,0,0,0,0,0,0
0,0,0,0,0,0,0,0,0,0,0,0,0,0,0,0
0,0,0,0,0,0,0,0,0,0,0,0,0,0,0,0
10,5,2748,0,2,18,36,72,0,0,0,0,0,0,0,0
10,5,1195,0,2,66,132,265,0,0,0,0,0,0,0,0
10,4,1011,0,0,41,82,165,0,0,0,0,0,0,0,0
8,5,1023,0,5,104,209,419,0,0,0,0,0,0,0,0
0,0,0,0,0,0,0,0,0,0,0,0,0,0,0,0
9,4,2095,1,4,31,63,126,0,0,0,0,0,0,0,0
0,0,0,0,0,0,0,0,0,0,0,0,0,0,0,0
9,5,2803,1,4,68,137,275,0,0,0,0,0,0,0,0
0,0,0,0,0,0,0,0,0,0,0,0,0,0,0,0
6,5,2239,0,7,24,48,97,0,0,0,0,0,0,0,0
5,4,3845,1,9,137,275,550,0,0,0,0,0,0,0,0
0,0,0,0,0,0,0,0,0,0,0,0,0,0,0,0
0,0,0,0,0,0,0,0,0,0,0,0,0,0,0,0
10,5,3327,1,0,15,30,61,0,0,0,0,0,0,0,0
10,4,3874,1,1,142,285,570,0,0,0,0,0,0,0,0
0,0,0,0,0,0,0,0,0,0,0,0,0,0,0,0
10,4,3855,1,0,82,164,329,0,0,0,0,0,0,0,0
0,0,0,0,0,0,0,0,0,0,0,0,0,0,0,0
10,6,3413,1,2,89,179,358,0,0,0,0,0,0,0,0
8,6,1387,0,3,133,266,532,0,0,0,0,0,0,0,0
10,5,3626,1,1,51,103,206,0,0,0,0,0,0,0,0
10,5,2812,0,2,122,244,489,0,0,0,0,0,0,0,0
0,0,0,0,0,0,0,0,0,0,0,0,0,0,0,0
0,0,0,0,0,0,0,0,0,0,0,0,0,0,0,0
0,0,0,0,0,0,0,0,0,0,0,0,0,0,0,0
0,0,0,0,0,0,0,0,0,0,0,0,0,0,0,0
0,0,0,0,0,0,0,0,0,0,0,0,0,0,0,0
9,4,932,1,4,81,162,324,0,0,0,0,0,0,0,0
0,0,0,0,0,0,0,0,0,0,0,0,0,0,0,0
0,0,0,0,0,0,0,0,0,0,0,0,0,0,0,0
10,6,2815,0,1,94,188,376,0,0,0,0,0,0,0,0
10,4,2691,0,1,53,107,215,0,0,0,0,0,0,0,0
0,0,0,0,0,0,0,0,0,0,0,0,0,0,0,0
0,0,0,0,0,0,0,0,0,0,0,0,0,0,0,0
0,0,0,0,0,0,0,0,0,0,0,0,0,0,0,0
10,6,4095,1,0,122,244,489,10,5,955,1,0,25,50,100
0,0,0,0,0,0,0,0,0,0,0,0,0,0,0,0
10,4,3440,1,0,102,204,409,0,0,0,0,0,0,0,0
0,0,0,0,0,0,0,0,0,0,0,0,0,0,0,0
10,5,4047,0,0,43,86,173,0,0,0,0,0,0,0,0
0,0,0,0,0,0,0,0,0,0,0,0,0,0,0,0
0,0,0,0,0,0,0,0,0,0,0,0,0,0,0,0
0,0,0,0,0,0,0,0,0,0,0,0,0,0,0,0
10,5,959,0,0,62,124,248,0,0,0,0,0,0,0,0
0,0,0,0,0,0,0,0,0,0,0,0,0,0,0,0
0,0,0,0,0,0,0,0,0,0,0,0,0,0,0,0
6,5,703,0,8,119,238,477,0,0,0,0,0,0,0,0
10,5,4092,0,0,103,206,413,0,0,0,0,0,0,0,0
0,0,0,0,0,0,0,0,0,0,0,0,0,0,0,0
0,0,0,0,0,0,0,0,0,0,0,0,0,0,0,0
8,4,111,0,5,110,220,441,0,0,0,0,0,0,0,0
3,5,933,1,15,54,108,217,0,0,0,0,0,0,0,0
0,0,0,0,0,0,0,0,0,0,0,0,0,0,0,0
10,4,255,0,0,155,310,621,0,0,0,0,0,0,0,0
10,5,2875,0,0,5,10,20,0,0,0,0,0,0,0,0
6,6,2751,0,8,50,100,201,0,0,0,0,0,0,0,0
10,5,3903,0,0,63,126,253,0,0,0,0,0,0,0,0
10,5,4092,0,0,16,32,65,0,0,0,0,0,0,0,0
10,6,4095,1,0,138,276,553,0,0,0,0,0,0,0,0
10,4,826,1,2,49,99,199,0,0,0,0,0,0,0,0
0,0,0,0,0,0,0,0,0,0,0,0,0,0,0,0
10,4,255,0,0,1,2,5,0,0,0,0,0,0,0,0
10,5,2699,0,1,149,299,598,0,0,0,0,0,0,0,0
3,5,937,1,15,126,253,506,0,0,0,0,0,0,0,0
10,4,3855,1,0,57,114,229,0,0,0,0,0,0,0,0
10,5,4047,0,0,62,124,249,0,0,0,0,0,0,0,0
0,0,0,0,0,0,0,0,0,0,0,0,0,0,0,0
7,6,3046,1,7,61,122,244,0,0,0,0,0,0,0,0
0,0,0,0,0,0,0,0,0,0,0,0,0,0,0,0
10,6,4010,1,1,28,57,114,0,0,0,0,0,0,0,0
0,0,0,0,0,0,0,0,0,0,0,0,0,0,0,0
0,0,0,0,0,0,0,0,0,0,0,0,0,0,0,0
0,0,0,0,0,0,0,0,0,0,0,0,0,0,0,0
3,4,3153,1,15,8,17,35,0,0,0,0,0,0,0,0
10,6,2731,0,1,151,303,606,0,0,0,0,0,0,0,0
0,0,0,0,0,0,0,0,0,0,0,0,0,0,0,0
0,0,0,0,0,0,0,0,0,0,0,0,0,0,0,0
0,0,0,0,0,0,0,0,0,0,0,0,0,0,0,0
0,0,0,0,0,0,0,0,0,0,0,0,0,0,0,0
0,0,0,0,0,0,0,0,0,0,0,0,0,0,0,0
10,5,3978,1,1,139,279,558,0,0,0,0,0,0,0,0
9,4,215,1,5,41,83,167,0,0,0,0,0,0,0,0
10,4,255,0,0,77,154,309,0,0,0,0,0,0,0,0
10,5,1007,1,0,139,278,556,0,0,0,0,0,0,0,0
10,4,126,0,2,88,176,353,0,0,0,0,0,0,0,0
0,0,0,0,0,0,0,0,0,0,0,0,0,0,0,0
10,6,4095,1,0,152,304,609,6,6,2750,0,6,43,86,172
0,0,0,0,0,0,0,0,0,0,0,0,0,0,0,0
6,5,702,0,6,95,190,380,0,0,0,0,0,0,0,0
10,6,1723,0,2,30,61,122,0,0,0,0,0,0,0,0
0,0,0,0,0,0,0,0,0,0,0,0,0,0,0,0
10,6,4094,1,1,85,170,340,0,0,0,0,0,0,0,0
0,0,0,0,0,0,0,0,0,0,0,0,0,0,0,0
10,6,4095,1,0,49,98,197,0,0,0,0,0,0,0,0
8,5,1423,0,3,116,233,466,0,0,0,0,0,0,0,0
10,6,4089,1,2,2,5,10,0,0,0,0,0,0,0,0
6,6,2751,0,8,150,300,601,0,0,0,0,0,0,0,0
10,5,1675,0,2,153,307,614,0,0,0,0,0,0,0,0
0,0,0,0,0,0,0,0,0,0,0,0,0,0,0,0
9,5,4041,1,3,138,277,554,0,0,0,0,0,0,0,0
8,5,3902,0,4,7,14,29,0,0,0,0,0,0,0,0
0,0,0,0,0,0,0,0,0,0,0,0,0,0,0,0
10,4,4080,0,0,116,232,465,0,0,0,0,0,0,0,0
5,6,4069,1,9,59,119,239,0,0,0,0,0,0,0,0
10,5,3903,0,0,32,64,129,0,0,0,0,0,0,0,0
10,5,4066,1,1,118,237,475,0,0,0,0,0,0,0,0
0,0,0,0,0,0,0,0,0,0,0,0,0,0,0,0
10,5,2879,0,1,74,148,297,0,0,0,0,0,0,0,0
0,0,0,0,0,0,0,0,0,0,0,0,0,0,0,0
10,6,3754,1,1,111,222,445,0,0,0,0,0,0,0,0
0,0,0,0,0,0,0,0,0,0,0,0,0,0,0,0
10,5,4092,0,0,44,88,177,0,0,0,0,0,0,0,0
10,5,4092,0,0,33,66,133,0,0,0,0,0,0,0,0
0,0,0,0,0,0,0,0,0,0,0,0,0,0,0,0
10,5,2767,0,1,74,148,296,0,0,0,0,0,0,0,0
0,0,0,0,0,0,0,0,0,0,0,0,0,0,0,0
8,6,4094,0,4,57,115,230,0,0,0,0,0,0,0,0
6,4,1332,0,7,54,108,217,0,0,0,0,0,0,0,0
10,6,4095,1,0,77,154,309,0,0,0,0,0,0,0,0
0,0,0,0,0,0,0,0,0,0,0,0,0,0,0,0
9,6,3055,1,5,92,185,370,0,0,0,0,0,0,0,0
0,0,0,0,0,0,0,0,0,0,0,0,0,0,0,0
10,4,4080,0,0,30,60,121,0,0,0,0,0,0,0,0
0,0,0,0,0,0,0,0,0,0,0,0,0,0,0,0
10,4,1732,1,0,134,268,536,0,0,0,0,0,0,0,0
9,4,3236,1,3,114,228,456,0,0,0,0,0,0,0,0
9,5,3796,1,4,26,53,107,0,0,0,0,0,0,0,0
4,5,1151,0,9,55,110,220,0,0,0,0,0,0,0,0
3,4,249,1,15,138,276,552,0,0,0,0,0,0,0,0
0,0,0,0,0,0,0,0,0,0,0,0,0,0,0,0
0,0,0,0,0,0,0,0,0,0,0,0,0,0,0,0
10,5,4072,1,2,116,233,466,0,0,0,0,0,0,0,0
10,6,4094,1,1,85,170,340,0,0,0,0,0,0,0,0
3,4,3618,1,14,102,205,410,0,0,0,0,0,0,0,0
4,5,2964,0,11,4,9,19,0,0,0,0,0,0,0,0
0,0,0,0,0,0,0,0,0,0,0,0,0,0,0,0
0,0,0,0,0,0,0,0,0,0,0,0,0,0,0,0
0,0,0,0,0,0,0,0,0,0,0,0,0,0,0,0
0,0,0,0,0,0,0,0,0,0,0,0,0,0,0,0
3,4,969,1,15,92,185,371,0,0,0,0,0,0,0,0
0,0,0,0,0,0,0,0,0,0,0,0,0,0,0,0
9,4,975,1,5,77,155,311,0,0,0,0,0,0,0,0
0,0,0,0,0,0,0,0,0,0,0,0,0,0,0,0
10,5,746,1,0,151,303,606,0,0,0,0,0,0,0,0
10,5,4024,1,1,0,1,3,0,0,0,0,0,0,0,0
0,0,0,0,0,0,0,0,0,0,0,0,0,0,0,0
0,0,0,0,0,0,0,0,0,0,0,0,0,0,0,0
0,0,0,0,0,0,0,0,0,0,0,0,0,0,0,0
0,0,0,0,0,0,0,0,0,0,0,0,0,0,0,0
0,0,0,0,0,0,0,0,0,0,0,0,0,0,0,0
0,0,0,0,0,0,0,0,0,0,0,0,0,0,0,0
10,5,4092,0,0,51,102,205,0,0,0,0,0,0,0,0
0,0,0,0,0,0,0,0,0,0,0,0,0,0,0,0
0,0,0,0,0,0,0,0,0,0,0,0,0,0,0,0
0,0,0,0,0,0,0,0,0,0,0,0,0,0,0,0
0,0,0,0,0,0,0,0,0,0,0,0,0,0,0,0
0,0,0,0,0,0,0,0,0,0,0,0,0,0,0,0
7,4,2834,1,7,30,61,123,0,0,0,0,0,0,0,0
0,0,0,0,0,0,0,0,0,0,0,0,0,0,0,0
8,4,1187,0,3,64,129,258,0,0,0,0,0,0,0,0
0,0,0,0,0,0,0,0,0,0,0,0,0,0,0,0
9,4,2280,1,5,72,144,289,0,0,0,0,0,0,0,0
10,6,1451,0,2,39,78,157,0,0,0,0,0,0,0,0
0,0,0,0,0,0,0,0,0,0,0,0,0,0,0,0
0,0,0,0,0,0,0,0,0,0,0,0,0,0,0,0
10,6,3759,0,0,77,155,311,0,0,0,0,0,0,0,0
10,5,3626,1,1,96,193,386,0,0,0,0,0,0,0,0
0,0,0,0,0,0,0,0,0,0,0,0,0,0,0,0
2,4,1676,0,15,118,236,472,0,0,0,0,0,0,0,0
0,0,0,0,0,0,0,0,0,0,0,0,0,0,0,0
0,0,0,0,0,0,0,0,0,0,0,0,0,0,0,0
10,4,4035,1,0,73,146,293,0,0,0,0,0,0,0,0
10,5,2299,0,0,86,172,344,0,0,0,0,0,0,0,0
10,6,4095,1,0,30,60,121,0,0,0,0,0,0,0,0
10,6,2667,0,1,18,36,73,0,0,0,0,0,0,0,0
10,4,2575,0,1,152,304,608,0,0,0,0,0,0,0,0
0,0,0,0,0,0,0,0,0,0,0,0,0,0,0,0
10,6,4095,1,0,108,216,433,0,0,0,0,0,0,0,0
0,0,0,0,0,0,0,0,0,0,0,0,0,0,0,0
8,5,4092,0,5,24,49,99,0,0,0,0,0,0,0,0
0,0,0,0,0,0,0,0,0,0,0,0,0,0,0,0
0,0,0,0,0,0,0,0,0,0,0,0,0,0,0,0
9,5,2283,1,5,24,48,97,0,0,0,0,0,0,0,0
10,6,3498,1,0,80,160,321,0,0,0,0,0,0,0,0
10,5,1003,1,0,106,212,424,0,0,0,0,0,0,0,0
10,6,3071,0,1,133,266,533,0,0,0,0,0,0,0,0
9,5,2219,1,4,22,44,88,0,0,0,0,0,0,0,0
10,6,4074,1,2,32,65,131,0,0,0,0,0,0,0,0
0,0,0,0,0,0,0,0,0,0,0,0,0,0,0,0
0,0,0,0,0,0,0,0,0,0,0,0,0,0,0,0
0,0,0,0,0,0,0,0,0,0,0,0,0,0,0,0
10,5,3903,0,0,3,6,13,0,0,0,0,0,0,0,0
10,6,3003,0,0,0,1,3,0,0,0,0,0,0,0,0
2,6,1707,0,15,52,104,209,0,0,0,0,0,0,0,0
10,5,1002,1,2,117,235,471,0,0,0,0,0,0,0,0
0,0,0,0,0,0,0,0,0,0,0,0,0,0,0,0
0,0,0,0,0,0,0,0,0,0,0,0,0,0,0,0
0,0,0,0,0,0,0,0,0,0,0,0,0,0,0,0
0,0,0,0,0,0,0,0,0,0,0,0,0,0,0,0
0,0,0,0,0,0,0,0,0,0,0,0,0,0,0,0
10,5,2239,0,1,68,136,272,0,0,0,0,0,0,0,0
0,0,0,0,0,0,0,0,0,0,0,0,0,0,0,0
0,0,0,0,0,0,0,0,0,0,0,0,0,0,0,0
0,0,0,0,0,0,0,0,0,0,0,0,0,0,0,0
0,0,0,0,0,0,0,0,0,0,0,0,0,0,0,0
0,0,0,0,0,0,0,0,0,0,0,0,0,0,0,0
3,5,3732,1,15,130,261,522,0,0,0,0,0,0,0,0
0,0,0,0,0,0,0,0,0,0,0,0,0,0,0,0
8,4,1420,0,4,57,115,231,0,0,0,0,0,0,0,0
10,6,2986,1,0,28,56,113,0,0,0,0,0,0,0,0
8,5,3262,0,5,65,130,261,0,0,0,0,0,0,0,0
0,0,0,0,0,0,0,0,0,0,0,0,0,0,0,0
3,4,3628,1,14,8,17,35,0,0,0,0,0,0,0,0
0,0,0,0,0,0,0,0,0,0,0,0,0,0,0,0
10,4,3278,1,1,93,186,372,0,0,0,0,0,0,0,0
0,0,0,0,0,0,0,0,0,0,0,0,0,0,0,0
10,5,1699,0,2,48,97,194,0,0,0,0,0,0,0,0
10,6,4095,1,0,152,304,609,0,0,0,0,0,0,0,0
10,6,2735,0,1,1,3,7,0,0,0,0,0,0,0,0
10,4,4040,1,2,29,59,119,0,0,0,0,0,0,0,0
10,6,4095,1,0,48,96,193,0,0,0,0,0,0,0,0
2,5,1019,0,13,104,208,416,0,0,0,0,0,0,0,0
0,0,0,0,0,0,0,0,0,0,0,0,0,0,0,0
0,0,0,0,0,0,0,0,0,0,0,0,0,0,0,0
0,0,0,0,0,0,0,0,0,0,0,0,0,0,0,0
0,0,0,0,0,0,0,0,0,0,0,0,0,0,0,0
0,0,0,0,0,0,0,0,0,0,0,0,0,0,0,0
0,0,0,0,0,0,0,0,0,0,0,0,0,0,0,0
0,0,0,0,0,0,0,0,0,0,0,0,0,0,0,0
8,5,1323,0,3,149,298,597,0,0,0,0,0,0,0,0
0,0,0,0,0,0,0,0,0,0,0,0,0,0,0,0
10,5,2699,0,1,36,73,146,0,0,0,0,0,0,0,0
10,5,4046,1,1,141,282,564,0,0,0,0,0,0,0,0
0,0,0,0,0,0,0,0,0,0,0,0,0,0,0,0
10,4,2691,0,1,84,169,339,0,0,0,0,0,0,0,0
0,0,0,0,0,0,0,0,0,0,0,0,0,0,0,0
10,5,2994,1,0,148,297,595,0,0,0,0,0,0,0,0
0,0,0,0,0,0,0,0,0,0,0,0,0,0,0,0
2,4,2032,0,15,53,106,212,0,0,0,0,0,0,0,0
0,0,0,0,0,0,0,0,0,0,0,0,0,0,0,0
0,0,0,0,0,0,0,0,0,0,0,0,0,0,0,0
10,6,2731,0,1,23,47,94,0,0,0,0,0,0,0,0
10,6,2750,0,0,80,161,323,10,5,441,1,0,94,188,376
9,5,3988,1,4,106,213,426,0,0,0,0,0,0,0,0
10,4,3024,1,2,112,224,448,0,0,0,0,0,0,0,0
6,4,1101,0,7,36,72,145,3,4,229,1,15,41,83,166
8,5,4028,0,5,87,175,350,0,0,0,0,0,0,0,0
0,0,0,0,0,0,0,0,0,0,0,0,0,0,0,0
10,6,4091,1,0,40,80,160,0,0,0,0,0,0,0,0
10,5,4042,1,1,75,151,303,0,0,0,0,0,0,0,0
0,0,0,0,0,0,0,0,0,0,0,0,0,0,0,0
0,0,0,0,0,0,0,0,0,0,0,0,0,0,0,0
0,0,0,0,0,0,0,0,0,0,0,0,0,0,0,0
10,6,4009,1,2,5,10,21,0,0,0,0,0,0,0,0
10,5,4072,1,2,30,61,122,0,0,0,0,0,0,0,0
10,5,3327,1,0,46,92,185,0,0,0,0,0,0,0,0
0,0,0,0,0,0,0,0,0,0,0,0,0,0,0,0
0,0,0,0,0,0,0,0,0,0,0,0,0,0,0,0
7,5,4067,1,6,42,85,170,0,0,0,0,0,0,0,0
10,6,2735,0,1,13,27,55,0,0,0,0,0,0,0,0
6,5,2623,0,8,60,120,241,0,0,0,0,0,0,0,0
4,6,4074,0,11,100,201,402,0,0,0,0,0,0,0,0
8,6,4095,0,5,59,119,239,0,0,0,0,0,0,0,0
0,0,0,0,0,0,0,0,0,0,0,0,0,0,0,0
4,5,367,0,10,40,81,163,0,0,0,0,0,0,0,0
8,5,1724,0,4,122,244,488,0,0,0,0,0,0,0,0
9,4,809,1,3,68,136,273,0,0,0,0,0,0,0,0
10,6,4095,1,0,131,262,525,0,0,0,0,0,0,0,0
10,4,3875,1,0,133,266,532,0,0,0,0,0,0,0,0
0,0,0,0,0,0,0,0,0,0,0,0,0,0,0,0
9,5,1001,1,4,117,235,470,0,0,0,0,0,0,0,0
10,4,484,1,0,118,236,472,0,0,0,0,0,0,0,0
0,0,0,0,0,0,0,0,0,0,0,0,0,0,0,0
9,4,3109,1,3,3,6,12,0,0,0,0,0,0,0,0
0,0,0,0,0,0,0,0,0,0,0,0,0,0,0,0
9,5,2603,1,4,154,308,617,0,0,0,0,0,0,0,0
0,0,0,0,0,0,0,0,0,0,0,0,0,0,0,0
10,5,4047,0,0,48,96,193,0,0,0,0,0,0,0,0
9,6,4095,1,5,149,298,596,0,0,0,0,0,0,0,0
10,6,2987,0,0,18,37,75,0,0,0,0,0,0,0,0
0,0,0,0,0,0,0,0,0,0,0,0,0,0,0,0
10,5,1002,1,2,79,159,319,0,0,0,0,0,0,0,0
0,0,0,0,0,0,0,0,0,0,0,0,0,0,0,0
0,0,0,0,0,0,0,0,0,0,0,0,0,0,0,0
10,4,2700,0,2,3,7,15,0,0,0,0,0,0,0,0
9,6,3070,1,5,134,269,538,0,0,0,0,0,0,0,0
10,4,3324,1,0,157,314,629,0,0,0,0,0,0,0,0
10,4,3020,0,1,5,10,21,0,0,0,0,0,0,0,0
10,5,4092,0,0,148,296,593,0,0,0,0,0,0,0,0
0,0,0,0,0,0,0,0,0,0,0,0,0,0,0,0
9,5,937,1,3,121,242,485,0,0,0,0,0,0,0,0
0,0,0,0,0,0,0,0,0,0,0,0,0,0,0,0
0,0,0,0,0,0,0,0,0,0,0,0,0,0,0,0
10,6,4095,1,0,24,48,97,0,0,0,0,0,0,0,0
0,0,0,0,0,0,0,0,0,0,0,0,0,0,0,0
10,5,2808,0,0,75,151,303,0,0,0,0,0,0,0,0
10,4,810,1,2,134,269,538,0,0,0,0,0,0,0,0
10,4,764,0,2,20,40,81,0,0,0,0,0,0,0,0
0,0,0,0,0,0,0,0,0,0,0,0,0,0,0,0
5,6,3733,1,9,49,98,197,10,4,3235,1,0,18,37,75
10,6,4010,1,1,62,125,250,0,0,0,0,0,0,0,0
8,6,3770,0,5,124,248,496,0,0,0,0,0,0,0,0
0,0,0,0,0,0,0,0,0,0,0,0,0,0,0,0
10,5,1023,1,0,37,74,149,0,0,0,0,0,0,0,0
0,0,0,0,0,0,0,0,0,0,0,0,0,0,0,0
0,0,0,0,0,0,0,0,0,0,0,0,0,0,0,0
10,5,4024,1,1,67,135,271,0,0,0,0,0,0,0,0
0,0,0,0,0,0,0,0,0,0,0,0,0,0,0,0
0,0,0,0,0,0,0,0,0,0,0,0,0,0,0,0
0,0,0,0,0,0,0,0,0,0,0,0,0,0,0,0
0,0,0,0,0,0,0,0,0,0,0,0,0,0,0,0
0,0,0,0,0,0,0,0,0,0,0,0,0,0,0,0
0,0,0,0,0,0,0,0,0,0,0,0,0,0,0,0
10,4,3696,1,0,102,204,409,0,0,0,0,0,0,0,0
0,0,0,0,0,0,0,0,0,0,0,0,0,0,0,0
0,0,0,0,0,0,0,0,0,0,0,0,0,0,0,0
10,4,3209,1,2,107,214,429,0,0,0,0,0,0,0,0
0,0,0,0,0,0,0,0,0,0,0,0,0,0,0,0
0,0,0,0,0,0,0,0,0,0,0,0,0,0,0,0
0,0,0,0,0,0,0,0,0,0,0,0,0,0,0,0
0,0,0,0,0,0,0,0,0,0,0,0,0,0,0,0
0,0,0,0,0,0,0,0,0,0,0,0,0,0,0,0
0,0,0,0,0,0,0,0,0,0,0,0,0,0,0,0
0,0,0,0,0,0,0,0,0,0,0,0,0,0,0,0
8,5,3978,0,4,44,88,176,0,0,0,0,0,0,0,0
10,4,1011,0,0,52,104,209,0,0,0,0,0,0,0,0
10,6,4095,1,0,127,254,509,0,0,0,0,0,0,0,0
8,4,1420,0,4,107,215,431,0,0,0,0,0,0,0,0
10,4,4080,0,0,141,282,565,0,0,0,0,0,0,0,0
3,5,1017,1,15,18,37,75,0,0,0,0,0,0,0,0
7,4,4064,1,8,117,234,469,0,0,0,0,0,0,0,0
0,0,0,0,0,0,0,0,0,0,0,0,0,0,0,0
9,5,2792,1,5,84,168,337,0,0,0,0,0,0,0,0
0,0,0,0,0,0,0,0,0,0,0,0,0,0,0,0
0,0,0,0,0,0,0,0,0,0,0,0,0,0,0,0
0,0,0,0,0,0,0,0,0,0,0,0,0,0,0,0
8,4,1776,0,5,110,221,443,0,0,0,0,0,0,0,0
3,5,933,1,15,54,108,217,0,0,0,0,0,0,0,0
0,0,0,0,0,0,0,0,0,0,0,0,0,0,0,0
0,0,0,0,0,0,0,0,0,0,0,0,0,0,0,0
9,5,1671,1,4,115,231,463,0,0,0,0,0,0,0,0
0,0,0,0,0,0,0,0,0,0,0,0,0,0,0,0
0,0,0,0,0,0,0,0,0,0,0,0,0,0,0,0
10,5,4046,1,1,133,266,532,0,0,0,0,0,0,0,0
0,0,0,0,0,0,0,0,0,0,0,0,0,0,0,0
10,4,831,1,0,129,258,517,0,0,0,0,0,0,0,0
0,0,0,0,0,0,0,0,0,0,0,0,0,0,0,0
10,6,4095,1,0,93,186,373,0,0,0,0,0,0,0,0
10,6,4095,1,0,97,194,389,0,0,0,0,0,0,0,0
10,6,2735,0,1,51,103,207,0,0,0,0,0,0,0,0
8,6,1387,0,3,127,254,508,8,6,3962,0,4,45,90,180
10,6,3487,0,1,50,101,202,0,0,0,0,0,0,0,0
5,6,4073,1,9,61,122,244,0,0,0,0,0,0,0,0
0,0,0,0,0,0,0,0,0,0,0,0,0,0,0,0
0,0,0,0,0,0,0,0,0,0,0,0,0,0,0,0
0,0,0,0,0,0,0,0,0,0,0,0,0,0,0,0
3,5,3409,1,14,8,17,34,0,0,0,0,0,0,0,0
10,6,2715,0,0,151,302,605,0,0,0,0,0,0,0,0
0,0,0,0,0,0,0,0,0,0,0,0,0,0,0,0
5,5,3717,1,9,132,264,529,0,0,0,0,0,0,0,0
0,0,0,0,0,0,0,0,0,0,0,0,0,0,0,0
7,4,3880,1,8,43,86,173,0,0,0,0,0,0,0,0
0,0,0,0,0,0,0,0,0,0,0,0,0,0,0,0
0,0,0,0,0,0,0,0,0,0,0,0,0,0,0,0
8,4,395,0,3,28,56,113,0,0,0,0,0,0,0,0
10,5,4092,0,0,43,86,173,0,0,0,0,0,0,0,0
0,0,0,0,0,0,0,0,0,0,0,0,0,0,0,0
10,6,4095,1,0,140,280,561,0,0,0,0,0,0,0,0
0,0,0,0,0,0,0,0,0,0,0,0,0,0,0,0
0,0,0,0,0,0,0,0,0,0,0,0,0,0,0,0
10,6,4011,1,0,116,233,467,0,0,0,0,0,0,0,0
0,0,0,0,0,0,0,0,0,0,0,0,0,0,0,0
10,5,2303,0,1,62,124,249,0,0,0,0,0,0,0,0
6,6,2751,0,8,46,92,185,0,0,0,0,0,0,0,0
0,0,0,0,0,0,0,0,0,0,0,0,0,0,0,0
10,6,2735,0,1,12,25,51,0,0,0,0,0,0,0,0
0,0,0,0,0,0,0,0,0,0,0,0,0,0,0,0
9,4,2595,1,4,70,140,281,0,0,0,0,0,0,0,0
0,0,0,0,0,0,0,0,0,0,0,0,0,0,0,0
9,5,3064,1,5,67,135,270,0,0,0,0,0,0,0,0
0,0,0,0,0,0,0,0,0,0,0,0,0,0,0,0
0,0,0,0,0,0,0,0,0,0,0,0,0,0,0,0
5,6,3733,1,9,17,34,69,0,0,0,0,0,0,0,0
0,0,0,0,0,0,0,0,0,0,0,0,0,0,0,0
10,6,2799,0,1,103,206,412,0,0,0,0,0,0,0,0
10,5,1195,0,2,112,224,449,0,0,0,0,0,0,0,0
0,0,0,0,0,0,0,0,0,0,0,0,0,0,0,0
3,5,1780,1,13,34,68,137,0,0,0,0,0,0,0,0
0,0,0,0,0,0,0,0,0,0,0,0,0,0,0,0
0,0,0,0,0,0,0,0,0,0,0,0,0,0,0,0
0,0,0,0,0,0,0,0,0,0,0,0,0,0,0,0
10,5,1419,0,2,80,160,321,0,0,0,0,0,0,0,0
10,5,3882,1,1,88,177,354,0,0,0,0,0,0,0,0
0,0,0,0,0,0,0,0,0,0,0,0,0,0,0,0
0,0,0,0,0,0,0,0,0,0,0,0,0,0,0,0
10,6,4095,1,0,107,214,429,0,0,0,0,0,0,0,0
10,6,4095,1,0,117,234,469,0,0,0,0,0,0,0,0
10,6,4095,1,0,116,232,465,0,0,0,0,0,0,0,0
5,4,993,1,10,60,120,240,0,0,0,0,0,0,0,0
10,4,1011,0,0,32,64,129,0,0,0,0,0,0,0,0
10,6,4074,1,2,118,237,475,0,0,0,0,0,0,0,0
0,0,0,0,0,0,0,0,0,0,0,0,0,0,0,0
10,5,441,1,0,147,294,588,0,0,0,0,0,0,0,0
10,4,975,0,0,119,238,477,0,0,0,0,0,0,0,0
0,0,0,0,0,0,0,0,0,0,0,0,0,0,0,0
0,0,0,0,0,0,0,0,0,0,0,0,0,0,0,0
10,5,3327,1,0,95,190,381,0,0,0,0,0,0,0,0
0,0,0,0,0,0,0,0,0,0,0,0,0,0,0,0
10,6,4091,1,0,44,88,176,0,0,0,0,0,0,0,0
4,6,1387,0,9,50,101,202,0,0,0,0,0,0,0,0
10,5,4047,0,0,25,50,101,0,0,0,0,0,0,0,0
9,4,809,1,3,50,100,201,0,0,0,0,0,0,0,0
10,5,3327,1,0,77,154,309,0,0,0,0,0,0,0,0
0,0,0,0,0,0,0,0,0,0,0,0,0,0,0,0
5,4,3780,1,9,122,245,490,0,0,0,0,0,0,0,0
9,5,3605,1,3,100,201,403,0,0,0,0,0,0,0,0
0,0,0,0,0,0,0,0,0,0,0,0,0,0,0,0
0,0,0,0,0,0,0,0,0,0,0,0,0,0,0,0
0,0,0,0,0,0,0,0,0,0,0,0,0,0,0,0
0,0,0,0,0,0,0,0,0,0,0,0,0,0,0,0
9,4,3604,1,4,116,233,466,0,0,0,0,0,0,0,0
10,6,3753,1,2,85,170,340,0,0,0,0,0,0,0,0
10,6,4095,1,0,149,298,597,0,0,0,0,0,0,0,0
10,6,4095,1,0,115,230,461,0,0,0,0,0,0,0,0
0,0,0,0,0,0,0,0,0,0,0,0,0,0,0,0
4,6,2981,0,11,4,9,19,0,0,0,0,0,0,0,0
10,4,4040,1,2,77,155,311,0,0,0,0,0,0,0,0
0,0,0,0,0,0,0,0,0,0,0,0,0,0,0,0
10,6,3002,1,0,157,315,630,0,0,0,0,0,0,0,0
10,4,3896,1,1,6,13,27,0,0,0,0,0,0,0,0
3,6,3733,1,15,117,235,471,0,0,0,0,0,0,0,0
10,6,4095,1,0,113,226,453,0,0,0,0,0,0,0,0
0,0,0,0,0,0,0,0,0,0,0,0,0,0,0,0
7,6,3054,1,6,58,116,233,0,0,0,0,0,0,0,0
9,4,3664,1,5,90,181,363,0,0,0,0,0,0,0,0
10,6,4095,1,0,102,204,409,0,0,0,0,0,0,0,0
10,5,2282,1,0,21,43,86,0,0,0,0,0,0,0,0
4,5,1423,0,9,115,230,460,0,0,0,0,0,0,0,0
10,4,975,0,0,46,92,185,0,0,0,0,0,0,0,0
10,5,1022,1,1,2,4,8,0,0,0,0,0,0,0,0
10,4,3850,1,1,150,301,603,0,0,0,0,0,0,0,0
0,0,0,0,0,0,0,0,0,0,0,0,0,0,0,0
0,0,0,0,0,0,0,0,0,0,0,0,0,0,0,0
2,4,2952,0,13,89,179,358,0,0,0,0,0,0,0,0
10,6,1461,0,0,60,121,243,0,0,0,0,0,0,0,0
0,0,0,0,0,0,0,0,0,0,0,0,0,0,0,0
10,5,469,1,1,71,143,286,0,0,0,0,0,0,0,0
0,0,0,0,0,0,0,0,0,0,0,0,0,0,0,0
0,0,0,0,0,0,0,0,0,0,0,0,0,0,0,0
10,6,4095,1,0,85,170,341,0,0,0,0,0,0,0,0
10,5,2607,0,1,94,189,379,0,0,0,0,0,0,0,0
10,5,1022,1,1,10,20,40,0,0,0,0,0,0,0,0
7,6,4075,1,6,20,41,82,0,0,0,0,0,0,0,0
10,6,3685,1,2,56,113,227,0,0,0,0,0,0,0,0
0,0,0,0,0,0,0,0,0,0,0,0,0,0,0,0
3,5,4092,1,14,3,6,13,0,0,0,0,0,0,0,0
0,0,0,0,0,0,0,0,0,0,0,0,0,0,0,0
0,0,0,0,0,0,0,0,0,0,0,0,0,0,0,0
0,0,0,0,0,0,0,0,0,0,0,0,0,0,0,0
0,0,0,0,0,0,0,0,0,0,0,0,0,0,0,0
0,0,0,0,0,0,0,0,0,0,0,0,0,0,0,0
10,4,3618,1,1,100,201,402,0,0,0,0,0,0,0,0
7,5,4066,1,8,77,154,309,0,0,0,0,0,0,0,0
7,5,3882,1,8,69,138,277,0,0,0,0,0,0,0,0
10,4,684,0,2,108,217,435,0,0,0,0,0,0,0,0
0,0,0,0,0,0,0,0,0,0,0,0,0,0,0,0
2,6,1631,0,15,102,204,409,0,0,0,0,0,0,0,0
0,0,0,0,0,0,0,0,0,0,0,0,0,0,0,0
0,0,0,0,0,0,0,0,0,0,0,0,0,0,0,0
0,0,0,0,0,0,0,0,0,0,0,0,0,0,0,0
9,4,229,1,5,66,132,265,0,0,0,0,0,0,0,0
0,0,0,0,0,0,0,0,0,0,0,0,0,0,0,0
10,5,3327,1,0,90,180,361,0,0,0,0,0,0,0,0
0,0,0,0,0,0,0,0,0,0,0,0,0,0,0,0
6,5,2703,0,7,59,118,237,0,0,0,0,0,0,0,0
10,5,2606,0,0,19,39,78,0,0,0,0,0,0,0,0
8,5,1708,0,3,42,85,171,0,0,0,0,0,0,0,0
10,6,4074,1,2,58,117,235,0,0,0,0,0,0,0,0
0,0,0,0,0,0,0,0,0,0,0,0,0,0,0,0
10,6,3754,1,1,78,156,313,0,0,0,0,0,0,0,0
0,0,0,0,0,0,0,0,0,0,0,0,0,0,0,0
10,5,1458,0,2,14,28,57,0,0,0,0,0,0,0,0
0,0,0,0,0,0,0,0,0,0,0,0,0,0,0,0
0,0,0,0,0,0,0,0,0,0,0,0,0,0,0,0
9,4,4048,1,4,97,195,391,0,0,0,0,0,0,0,0
9,4,3873,1,3,64,128,257,0,0,0,0,0,0,0,0
0,0,0,0,0,0,0,0,0,0,0,0,0,0,0,0
8,4,1356,0,4,21,43,86,0,0,0,0,0,0,0,0
0,0,0,0,0,0,0,0,0,0,0,0,0,0,0,0
3,4,1020,1,15,113,226,453,0,0,0,0,0,0,0,0
10,6,4095,1,0,85,170,341,0,0,0,0,0,0,0,0
0,0,0,0,0,0,0,0,0,0,0,0,0,0,0,0
0,0,0,0,0,0,0,0,0,0,0,0,0,0,0,0
0,0,0,0,0,0,0,0,0,0,0,0,0,0,0,0
0,0,0,0,0,0,0,0,0,0,0,0,0,0,0,0
0,0,0,0,0,0,0,0,0,0,0,0,0,0,0,0
10,6,2731,0,1,122,245,490,0,0,0,0,0,0,0,0
10,6,4095,1,0,8,16,33,0,0,0,0,0,0,0,0
0,0,0,0,0,0,0,0,0,0,0,0,0,0,0,0
0,0,0,0,0,0,0,0,0,0,0,0,0,0,0,0
10,4,4080,0,0,22,44,89,0,0,0,0,0,0,0,0
0,0,0,0,0,0,0,0,0,0,0,0,0,0,0,0
0,0,0,0,0,0,0,0,0,0,0,0,0,0,0,0
0,0,0,0,0,0,0,0,0,0,0,0,0,0,0,0
10,4,1011,0,0,41,82,165,0,0,0,0,0,0,0,0
0,0,0,0,0,0,0,0,0,0,0,0,0,0,0,0
0,0,0,0,0,0,0,0,0,0,0,0,0,0,0,0
5,5,3732,1,9,25,50,101,0,0,0,0,0,0,0,0
10,5,3902,1,1,156,312,624,0,0,0,0,0,0,0,0
10,5,3242,1,1,7,15,30,0,0,0,0,0,0,0,0
0,0,0,0,0,0,0,0,0,0,0,0,0,0,0,0
0,0,0,0,0,0,0,0,0,0,0,0,0,0,0,0
0,0,0,0,0,0,0,0,0,0,0,0,0,0,0,0
0,0,0,0,0,0,0,0,0,0,0,0,0,0,0,0
0,0,0,0,0,0,0,0,0,0,0,0,0,0,0,0
10,5,3327,1,0,56,112,225,0,0,0,0,0,0,0,0
0,0,0,0,0,0,0,0,0,0,0,0,0,0,0,0
0,0,0,0,0,0,0,0,0,0,0,0,0,0,0,0
0,0,0,0,0,0,0,0,0,0,0,0,0,0,0,0
9,5,3881,1,3,4,8,17,0,0,0,0,0,0,0,0
0,0,0,0,0,0,0,0,0,0,0,0,0,0,0,0
0,0,0,0,0,0,0,0,0,0,0,0,0,0,0,0
10,5,3242,1,1,103,207,414,0,0,0,0,0,0,0,0
0,0,0,0,0,0,0,0,0,0,0,0,0,0,0,0
8,4,1011,0,5,2,5,11,0,0,0,0,0,0,0,0
0,0,0,0,0,0,0,0,0,0,0,0,0,0,0,0
0,0,0,0,0,0,0,0,0,0,0,0,0,0,0,0
10,6,4010,1,1,23,47,94,0,0,0,0,0,0,0,0
0,0,0,0,0,0,0,0,0,0,0,0,0,0,0,0
10,4,3440,1,0,102,204,409,0,0,0,0,0,0,0,0
3,4,810,1,15,80,161,323,0,0,0,0,0,0,0,0
10,6,2731,0,1,35,71,142,0,0,0,0,0,0,0,0
9,4,2831,1,4,107,215,431,0,0,0,0,0,0,0,0
10,5,3306,1,1,149,299,598,0,0,0,0,0,0,0,0
0,0,0,0,0,0,0,0,0,0,0,0,0,0,0,0
0,0,0,0,0,0,0,0,0,0,0,0,0,0,0,0
0,0,0,0,0,0,0,0,0,0,0,0,0,0,0,0
0,0,0,0,0,0,0,0,0,0,0,0,0,0,0,0
10,4,936,1,2,40,80,161,0,0,0,0,0,0,0,0
0,0,0,0,0,0,0,0,0,0,0,0,0,0,0,0
10,4,3135,1,0,19,38,77,0,0,0,0,0,0,0,0
10,5,762,1,0,60,121,243,0,0,0,0,0,0,0,0
9,5,3732,1,4,44,89,178,0,0,0,0,0,0,0,0
0,0,0,0,0,0,0,0,0,0,0,0,0,0,0,0
0,0,0,0,0,0,0,0,0,0,0,0,0,0,0,0
0,0,0,0,0,0,0,0,0,0,0,0,0,0,0,0
10,4,4035,1,0,153,306,613,0,0,0,0,0,0,0,0
10,6,4095,1,0,3,6,13,0,0,0,0,0,0,0,0
2,5,359,0,15,52,105,211,0,0,0,0,0,0,0,0
10,5,3242,1,1,117,235,470,0,0,0,0,0,0,0,0
0,0,0,0,0,0,0,0,0,0,0,0,0,0,0,0
10,4,3113,1,2,130,260,521,0,0,0,0,0,0,0,0
10,5,2723,0,1,103,207,414,0,0,0,0,0,0,0,0
10,6,4079,1,0,99,198,396,0,0,0,0,0,0,0,0
0,0,0,0,0,0,0,0,0,0,0,0,0,0,0,0
0,0,0,0,0,0,0,0,0,0,0,0,0,0,0,0
10,5,4092,0,0,138,276,553,0,0,0,0,0,0,0,0
3,5,933,1,15,54,108,217,0,0,0,0,0,0,0,0
0,0,0,0,0,0,0,0,0,0,0,0,0,0,0,0
0,0,0,0,0,0,0,0,0,0,0,0,0,0,0,0
0,0,0,0,0,0,0,0,0,0,0,0,0,0,0,0
0,0,0,0,0,0,0,0,0,0,0,0,0,0,0,0
0,0,0,0,0,0,0,0,0,0,0,0,0,0,0,0
3,6,2734,1,13,23,47,94,0,0,0,0,0,0,0,0
10,4,255,0,0,80,160,321,0,0,0,0,0,0,0,0
0,0,0,0,0,0,0,0,0,0,0,0,0,0,0,0
0,0,0,0,0,0,0,0,0,0,0,0,0,0,0,0
0,0,0,0,0,0,0,0,0,0,0,0,0,0,0,0
0,0,0,0,0,0,0,0,0,0,0,0,0,0,0,0
2,5,1019,0,13,104,208,416,0,0,0,0,0,0,0,0
10,4,3880,1,2,107,215,430,0,0,0,0,0,0,0,0
10,5,3898,1,1,102,205,411,0,0,0,0,0,0,0,0
10,6,2735,0,1,62,125,251,0,0,0,0,0,0,0,0
10,4,559,0,2,29,59,119,0,0,0,0,0,0,0,0
0,0,0,0,0,0,0,0,0,0,0,0,0,0,0,0
0,0,0,0,0,0,0,0,0,0,0,0,0,0,0,0
10,6,1711,0,2,43,87,174,0,0,0,0,0,0,0,0
0,0,0,0,0,0,0,0,0,0,0,0,0,0,0,0
6,5,2748,0,8,107,214,429,0,0,0,0,0,0,0,0
10,6,4095,1,0,130,260,521,0,0,0,0,0,0,0,0
10,4,3040,0,0,79,159,319,0,0,0,0,0,0,0,0
7,4,3274,1,8,61,122,245,0,0,0,0,0,0,0,0
0,0,0,0,0,0,0,0,0,0,0,0,0,0,0,0
0,0,0,0,0,0,0,0,0,0,0,0,0,0,0,0
10,6,4095,1,0,58,116,233,0,0,0,0,0,0,0,0
10,6,2735,0,1,151,303,607,0,0,0,0,0,0,0,0
9,5,3881,1,3,78,156,313,0,0,0,0,0,0,0,0
0,0,0,0,0,0,0,0,0,0,0,0,0,0,0,0
0,0,0,0,0,0,0,0,0,0,0,0,0,0,0,0
0,0,0,0,0,0,0,0,0,0,0,0,0,0,0,0
10,4,3040,0,0,112,225,451,0,0,0,0,0,0,0,0
0,0,0,0,0,0,0,0,0,0,0,0,0,0,0,0
10,5,1023,1,0,104,208,417,0,0,0,0,0,0,0,0
0,0,0,0,0,0,0,0,0,0,0,0,0,0,0,0
10,6,2986,1,0,49,98,197,0,0,0,0,0,0,0,0
0,0,0,0,0,0,0,0,0,0,0,0,0,0,0,0
10,4,2236,0,2,144,288,576,0,0,0,0,0,0,0,0
3,6,3754,1,14,76,153,306,0,0,0,0,0,0,0,0
0,0,0,0,0,0,0,0,0,0,0,0,0,0,0,0
10,6,3065,1,1,53,107,214,0,0,0,0,0,0,0,0
10,5,2618,0,0,116,233,466,0,0,0,0,0,0,0,0
5,6,4069,1,9,59,119,239,0,0,0,0,0,0,0,0
10,6,4095,1,0,32,64,129,0,0,0,0,0,0,0,0
0,0,0,0,0,0,0,0,0,0,0,0,0,0,0,0
0,0,0,0,0,0,0,0,0,0,0,0,0,0,0,0
10,5,441,1,0,147,294,588,0,0,0,0,0,0,0,0
0,0,0,0,0,0,0,0,0,0,0,0,0,0,0,0
0,0,0,0,0,0,0,0,0,0,0,0,0,0,0,0
0,0,0,0,0,0,0,0,0,0,0,0,0,0,0,0
10,5,4043,1,0,44,88,176,0,0,0,0,0,0,0,0
0,0,0,0,0,0,0,0,0,0,0,0,0,0,0,0
0,0,0,0,0,0,0,0,0,0,0,0,0,0,0,0
10,4,255,0,0,32,64,129,0,0,0,0,0,0,0,0
0,0,0,0,0,0,0,0,0,0,0,0,0,0,0,0
0,0,0,0,0,0,0,0,0,0,0,0,0,0,0,0
10,4,691,0,2,105,211,423,0,0,0,0,0,0,0,0
10,5,3064,0,0,76,152,304,0,0,0,0,0,0,0,0
10,6,4009,1,2,117,234,469,0,0,0,0,0,0,0,0
0,0,0,0,0,0,0,0,0,0,0,0,0,0,0,0
10,5,2732,0,1,15,31,63,0,0,0,0,0,0,0,0
0,0,0,0,0,0,0,0,0,0,0,0,0,0,0,0
5,6,3733,1,9,49,98,197,0,0,0,0,0,0,0,0
0,0,0,0,0,0,0,0,0,0,0,0,0,0,0,0
7,4,3279,1,6,146,293,587,0,0,0,0,0,0,0,0
0,0,0,0,0,0,0,0,0,0,0,0,0,0,0,0
0,0,0,0,0,0,0,0,0,0,0,0,0,0,0,0
10,5,3306,1,1,116,233,466,0,0,0,0,0,0,0,0
10,5,3626,1,1,85,171,342,0,0,0,0,0,0,0,0
10,4,3114,1,1,115,231,462,0,0,0,0,0,0,0,0
0,0,0,0,0,0,0,0,0,0,0,0,0,0,0,0
2,5,2950,0,12,5,10,20,0,0,0,0,0,0,0,0
0,0,0,0,0,0,0,0,0,0,0,0,0,0,0,0
0,0,0,0,0,0,0,0,0,0,0,0,0,0,0,0
0,0,0,0,0,0,0,0,0,0,0,0,0,0,0,0
0,0,0,0,0,0,0,0,0,0,0,0,0,0,0,0
10,4,675,0,2,32,65,130,0,0,0,0,0,0,0,0
0,0,0,0,0,0,0,0,0,0,0,0,0,0,0,0
0,0,0,0,0,0,0,0,0,0,0,0,0,0,0,0
0,0,0,0,0,0,0,0,0,0,0,0,0,0,0,0
10,5,441,1,0,147,294,588,0,0,0,0,0,0,0,0
0,0,0,0,0,0,0,0,0,0,0,0,0,0,0,0
0,0,0,0,0,0,0,0,0,0,0,0,0,0,0,0
10,5,1023,1,0,142,284,569,0,0,0,0,0,0,0,0
0,0,0,0,0,0,0,0,0,0,0,0,0,0,0,0
10,6,4095,1,0,104,208,417,0,0,0,0,0,0,0,0
0,0,0,0,0,0,0,0,0,0,0,0,0,0,0,0
10,6,3002,1,0,49,99,198,0,0,0,0,0,0,0,0
0,0,0,0,0,0,0,0,0,0,0,0,0,0,0,0
10,5,2222,0,0,143,287,574,0,0,0,0,0,0,0,0
9,4,969,1,4,103,207,414,0,0,0,0,0,0,0,0
10,6,3065,1,1,53,107,214,0,0,0,0,0,0,0,0
4,5,1724,0,9,107,214,429,0,0,0,0,0,0,0,0
0,0,0,0,0,0,0,0,0,0,0,0,0,0,0,0
10,4,1020,1,0,44,88,177,0,0,0,0,0,0,0,0
0,0,0,0,0,0,0,0,0,0,0,0,0,0,0,0
0,0,0,0,0,0,0,0,0,0,0,0,0,0,0,0
10,5,3903,0,0,104,208,417,0,0,0,0,0,0,0,0
0,0,0,0,0,0,0,0,0,0,0,0,0,0,0,0
10,6,2986,1,0,49,98,197,0,0,0,0,0,0,0,0
0,0,0,0,0,0,0,0,0,0,0,0,0,0,0,0
10,5,2303,0,1,94,188,377,0,0,0,0,0,0,0,0
10,5,3041,1,2,103,206,413,0,0,0,0,0,0,0,0
10,6,3065,1,1,53,107,214,0,0,0,0,0,0,0,0
6,5,2748,0,8,107,214,429,0,0,0,0,0,0,0,0
0,0,0,0,0,0,0,0,0,0,0,0,0,0,0,0
10,5,1134,0,2,6,12,24,0,0,0,0,0,0,0,0
10,4,555,0,1,44,89,178,0,0,0,0,0,0,0,0
0,0,0,0,0,0,0,0,0,0,0,0,0,0,0,0
0,0,0,0,0,0,0,0,0,0,0,0,0,0,0,0
3,4,4080,1,13,36,73,146,0,0,0,0,0,0,0,0
0,0,0,0,0,0,0,0,0,0,0,0,0,0,0,0
0,0,0,0,0,0,0,0,0,0,0,0,0,0,0,0
8,5,1327,0,3,155,311,622,0,0,0,0,0,0,0,0
8,5,1724,0,4,10,20,40,0,0,0,0,0,0,0,0
9,5,3973,1,3,79,158,316,0,0,0,0,0,0,0,0
0,0,0,0,0,0,0,0,0,0,0,0,0,0,0,0
4,5,3992,0,11,92,184,368,0,0,0,0,0,0,0,0
10,6,3838,1,0,151,302,604,0,0,0,0,0,0,0,0
10,6,3754,1,1,1,2,5,0,0,0,0,0,0,0,0
3,4,4080,1,13,36,73,146,0,0,0,0,0,0,0,0
10,6,4095,1,0,141,282,565,0,0,0,0,0,0,0,0
0,0,0,0,0,0,0,0,0,0,0,0,0,0,0,0
0,0,0,0,0,0,0,0,0,0,0,0,0,0,0,0
8,5,3242,0,4,36,73,147,8,4,111,0,5,155,310,621
0,0,0,0,0,0,0,0,0,0,0,0,0,0,0,0
10,5,3631,0,0,35,70,140,0,0,0,0,0,0,0,0
10,4,4044,0,0,36,72,145,0,0,0,0,0,0,0,0
2,6,2647,0,14,92,185,371,0,0,0,0,0,0,0,0
0,0,0,0,0,0,0,0,0,0,0,0,0,0,0,0
4,6,1387,0,9,108,217,434,0,0,0,0,0,0,0,0
0,0,0,0,0,0,0,0,0,0,0,0,0,0,0,0
5,4,508,1,11,104,208,416,0,0,0,0,0,0,0,0
9,4,932,1,4,91,182,364,0,0,0,0,0,0,0,0
7,4,970,1,8,16,32,65,0,0,0,0,0,0,0,0
3,4,4034,1,14,62,124,249,0,0,0,0,0,0,0,0
0,0,0,0,0,0,0,0,0,0,0,0,0,0,0,0
4,5,3668,0,10,5,10,21,0,0,0,0,0,0,0,0
10,4,2753,1,1,97,194,388,0,0,0,0,0,0,0,0
0,0,0,0,0,0,0,0,0,0,0,0,0,0,0,0
4,6,1387,0,9,108,217,434,0,0,0,0,0,0,0,0
0,0,0,0,0,0,0,0,0,0,0,0,0,0,0,0
0,0,0,0,0,0,0,0,0,0,0,0,0,0,0,0
0,0,0,0,0,0,0,0,0,0,0,0,0,0,0,0
0,0,0,0,0,0,0,0,0,0,0,0,0,0,0,0
0,0,0,0,0,0,0,0,0,0,0,0,0,0,0,0
10,6,4095,1,0,67,134,269,0,0,0,0,0,0,0,0
8,5,1423,0,3,53,107,214,0,0,0,0,0,0,0,0
4,5,3668,0,10,5,10,21,0,0,0,0,0,0,0,0
10,6,4095,1,0,30,60,121,0,0,0,0,0,0,0,0
0,0,0,0,0,0,0,0,0,0,0,0,0,0,0,0
10,4,2254,0,0,149,299,599,0,0,0,0,0,0,0,0
0,0,0,0,0,0,0,0,0,0,0,0,0,0,0,0
10,4,4040,1,2,6,13,27,0,0,0,0,0,0,0,0
10,5,4082,1,1,155,310,620,0,0,0,0,0,0,0,0
10,4,930,1,1,14,29,58,0,0,0,0,0,0,0,0
9,4,3728,1,4,22,44,89,0,0,0,0,0,0,0,0
10,6,2751,0,2,9,18,36,0,0,0,0,0,0,0,0
10,4,3304,1,2,20,41,82,0,0,0,0,0,0,0,0
0,0,0,0,0,0,0,0,0,0,0,0,0,0,0,0
10,6,2986,1,0,80,160,321,0,0,0,0,0,0,0,0
0,0,0,0,0,0,0,0,0,0,0,0,0,0,0,0
0,0,0,0,0,0,0,0,0,0,0,0,0,0,0,0
0,0,0,0,0,0,0,0,0,0,0,0,0,0,0,0
10,4,3891,0,0,80,160,321,0,0,0,0,0,0,0,0
10,5,4083,0,0,98,196,393,0,0,0,0,0,0,0,0
0,0,0,0,0,0,0,0,0,0,0,0,0,0,0,0
0,0,0,0,0,0,0,0,0,0,0,0,0,0,0,0
10,6,3754,1,1,39,78,157,0,0,0,0,0,0,0,0
0,0,0,0,0,0,0,0,0,0,0,0,0,0,0,0
10,6,2478,0,1,148,296,593,0,0,0,0,0,0,0,0
8,4,111,0,5,2,4,9,0,0,0,0,0,0,0,0
0,0,0,0,0,0,0,0,0,0,0,0,0,0,0,0
10,6,3754,1,1,155,310,621,0,0,0,0,0,0,0,0
9,4,3236,1,3,14,28,56,0,0,0,0,0,0,0,0
9,5,2287,1,4,22,45,90,0,0,0,0,0,0,0,0
10,6,2735,0,1,8,17,35,0,0,0,0,0,0,0,0
10,4,3890,1,1,21,42,84,0,0,0,0,0,0,0,0
0,0,0,0,0,0,0,0,0,0,0,0,0,0,0,0
10,5,2303,0,1,110,220,441,0,0,0,0,0,0,0,0
0,0,0,0,0,0,0,0,0,0,0,0,0,0,0,0
10,6,3071,0,1,88,176,353,0,0,0,0,0,0,0,0
0,0,0,0,0,0,0,0,0,0,0,0,0,0,0,0
0,0,0,0,0,0,0,0,0,0,0,0,0,0,0,0
0,0,0,0,0,0,0,0,0,0,0,0,0,0,0,0
0,0,0,0,0,0,0,0,0,0,0,0,0,0,0,0
0,0,0,0,0,0,0,0,0,0,0,0,0,0,0,0
10,6,4094,1,1,47,94,188,0,0,0,0,0,0,0,0
0,0,0,0,0,0,0,0,0,0,0,0,0,0,0,0
0,0,0,0,0,0,0,0,0,0,0,0,0,0,0,0
0,0,0,0,0,0,0,0,0,0,0,0,0,0,0,0
0,0,0,0,0,0,0,0,0,0,0,0,0,0,0,0
10,6,4090,1,1,87,175,351,0,0,0,0,0,0,0,0
0,0,0,0,0,0,0,0,0,0,0,0,0,0,0,0
7,6,4075,1,6,66,133,266,0,0,0,0,0,0,0,0
0,0,0,0,0,0,0,0,0,0,0,0,0,0,0,0
0,0,0,0,0,0,0,0,0,0,0,0,0,0,0,0
10,6,2815,0,1,80,160,320,0,0,0,0,0,0,0,0
0,0,0,0,0,0,0,0,0,0,0,0,0,0,0,0
0,0,0,0,0,0,0,0,0,0,0,0,0,0,0,0
10,6,4095,1,0,124,248,497,0,0,0,0,0,0,0,0
0,0,0,0,0,0,0,0,0,0,0,0,0,0,0,0
10,5,2239,0,1,88,176,352,0,0,0,0,0,0,0,0
0,0,0,0,0,0,0,0,0,0,0,0,0,0,0,0
0,0,0,0,0,0,0,0,0,0,0,0,0,0,0,0
0,0,0,0,0,0,0,0,0,0,0,0,0,0,0,0
10,6,2751,0,2,18,36,72,0,0,0,0,0,0,0,0
10,6,4095,1,0,16,32,65,0,0,0,0,0,0,0,0
0,0,0,0,0,0,0,0,0,0,0,0,0,0,0,0
0,0,0,0,0,0,0,0,0,0,0,0,0,0,0,0
8,5,431,0,4,79,159,318,0,0,0,0,0,0,0,0
10,6,2815,0,1,18,36,72,0,0,0,0,0,0,0,0
10,5,1195,0,2,112,224,449,0,0,0,0,0,0,0,0
0,0,0,0,0,0,0,0,0,0,0,0,0,0,0,0
0,0,0,0,0,0,0,0,0,0,0,0,0,0,0,0
0,0,0,0,0,0,0,0,0,0,0,0,0,0,0,0
0,0,0,0,0,0,0,0,0,0,0,0,0,0,0,0
0,0,0,0,0,0,0,0,0,0,0,0,0,0,0,0
0,0,0,0,0,0,0,0,0,0,0,0,0,0,0,0
10,4,2300,0,2,112,224,449,0,0,0,0,0,0,0,0
0,0,0,0,0,0,0,0,0,0,0,0,0,0,0,0
0,0,0,0,0,0,0,0,0,0,0,0,0,0,0,0
9,4,3205,1,3,88,177,355,0,0,0,0,0,0,0,0
0,0,0,0,0,0,0,0,0,0,0,0,0,0,0,0
0,0,0,0,0,0,0,0,0,0,0,0,0,0,0,0
0,0,0,0,0,0,0,0,0,0,0,0,0,0,0,0
0,0,0,0,0,0,0,0,0,0,0,0,0,0,0,0
5,4,1012,1,9,20,40,81,0,0,0,0,0,0,0,0
0,0,0,0,0,0,0,0,0,0,0,0,0,0,0,0
0,0,0,0,0,0,0,0,0,0,0,0,0,0,0,0
9,4,3728,1,4,1,2,5,0,0,0,0,0,0,0,0
7,6,2969,1,8,140,281,562,0,0,0,0,0,0,0,0
0,0,0,0,0,0,0,0,0,0,0,0,0,0,0,0
0,0,0,0,0,0,0,0,0,0,0,0,0,0,0,0
3,6,3673,1,15,117,235,471,0,0,0,0,0,0,0,0
10,6,3818,1,1,33,67,134,0,0,0,0,0,0,0,0
0,0,0,0,0,0,0,0,0,0,0,0,0,0,0,0
10,6,4095,1,0,113,226,453,0,0,0,0,0,0,0,0
0,0,0,0,0,0,0,0,0,0,0,0,0,0,0,0
10,5,4047,0,0,120,240,481,0,0,0,0,0,0,0,0
0,0,0,0,0,0,0,0,0,0,0,0,0,0,0,0
9,4,4000,1,3,91,182,365,0,0,0,0,0,0,0,0
10,6,4026,1,1,75,151,303,0,0,0,0,0,0,0,0
0,0,0,0,0,0,0,0,0,0,0,0,0,0,0,0
7,4,3884,1,6,135,271,543,0,0,0,0,0,0,0,0
3,6,3733,1,15,117,235,471,0,0,0,0,0,0,0,0
0,0,0,0,0,0,0,0,0,0,0,0,0,0,0,0
10,6,2734,0,0,113,227,454,0,0,0,0,0,0,0,0
10,6,4095,1,0,56,112,225,0,0,0,0,0,0,0,0
10,4,1667,0,2,120,241,482,0,0,0,0,0,0,0,0
0,0,0,0,0,0,0,0,0,0,0,0,0,0,0,0
10,4,3874,1,1,42,85,170,0,0,0,0,0,0,0,0
0,0,0,0,0,0,0,0,0,0,0,0,0,0,0,0
8,5,431,0,4,119,239,478,0,0,0,0,0,0,0,0
10,5,3898,1,1,86,173,347,0,0,0,0,0,0,0,0
0,0,0,0,0,0,0,0,0,0,0,0,0,0,0,0
0,0,0,0,0,0,0,0,0,0,0,0,0,0,0,0
0,0,0,0,0,0,0,0,0,0,0,0,0,0,0,0
0,0,0,0,0,0,0,0,0,0,0,0,0,0,0,0
10,5,1512,0,2,119,238,477,0,0,0,0,0,0,0,0
10,6,3770,1,0,60,121,242,0,0,0,0,0,0,0,0
10,6,4095,1,0,106,212,425,0,0,0,0,0,0,0,0
10,6,4094,1,1,49,98,196,0,0,0,0,0,0,0,0
0,0,0,0,0,0,0,0,0,0,0,0,0,0,0,0
0,0,0,0,0,0,0,0,0,0,0,0,0,0,0,0
0,0,0,0,0,0,0,0,0,0,0,0,0,0,0,0
10,5,4092,0,0,148,296,593,0,0,0,0,0,0,0,0
0,0,0,0,0,0,0,0,0,0,0,0,0,0,0,0
10,5,3018,1,0,100,201,402,0,0,0,0,0,0,0,0
7,6,4074,1,8,77,154,309,0,0,0,0,0,0,0,0
10,5,3327,1,0,13,26,53,0,0,0,0,0,0,0,0
10,4,684,0,2,108,217,435,0,0,0,0,0,0,0,0
2,6,1631,0,15,102,204,409,0,0,0,0,0,0,0,0
0,0,0,0,0,0,0,0,0,0,0,0,0,0,0,0
0,0,0,0,0,0,0,0,0,0,0,0,0,0,0,0
0,0,0,0,0,0,0,0,0,0,0,0,0,0,0,0
10,4,4044,0,0,148,296,593,0,0,0,0,0,0,0,0
0,0,0,0,0,0,0,0,0,0,0,0,0,0,0,0
10,5,2298,1,0,100,201,403,0,0,0,0,0,0,0,0
0,0,0,0,0,0,0,0,0,0,0,0,0,0,0,0
7,5,3306,1,8,69,138,277,0,0,0,0,0,0,0,0
10,4,684,0,2,108,217,435,0,0,0,0,0,0,0,0
2,4,251,0,12,101,202,404,0,0,0,0,0,0,0,0
0,0,0,0,0,0,0,0,0,0,0,0,0,0,0,0
0,0,0,0,0,0,0,0,0,0,0,0,0,0,0,0
0,0,0,0,0,0,0,0,0,0,0,0,0,0,0,0
10,4,3720,1,1,98,196,393,0,0,0,0,0,0,0,0
9,4,839,1,5,34,69,139,0,0,0,0,0,0,0,0
10,6,3818,1,1,61,123,246,0,0,0,0,0,0,0,0
0,0,0,0,0,0,0,0,0,0,0,0,0,0,0,0
0,0,0,0,0,0,0,0,0,0,0,0,0,0,0,0
0,0,0,0,0,0,0,0,0,0,0,0,0,0,0,0
0,0,0,0,0,0,0,0,0,0,0,0,0,0,0,0
10,6,4026,1,1,142,285,571,0,0,0,0,0,0,0,0
0,0,0,0,0,0,0,0,0,0,0,0,0,0,0,0
8,6,1455,0,3,47,95,190,0,0,0,0,0,0,0,0
0,0,0,0,0,0,0,0,0,0,0,0,0,0,0,0
0,0,0,0,0,0,0,0,0,0,0,0,0,0,0,0
0,0,0,0,0,0,0,0,0,0,0,0,0,0,0,0
0,0,0,0,0,0,0,0,0,0,0,0,0,0,0,0
0,0,0,0,0,0,0,0,0,0,0,0,0,0,0,0
0,0,0,0,0,0,0,0,0,0,0,0,0,0,0,0
0,0,0,0,0,0,0,0,0,0,0,0,0,0,0,0
10,5,3722,1,1,51,102,205,0,0,0,0,0,0,0,0
0,0,0,0,0,0,0,0,0,0,0,0,0,0,0,0
0,0,0,0,0,0,0,0,0,0,0,0,0,0,0,0
0,0,0,0,0,0,0,0,0,0,0,0,0,0,0,0
0,0,0,0,0,0,0,0,0,0,0,0,0,0,0,0
10,6,3839,0,0,29,58,117,0,0,0,0,0,0,0,0
10,5,3882,1,1,66,133,266,0,0,0,0,0,0,0,0
10,6,2746,0,0,92,185,370,0,0,0,0,0,0,0,0
8,5,3982,0,5,155,310,621,0,0,0,0,0,0,0,0
8,6,4026,0,4,11,22,44,0,0,0,0,0,0,0,0
0,0,0,0,0,0,0,0,0,0,0,0,0,0,0,0
0,0,0,0,0,0,0,0,0,0,0,0,0,0,0,0
0,0,0,0,0,0,0,0,0,0,0,0,0,0,0,0
10,6,1371,0,2,96,192,384,0,0,0,0,0,0,0,0
10,4,3874,1,1,66,133,266,0,0,0,0,0,0,0,0
0,0,0,0,0,0,0,0,0,0,0,0,0,0,0,0
10,6,4074,1,2,7,15,31,0,0,0,0,0,0,0,0
0,0,0,0,0,0,0,0,0,0,0,0,0,0,0,0
0,0,0,0,0,0,0,0,0,0,0,0,0,0,0,0
0,0,0,0,0,0,0,0,0,0,0,0,0,0,0,0
0,0,0,0,0,0,0,0,0,0,0,0,0,0,0,0
2,5,1675,0,15,74,148,297,0,0,0,0,0,0,0,0
10,5,4088,1,1,156,312,624,0,0,0,0,0,0,0,0
10,4,3274,1,1,7,15,31,0,0,0,0,0,0,0,0
0,0,0,0,0,0,0,0,0,0,0,0,0,0,0,0
0,0,0,0,0,0,0,0,0,0,0,0,0,0,0,0
0,0,0,0,0,0,0,0,0,0,0,0,0,0,0,0
2,4,1276,0,15,74,148,296,0,0,0,0,0,0,0,0
0,0,0,0,0,0,0,0,0,0,0,0,0,0,0,0
0,0,0,0,0,0,0,0,0,0,0,0,0,0,0,0
0,0,0,0,0,0,0,0,0,0,0,0,0,0,0,0
0,0,0,0,0,0,0,0,0,0,0,0,0,0,0,0
10,6,4095,1,0,146,292,585,0,0,0,0,0,0,0,0
0,0,0,0,0,0,0,0,0,0,0,0,0,0,0,0
8,5,1443,0,3,138,277,554,0,0,0,0,0,0,0,0
0,0,0,0,0,0,0,0,0,0,0,0,0,0,0,0
10,5,1023,1,0,19,38,77,0,0,0,0,0,0,0,0
10,5,1018,1,2,61,122,244,0,0,0,0,0,0,0,0
9,6,3733,1,3,44,89,179,0,0,0,0,0,0,0,0
10,5,2283,0,0,103,207,415,0,0,0,0,0,0,0,0
0,0,0,0,0,0,0,0,0,0,0,0,0,0,0,0
0,0,0,0,0,0,0,0,0,0,0,0,0,0,0,0
0,0,0,0,0,0,0,0,0,0,0,0,0,0,0,0
0,0,0,0,0,0,0,0,0,0,0,0,0,0,0,0
0,0,0,0,0,0,0,0,0,0,0,0,0,0,0,0
0,0,0,0,0,0,0,0,0,0,0,0,0,0,0,0
0,0,0,0,0,0,0,0,0,0,0,0,0,0,0,0
0,0,0,0,0,0,0,0,0,0,0,0,0,0,0,0
10,6,3834,1,1,60,121,243,0,0,0,0,0,0,0,0
0,0,0,0,0,0,0,0,0,0,0,0,0,0,0,0
0,0,0,0,0,0,0,0,0,0,0,0,0,0,0,0
0,0,0,0,0,0,0,0,0,0,0,0,0,0,0,0
7,4,936,1,7,154,308,616,0,0,0,0,0,0,0,0
9,5,4092,1,5,75,150,300,0,0,0,0,0,0,0,0
0,0,0,0,0,0,0,0,0,0,0,0,0,0,0,0
8,4,3900,0,5,44,89,178,0,0,0,0,0,0,0,0
0,0,0,0,0,0,0,0,0,0,0,0,0,0,0,0
0,0,0,0,0,0,0,0,0,0,0,0,0,0,0,0
10,5,767,0,1,39,78,156,0,0,0,0,0,0,0,0
10,6,2751,0,2,63,126,252,0,0,0,0,0,0,0,0
10,4,684,0,2,29,59,119,0,0,0,0,0,0,0,0
0,0,0,0,0,0,0,0,0,0,0,0,0,0,0,0
8,4,428,0,4,4,9,18,0,0,0,0,0,0,0,0
10,4,684,0,2,43,87,175,0,0,0,0,0,0,0,0
9,4,4000,1,3,123,246,493,0,0,0,0,0,0,0,0
9,5,4092,1,5,75,150,300,0,0,0,0,0,0,0,0
0,0,0,0,0,0,0,0,0,0,0,0,0,0,0,0
8,4,3314,0,4,44,88,177,0,0,0,0,0,0,0,0
0,0,0,0,0,0,0,0,0,0,0,0,0,0,0,0
0,0,0,0,0,0,0,0,0,0,0,0,0,0,0,0
10,5,767,0,1,39,78,156,0,0,0,0,0,0,0,0
10,6,2735,0,1,18,37,75,0,0,0,0,0,0,0,0
0,0,0,0,0,0,0,0,0,0,0,0,0,0,0,0
10,4,1571,0,2,29,59,118,0,0,0,0,0,0,0,0
0,0,0,0,0,0,0,0,0,0,0,0,0,0,0,0
0,0,0,0,0,0,0,0,0,0,0,0,0,0,0,0
8,4,428,0,4,4,9,18,0,0,0,0,0,0,0,0
10,5,2703,0,1,77,155,311,0,0,0,0,0,0,0,0
9,4,3873,1,3,123,246,493,0,0,0,0,0,0,0,0
10,6,3839,0,0,39,78,157,0,0,0,0,0,0,0,0
10,5,1023,1,0,96,192,385,0,0,0,0,0,0,0,0
10,6,2731,0,1,130,261,522,0,0,0,0,0,0,0,0
10,5,2812,0,2,152,304,609,0,0,0,0,0,0,0,0
10,5,2766,0,0,15,31,63,0,0,0,0,0,0,0,0
9,5,2792,1,5,31,62,125,0,0,0,0,0,0,0,0
10,6,1710,0,1,64,128,257,0,0,0,0,0,0,0,0
0,0,0,0,0,0,0,0,0,0,0,0,0,0,0,0
10,6,4095,1,0,18,36,73,0,0,0,0,0,0,0,0
0,0,0,0,0,0,0,0,0,0,0,0,0,0,0,0
10,6,1451,0,2,39,78,157,0,0,0,0,0,0,0,0
0,0,0,0,0,0,0,0,0,0,0,0,0,0,0,0
10,4,1011,0,0,61,122,245,0,0,0,0,0,0,0,0
5,6,1470,1,10,61,123,246,0,0,0,0,0,0,0,0
0,0,0,0,0,0,0,0,0,0,0,0,0,0,0,0
10,5,1023,1,0,119,238,477,0,0,0,0,0,0,0,0
10,4,575,0,2,43,86,172,0,0,0,0,0,0,0,0
0,0,0,0,0,0,0,0,0,0,0,0,0,0,0,0
10,5,2723,0,1,130,261,522,0,0,0,0,0,0,0,0
0,0,0,0,0,0,0,0,0,0,0,0,0,0,0,0
0,0,0,0,0,0,0,0,0,0,0,0,0,0,0,0
10,6,2751,0,2,152,304,608,0,0,0,0,0,0,0,0
0,0,0,0,0,0,0,0,0,0,0,0,0,0,0,0
0,0,0,0,0,0,0,0,0,0,0,0,0,0,0,0
10,6,2815,0,1,68,136,272,0,0,0,0,0,0,0,0
10,6,2478,0,1,112,224,449,0,0,0,0,0,0,0,0
0,0,0,0,0,0,0,0,0,0,0,0,0,0,0,0
0,0,0,0,0,0,0,0,0,0,0,0,0,0,0,0
0,0,0,0,0,0,0,0,0,0,0,0,0,0,0,0
10,6,2731,0,1,126,253,506,0,0,0,0,0,0,0,0
3,6,3733,1,15,117,235,471,0,0,0,0,0,0,0,0
0,0,0,0,0,0,0,0,0,0,0,0,0,0,0,0
10,6,4095,1,0,113,226,453,0,0,0,0,0,0,0,0
0,0,0,0,0,0,0,0,0,0,0,0,0,0,0,0
10,5,2723,0,1,120,241,482,0,0,0,0,0,0,0,0
0,0,0,0,0,0,0,0,0,0,0,0,0,0,0,0
0,0,0,0,0,0,0,0,0,0,0,0,0,0,0,0
7,5,4076,1,6,135,271,543,0,0,0,0,0,0,0,0
0,0,0,0,0,0,0,0,0,0,0,0,0,0,0,0
3,6,3753,1,15,94,188,377,0,0,0,0,0,0,0,0
10,6,4095,1,0,152,304,609,0,0,0,0,0,0,0,0
10,5,1019,1,0,2,4,8,0,0,0,0,0,0,0,0
10,6,2751,0,2,68,136,272,0,0,0,0,0,0,0,0
8,5,427,0,3,54,108,217,0,0,0,0,0,0,0,0
10,5,2803,0,1,145,290,580,0,0,0,0,0,0,0,0
0,0,0,0,0,0,0,0,0,0,0,0,0,0,0,0
0,0,0,0,0,0,0,0,0,0,0,0,0,0,0,0
0,0,0,0,0,0,0,0,0,0,0,0,0,0,0,0
10,5,4082,1,1,101,202,404,0,0,0,0,0,0,0,0
0,0,0,0,0,0,0,0,0,0,0,0,0,0,0,0
7,4,970,1,8,69,138,277,0,0,0,0,0,0,0,0
10,4,684,0,2,108,217,435,0,0,0,0,0,0,0,0
2,4,595,0,15,101,203,407,0,0,0,0,0,0,0,0
0,0,0,0,0,0,0,0,0,0,0,0,0,0,0,0
0,0,0,0,0,0,0,0,0,0,0,0,0,0,0,0
6,4,2111,0,8,29,58,117,0,0,0,0,0,0,0,0
0,0,0,0,0,0,0,0,0,0,0,0,0,0,0,0
10,4,559,0,2,60,121,243,0,0,0,0,0,0,0,0
10,5,3306,1,1,107,215,430,0,0,0,0,0,0,0,0
0,0,0,0,0,0,0,0,0,0,0,0,0,0,0,0
0,0,0,0,0,0,0,0,0,0,0,0,0,0,0,0
0,0,0,0,0,0,0,0,0,0,0,0,0,0,0,0
0,0,0,0,0,0,0,0,0,0,0,0,0,0,0,0
5,6,1470,1,10,61,123,246,0,0,0,0,0,0,0,0
0,0,0,0,0,0,0,0,0,0,0,0,0,0,0,0
10,4,574,0,0,42,85,171,0,0,0,0,0,0,0,0
10,5,2767,0,1,34,68,136,0,0,0,0,0,0,0,0
8,6,4026,0,4,87,174,348,0,0,0,0,0,0,0,0
0,0,0,0,0,0,0,0,0,0,0,0,0,0,0,0
9,6,3070,1,5,134,269,538,0,0,0,0,0,0,0,0
0,0,0,0,0,0,0,0,0,0,0,0,0,0,0,0
10,5,3898,1,1,144,289,579,0,0,0,0,0,0,0,0
6,4,2700,0,8,29,58,117,0,0,0,0,0,0,0,0
0,0,0,0,0,0,0,0,0,0,0,0,0,0,0,0
0,0,0,0,0,0,0,0,0,0,0,0,0,0,0,0
10,6,4074,1,2,107,215,431,0,0,0,0,0,0,0,0
9,4,932,1,4,13,26,52,0,0,0,0,0,0,0,0
0,0,0,0,0,0,0,0,0,0,0,0,0,0,0,0
10,4,3900,0,0,156,312,625,0,0,0,0,0,0,0,0
10,5,4042,1,1,7,15,31,0,0,0,0,0,0,0,0
0,0,0,0,0,0,0,0,0,0,0,0,0,0,0,0
0,0,0,0,0,0,0,0,0,0,0,0,0,0,0,0
0,0,0,0,0,0,0,0,0,0,0,0,0,0,0,0
0,0,0,0,0,0,0,0,0,0,0,0,0,0,0,0
10,5,4092,0,0,22,44,89,0,0,0,0,0,0,0,0
0,0,0,0,0,0,0,0,0,0,0,0,0,0,0,0
0,0,0,0,0,0,0,0,0,0,0,0,0,0,0,0
10,5,3242,1,1,69,139,278,0,0,0,0,0,0,0,0
0,0,0,0,0,0,0,0,0,0,0,0,0,0,0,0
0,0,0,0,0,0,0,0,0,0,0,0,0,0,0,0
0,0,0,0,0,0,0,0,0,0,0,0,0,0,0,0
5,5,3732,1,9,25,50,101,0,0,0,0,0,0,0,0
10,5,2732,0,1,107,215,431,0,0,0,0,0,0,0,0
10,4,3315,0,0,152,304,609,0,0,0,0,0,0,0,0
10,5,2732,0,1,3,7,15,0,0,0,0,0,0,0,0
0,0,0,0,0,0,0,0,0,0,0,0,0,0,0,0
8,4,419,0,3,5,10,21,0,0,0,0,0,0,0,0
0,0,0,0,0,0,0,0,0,0,0,0,0,0,0,0
9,5,937,1,3,121,242,485,0,0,0,0,0,0,0,0
10,5,3327,1,0,107,214,429,0,0,0,0,0,0,0,0
10,4,3714,1,1,88,176,353,0,0,0,0,0,0,0,0
9,6,3070,1,5,134,269,538,0,0,0,0,0,0,0,0
10,4,4044,0,0,157,314,629,0,0,0,0,0,0,0,0
10,5,3068,0,1,5,10,21,0,0,0,0,0,0,0,0
9,5,937,1,3,121,242,485,0,0,0,0,0,0,0,0
0,0,0,0,0,0,0,0,0,0,0,0,0,0,0,0
7,5,4067,1,6,107,215,430,0,0,0,0,0,0,0,0
0,0,0,0,0,0,0,0,0,0,0,0,0,0,0,0
0,0,0,0,0,0,0,0,0,0,0,0,0,0,0,0
0,0,0,0,0,0,0,0,0,0,0,0,0,0,0,0
10,5,3625,1,2,40,80,160,0,0,0,0,0,0,0,0
0,0,0,0,0,0,0,0,0,0,0,0,0,0,0,0
0,0,0,0,0,0,0,0,0,0,0,0,0,0,0,0
10,6,4090,1,1,60,121,243,0,0,0,0,0,0,0,0
9,4,3205,1,3,44,89,179,0,0,0,0,0,0,0,0
0,0,0,0,0,0,0,0,0,0,0,0,0,0,0,0
10,5,3327,1,0,103,206,413,0,0,0,0,0,0,0,0
0,0,0,0,0,0,0,0,0,0,0,0,0,0,0,0
0,0,0,0,0,0,0,0,0,0,0,0,0,0,0,0
0,0,0,0,0,0,0,0,0,0,0,0,0,0,0,0
0,0,0,0,0,0,0,0,0,0,0,0,0,0,0,0
0,0,0,0,0,0,0,0,0,0,0,0,0,0,0,0
